<?xml version="1.0" encoding="UTF-8"?>
<gpx creator="StravaGPX" version="1.1" xmlns="http://www.topografix.com/GPX/1/1" xmlns:gpxtpx="http://www.garmin.com/xmlschemas/TrackPointExtension/v1">
<metadata><time>2026-03-08T08:15:00Z</time></metadata>
<trk><name>Example long run</name><type>running</type><trkseg>
<trkpt lat="52.3150004" lon="4.8730645"><ele>2.4</ele><time>2026-03-08T08:15:00Z</time><extensions><gpxtpx:TrackPointExtension><gpxtpx:hr>117</gpxtpx:hr><gpxtpx:cad>83</gpxtpx:cad></gpxtpx:TrackPointExtension></extensions></trkpt>
<trkpt lat="52.3150627" lon="4.8730944"><ele>2.4</ele><time>2026-03-08T08:15:03Z</time><extensions><gpxtpx:TrackPointExtension><gpxtpx:hr>117</gpxtpx:hr><gpxtpx:cad>84</gpxtpx:cad></gpxtpx:TrackPointExtension></extensions></trkpt>
<trkpt lat="52.3151277" lon="4.8731125"><ele>2.5</ele><time>2026-03-08T08:15:06Z</time><extensions><gpxtpx:TrackPointExtension><gpxtpx:hr>118</gpxtpx:hr><gpxtpx:cad>82</gpxtpx:cad></gpxtpx:TrackPointExtension></extensions></trkpt>
<trkpt lat="52.3151964" lon="4.8731658"><ele>2.5</ele><time>2026-03-08T08:15:09Z</time><extensions><gpxtpx:TrackPointExtension><gpxtpx:hr>117</gpxtpx:hr><gpxtpx:cad>82</gpxtpx:cad></gpxtpx:TrackPointExtension></extensions></trkpt>
<trkpt lat="52.3152727" lon="4.8731924"><ele>2.5</ele><time>2026-03-08T08:15:12Z</time><extensions><gpxtpx:TrackPointExtension><gpxtpx:hr>117</gpxtpx:hr><gpxtpx:cad>82</gpxtpx:cad></gpxtpx:TrackPointExtension></extensions></trkpt>
<trkpt lat="52.3153330" lon="4.8731975"><ele>2.5</ele><time>2026-03-08T08:15:15Z</time><extensions><gpxtpx:TrackPointExtension><gpxtpx:hr>118</gpxtpx:hr><gpxtpx:cad>83</gpxtpx:cad></gpxtpx:TrackPointExtension></extensions></trkpt>
<trkpt lat="52.3153868" lon="4.8732491"><ele>2.6</ele><time>2026-03-08T08:15:18Z</time><extensions><gpxtpx:TrackPointExtension><gpxtpx:hr>119</gpxtpx:hr><gpxtpx:cad>83</gpxtpx:cad></gpxtpx:TrackPointExtension></extensions></trkpt>
<trkpt lat="52.3154750" lon="4.8732929"><ele>2.6</ele><time>2026-03-08T08:15:21Z</time><extensions><gpxtpx:TrackPointExtension><gpxtpx:hr>120</gpxtpx:hr><gpxtpx:cad>83</gpxtpx:cad></gpxtpx:TrackPointExtension></extensions></trkpt>
<trkpt lat="52.3155544" lon="4.8732833"><ele>2.6</ele><time>2026-03-08T08:15:24Z</time><extensions><gpxtpx:TrackPointExtension><gpxtpx:hr>121</gpxtpx:hr><gpxtpx:cad>83</gpxtpx:cad></gpxtpx:TrackPointExtension></extensions></trkpt>
<trkpt lat="52.3156219" lon="4.8733281"><ele>2.7</ele><time>2026-03-08T08:15:27Z</time><extensions><gpxtpx:TrackPointExtension><gpxtpx:hr>121</gpxtpx:hr><gpxtpx:cad>84</gpxtpx:cad></gpxtpx:TrackPointExtension></extensions></trkpt>
<trkpt lat="52.3156742" lon="4.8733463"><ele>2.7</ele><time>2026-03-08T08:15:30Z</time><extensions><gpxtpx:TrackPointExtension><gpxtpx:hr>121</gpxtpx:hr><gpxtpx:cad>83</gpxtpx:cad></gpxtpx:TrackPointExtension></extensions></trkpt>
<trkpt lat="52.3157698" lon="4.8733511"><ele>2.7</ele><time>2026-03-08T08:15:33Z</time><extensions><gpxtpx:TrackPointExtension><gpxtpx:hr>121</gpxtpx:hr><gpxtpx:cad>84</gpxtpx:cad></gpxtpx:TrackPointExtension></extensions></trkpt>
<trkpt lat="52.3158355" lon="4.8733743"><ele>2.8</ele><time>2026-03-08T08:15:36Z</time><extensions><gpxtpx:TrackPointExtension><gpxtpx:hr>121</gpxtpx:hr><gpxtpx:cad>84</gpxtpx:cad></gpxtpx:TrackPointExtension></extensions></trkpt>
<trkpt lat="52.3159122" lon="4.8734242"><ele>2.8</ele><time>2026-03-08T08:15:39Z</time><extensions><gpxtpx:TrackPointExtension><gpxtpx:hr>122</gpxtpx:hr><gpxtpx:cad>84</gpxtpx:cad></gpxtpx:TrackPointExtension></extensions></trkpt>
<trkpt lat="52.3159643" lon="4.8734430"><ele>2.8</ele><time>2026-03-08T08:15:42Z</time><extensions><gpxtpx:TrackPointExtension><gpxtpx:hr>122</gpxtpx:hr><gpxtpx:cad>82</gpxtpx:cad></gpxtpx:TrackPointExtension></extensions></trkpt>
<trkpt lat="52.3160555" lon="4.8734505"><ele>2.9</ele><time>2026-03-08T08:15:45Z</time><extensions><gpxtpx:TrackPointExtension><gpxtpx:hr>122</gpxtpx:hr><gpxtpx:cad>83</gpxtpx:cad></gpxtpx:TrackPointExtension></extensions></trkpt>
<trkpt lat="52.3161172" lon="4.8734592"><ele>2.9</ele><time>2026-03-08T08:15:48Z</time><extensions><gpxtpx:TrackPointExtension><gpxtpx:hr>123</gpxtpx:hr><gpxtpx:cad>82</gpxtpx:cad></gpxtpx:TrackPointExtension></extensions></trkpt>
<trkpt lat="52.3161790" lon="4.8734756"><ele>2.9</ele><time>2026-03-08T08:15:51Z</time><extensions><gpxtpx:TrackPointExtension><gpxtpx:hr>123</gpxtpx:hr><gpxtpx:cad>85</gpxtpx:cad></gpxtpx:TrackPointExtension></extensions></trkpt>
<trkpt lat="52.3162634" lon="4.8735132"><ele>2.9</ele><time>2026-03-08T08:15:54Z</time><extensions><gpxtpx:TrackPointExtension><gpxtpx:hr>124</gpxtpx:hr><gpxtpx:cad>83</gpxtpx:cad></gpxtpx:TrackPointExtension></extensions></trkpt>
<trkpt lat="52.3163192" lon="4.8735346"><ele>3.0</ele><time>2026-03-08T08:15:57Z</time><extensions><gpxtpx:TrackPointExtension><gpxtpx:hr>123</gpxtpx:hr><gpxtpx:cad>84</gpxtpx:cad></gpxtpx:TrackPointExtension></extensions></trkpt>
<trkpt lat="52.3164091" lon="4.8735213"><ele>3.0</ele><time>2026-03-08T08:16:00Z</time><extensions><gpxtpx:TrackPointExtension><gpxtpx:hr>124</gpxtpx:hr><gpxtpx:cad>84</gpxtpx:cad></gpxtpx:TrackPointExtension></extensions></trkpt>
<trkpt lat="52.3164681" lon="4.8735469"><ele>3.0</ele><time>2026-03-08T08:16:03Z</time><extensions><gpxtpx:TrackPointExtension><gpxtpx:hr>125</gpxtpx:hr><gpxtpx:cad>83</gpxtpx:cad></gpxtpx:TrackPointExtension></extensions></trkpt>
<trkpt lat="52.3165503" lon="4.8735264"><ele>3.1</ele><time>2026-03-08T08:16:06Z</time><extensions><gpxtpx:TrackPointExtension><gpxtpx:hr>126</gpxtpx:hr><gpxtpx:cad>84</gpxtpx:cad></gpxtpx:TrackPointExtension></extensions></trkpt>
<trkpt lat="52.3166209" lon="4.8735475"><ele>3.1</ele><time>2026-03-08T08:16:09Z</time><extensions><gpxtpx:TrackPointExtension><gpxtpx:hr>127</gpxtpx:hr><gpxtpx:cad>83</gpxtpx:cad></gpxtpx:TrackPointExtension></extensions></trkpt>
<trkpt lat="52.3167018" lon="4.8735573"><ele>3.1</ele><time>2026-03-08T08:16:12Z</time><extensions><gpxtpx:TrackPointExtension><gpxtpx:hr>128</gpxtpx:hr><gpxtpx:cad>83</gpxtpx:cad></gpxtpx:TrackPointExtension></extensions></trkpt>
<trkpt lat="52.3167601" lon="4.8735484"><ele>3.1</ele><time>2026-03-08T08:16:15Z</time><extensions><gpxtpx:TrackPointExtension><gpxtpx:hr>128</gpxtpx:hr><gpxtpx:cad>83</gpxtpx:cad></gpxtpx:TrackPointExtension></extensions></trkpt>
<trkpt lat="52.3168470" lon="4.8735613"><ele>3.2</ele><time>2026-03-08T08:16:18Z</time><extensions><gpxtpx:TrackPointExtension><gpxtpx:hr>127</gpxtpx:hr><gpxtpx:cad>82</gpxtpx:cad></gpxtpx:TrackPointExtension></extensions></trkpt>
<trkpt lat="52.3169116" lon="4.8735624"><ele>3.2</ele><time>2026-03-08T08:16:21Z</time><extensions><gpxtpx:TrackPointExtension><gpxtpx:hr>127</gpxtpx:hr><gpxtpx:cad>83</gpxtpx:cad></gpxtpx:TrackPointExtension></extensions></trkpt>
<trkpt lat="52.3169832" lon="4.8735863"><ele>3.2</ele><time>2026-03-08T08:16:24Z</time><extensions><gpxtpx:TrackPointExtension><gpxtpx:hr>127</gpxtpx:hr><gpxtpx:cad>83</gpxtpx:cad></gpxtpx:TrackPointExtension></extensions></trkpt>
<trkpt lat="52.3170530" lon="4.8736087"><ele>3.2</ele><time>2026-03-08T08:16:27Z</time><extensions><gpxtpx:TrackPointExtension><gpxtpx:hr>127</gpxtpx:hr><gpxtpx:cad>83</gpxtpx:cad></gpxtpx:TrackPointExtension></extensions></trkpt>
<trkpt lat="52.3171428" lon="4.8735724"><ele>3.3</ele><time>2026-03-08T08:16:30Z</time><extensions><gpxtpx:TrackPointExtension><gpxtpx:hr>127</gpxtpx:hr><gpxtpx:cad>83</gpxtpx:cad></gpxtpx:TrackPointExtension></extensions></trkpt>
<trkpt lat="52.3172158" lon="4.8735867"><ele>3.3</ele><time>2026-03-08T08:16:33Z</time><extensions><gpxtpx:TrackPointExtension><gpxtpx:hr>128</gpxtpx:hr><gpxtpx:cad>83</gpxtpx:cad></gpxtpx:TrackPointExtension></extensions></trkpt>
<trkpt lat="52.3172830" lon="4.8735982"><ele>3.3</ele><time>2026-03-08T08:16:36Z</time><extensions><gpxtpx:TrackPointExtension><gpxtpx:hr>129</gpxtpx:hr><gpxtpx:cad>83</gpxtpx:cad></gpxtpx:TrackPointExtension></extensions></trkpt>
<trkpt lat="52.3173517" lon="4.8735782"><ele>3.4</ele><time>2026-03-08T08:16:39Z</time><extensions><gpxtpx:TrackPointExtension><gpxtpx:hr>128</gpxtpx:hr><gpxtpx:cad>84</gpxtpx:cad></gpxtpx:TrackPointExtension></extensions></trkpt>
<trkpt lat="52.3174308" lon="4.8735883"><ele>3.4</ele><time>2026-03-08T08:16:42Z</time><extensions><gpxtpx:TrackPointExtension><gpxtpx:hr>129</gpxtpx:hr><gpxtpx:cad>83</gpxtpx:cad></gpxtpx:TrackPointExtension></extensions></trkpt>
<trkpt lat="52.3174994" lon="4.8735779"><ele>3.4</ele><time>2026-03-08T08:16:45Z</time><extensions><gpxtpx:TrackPointExtension><gpxtpx:hr>129</gpxtpx:hr><gpxtpx:cad>84</gpxtpx:cad></gpxtpx:TrackPointExtension></extensions></trkpt>
<trkpt lat="52.3175856" lon="4.8735910"><ele>3.4</ele><time>2026-03-08T08:16:48Z</time><extensions><gpxtpx:TrackPointExtension><gpxtpx:hr>130</gpxtpx:hr><gpxtpx:cad>84</gpxtpx:cad></gpxtpx:TrackPointExtension></extensions></trkpt>
<trkpt lat="52.3176562" lon="4.8735568"><ele>3.4</ele><time>2026-03-08T08:16:51Z</time><extensions><gpxtpx:TrackPointExtension><gpxtpx:hr>130</gpxtpx:hr><gpxtpx:cad>83</gpxtpx:cad></gpxtpx:TrackPointExtension></extensions></trkpt>
<trkpt lat="52.3177306" lon="4.8735533"><ele>3.5</ele><time>2026-03-08T08:16:54Z</time><extensions><gpxtpx:TrackPointExtension><gpxtpx:hr>130</gpxtpx:hr><gpxtpx:cad>83</gpxtpx:cad></gpxtpx:TrackPointExtension></extensions></trkpt>
<trkpt lat="52.3178098" lon="4.8735421"><ele>3.5</ele><time>2026-03-08T08:16:57Z</time><extensions><gpxtpx:TrackPointExtension><gpxtpx:hr>130</gpxtpx:hr><gpxtpx:cad>84</gpxtpx:cad></gpxtpx:TrackPointExtension></extensions></trkpt>
<trkpt lat="52.3178648" lon="4.8735410"><ele>3.5</ele><time>2026-03-08T08:17:00Z</time><extensions><gpxtpx:TrackPointExtension><gpxtpx:hr>130</gpxtpx:hr><gpxtpx:cad>84</gpxtpx:cad></gpxtpx:TrackPointExtension></extensions></trkpt>
<trkpt lat="52.3179407" lon="4.8735173"><ele>3.5</ele><time>2026-03-08T08:17:03Z</time><extensions><gpxtpx:TrackPointExtension><gpxtpx:hr>130</gpxtpx:hr><gpxtpx:cad>83</gpxtpx:cad></gpxtpx:TrackPointExtension></extensions></trkpt>
<trkpt lat="52.3180276" lon="4.8735276"><ele>3.6</ele><time>2026-03-08T08:17:06Z</time><extensions><gpxtpx:TrackPointExtension><gpxtpx:hr>130</gpxtpx:hr><gpxtpx:cad>83</gpxtpx:cad></gpxtpx:TrackPointExtension></extensions></trkpt>
<trkpt lat="52.3181010" lon="4.8735144"><ele>3.6</ele><time>2026-03-08T08:17:09Z</time><extensions><gpxtpx:TrackPointExtension><gpxtpx:hr>129</gpxtpx:hr><gpxtpx:cad>84</gpxtpx:cad></gpxtpx:TrackPointExtension></extensions></trkpt>
<trkpt lat="52.3181689" lon="4.8734913"><ele>3.6</ele><time>2026-03-08T08:17:12Z</time><extensions><gpxtpx:TrackPointExtension><gpxtpx:hr>129</gpxtpx:hr><gpxtpx:cad>84</gpxtpx:cad></gpxtpx:TrackPointExtension></extensions></trkpt>
<trkpt lat="52.3182551" lon="4.8735138"><ele>3.6</ele><time>2026-03-08T08:17:15Z</time><extensions><gpxtpx:TrackPointExtension><gpxtpx:hr>130</gpxtpx:hr><gpxtpx:cad>84</gpxtpx:cad></gpxtpx:TrackPointExtension></extensions></trkpt>
<trkpt lat="52.3183343" lon="4.8734626"><ele>3.6</ele><time>2026-03-08T08:17:18Z</time><extensions><gpxtpx:TrackPointExtension><gpxtpx:hr>130</gpxtpx:hr><gpxtpx:cad>85</gpxtpx:cad></gpxtpx:TrackPointExtension></extensions></trkpt>
<trkpt lat="52.3184109" lon="4.8734416"><ele>3.7</ele><time>2026-03-08T08:17:21Z</time><extensions><gpxtpx:TrackPointExtension><gpxtpx:hr>129</gpxtpx:hr><gpxtpx:cad>85</gpxtpx:cad></gpxtpx:TrackPointExtension></extensions></trkpt>
<trkpt lat="52.3184870" lon="4.8734328"><ele>3.7</ele><time>2026-03-08T08:17:24Z</time><extensions><gpxtpx:TrackPointExtension><gpxtpx:hr>130</gpxtpx:hr><gpxtpx:cad>84</gpxtpx:cad></gpxtpx:TrackPointExtension></extensions></trkpt>
<trkpt lat="52.3185505" lon="4.8734180"><ele>3.7</ele><time>2026-03-08T08:17:27Z</time><extensions><gpxtpx:TrackPointExtension><gpxtpx:hr>131</gpxtpx:hr><gpxtpx:cad>83</gpxtpx:cad></gpxtpx:TrackPointExtension></extensions></trkpt>
<trkpt lat="52.3186436" lon="4.8734122"><ele>3.7</ele><time>2026-03-08T08:17:30Z</time><extensions><gpxtpx:TrackPointExtension><gpxtpx:hr>131</gpxtpx:hr><gpxtpx:cad>84</gpxtpx:cad></gpxtpx:TrackPointExtension></extensions></trkpt>
<trkpt lat="52.3187011" lon="4.8733691"><ele>3.7</ele><time>2026-03-08T08:17:33Z</time><extensions><gpxtpx:TrackPointExtension><gpxtpx:hr>133</gpxtpx:hr><gpxtpx:cad>84</gpxtpx:cad></gpxtpx:TrackPointExtension></extensions></trkpt>
<trkpt lat="52.3187791" lon="4.8733556"><ele>3.8</ele><time>2026-03-08T08:17:36Z</time><extensions><gpxtpx:TrackPointExtension><gpxtpx:hr>134</gpxtpx:hr><gpxtpx:cad>83</gpxtpx:cad></gpxtpx:TrackPointExtension></extensions></trkpt>
<trkpt lat="52.3188705" lon="4.8733510"><ele>3.8</ele><time>2026-03-08T08:17:39Z</time><extensions><gpxtpx:TrackPointExtension><gpxtpx:hr>135</gpxtpx:hr><gpxtpx:cad>84</gpxtpx:cad></gpxtpx:TrackPointExtension></extensions></trkpt>
<trkpt lat="52.3189350" lon="4.8732989"><ele>3.8</ele><time>2026-03-08T08:17:42Z</time><extensions><gpxtpx:TrackPointExtension><gpxtpx:hr>135</gpxtpx:hr><gpxtpx:cad>84</gpxtpx:cad></gpxtpx:TrackPointExtension></extensions></trkpt>
<trkpt lat="52.3190124" lon="4.8733000"><ele>3.8</ele><time>2026-03-08T08:17:45Z</time><extensions><gpxtpx:TrackPointExtension><gpxtpx:hr>134</gpxtpx:hr><gpxtpx:cad>82</gpxtpx:cad></gpxtpx:TrackPointExtension></extensions></trkpt>
<trkpt lat="52.3190824" lon="4.8732631"><ele>3.8</ele><time>2026-03-08T08:17:48Z</time><extensions><gpxtpx:TrackPointExtension><gpxtpx:hr>133</gpxtpx:hr><gpxtpx:cad>83</gpxtpx:cad></gpxtpx:TrackPointExtension></extensions></trkpt>
<trkpt lat="52.3191653" lon="4.8732358"><ele>3.9</ele><time>2026-03-08T08:17:51Z</time><extensions><gpxtpx:TrackPointExtension><gpxtpx:hr>133</gpxtpx:hr><gpxtpx:cad>84</gpxtpx:cad></gpxtpx:TrackPointExtension></extensions></trkpt>
<trkpt lat="52.3192424" lon="4.8732202"><ele>3.9</ele><time>2026-03-08T08:17:54Z</time><extensions><gpxtpx:TrackPointExtension><gpxtpx:hr>133</gpxtpx:hr><gpxtpx:cad>84</gpxtpx:cad></gpxtpx:TrackPointExtension></extensions></trkpt>
<trkpt lat="52.3193219" lon="4.8731984"><ele>3.9</ele><time>2026-03-08T08:17:57Z</time><extensions><gpxtpx:TrackPointExtension><gpxtpx:hr>133</gpxtpx:hr><gpxtpx:cad>85</gpxtpx:cad></gpxtpx:TrackPointExtension></extensions></trkpt>
<trkpt lat="52.3194054" lon="4.8731814"><ele>3.9</ele><time>2026-03-08T08:18:00Z</time><extensions><gpxtpx:TrackPointExtension><gpxtpx:hr>134</gpxtpx:hr><gpxtpx:cad>84</gpxtpx:cad></gpxtpx:TrackPointExtension></extensions></trkpt>
<trkpt lat="52.3194711" lon="4.8731395"><ele>3.9</ele><time>2026-03-08T08:18:03Z</time><extensions><gpxtpx:TrackPointExtension><gpxtpx:hr>133</gpxtpx:hr><gpxtpx:cad>84</gpxtpx:cad></gpxtpx:TrackPointExtension></extensions></trkpt>
<trkpt lat="52.3195358" lon="4.8731320"><ele>3.9</ele><time>2026-03-08T08:18:06Z</time><extensions><gpxtpx:TrackPointExtension><gpxtpx:hr>134</gpxtpx:hr><gpxtpx:cad>84</gpxtpx:cad></gpxtpx:TrackPointExtension></extensions></trkpt>
<trkpt lat="52.3196132" lon="4.8731114"><ele>3.9</ele><time>2026-03-08T08:18:09Z</time><extensions><gpxtpx:TrackPointExtension><gpxtpx:hr>134</gpxtpx:hr><gpxtpx:cad>85</gpxtpx:cad></gpxtpx:TrackPointExtension></extensions></trkpt>
<trkpt lat="52.3196866" lon="4.8730404"><ele>4.0</ele><time>2026-03-08T08:18:12Z</time><extensions><gpxtpx:TrackPointExtension><gpxtpx:hr>134</gpxtpx:hr><gpxtpx:cad>85</gpxtpx:cad></gpxtpx:TrackPointExtension></extensions></trkpt>
<trkpt lat="52.3197676" lon="4.8730249"><ele>4.0</ele><time>2026-03-08T08:18:15Z</time><extensions><gpxtpx:TrackPointExtension><gpxtpx:hr>134</gpxtpx:hr><gpxtpx:cad>84</gpxtpx:cad></gpxtpx:TrackPointExtension></extensions></trkpt>
<trkpt lat="52.3198412" lon="4.8730304"><ele>4.0</ele><time>2026-03-08T08:18:18Z</time><extensions><gpxtpx:TrackPointExtension><gpxtpx:hr>135</gpxtpx:hr><gpxtpx:cad>85</gpxtpx:cad></gpxtpx:TrackPointExtension></extensions></trkpt>
<trkpt lat="52.3199160" lon="4.8729856"><ele>4.0</ele><time>2026-03-08T08:18:21Z</time><extensions><gpxtpx:TrackPointExtension><gpxtpx:hr>135</gpxtpx:hr><gpxtpx:cad>85</gpxtpx:cad></gpxtpx:TrackPointExtension></extensions></trkpt>
<trkpt lat="52.3199934" lon="4.8729277"><ele>4.0</ele><time>2026-03-08T08:18:24Z</time><extensions><gpxtpx:TrackPointExtension><gpxtpx:hr>136</gpxtpx:hr><gpxtpx:cad>86</gpxtpx:cad></gpxtpx:TrackPointExtension></extensions></trkpt>
<trkpt lat="52.3200834" lon="4.8728929"><ele>4.0</ele><time>2026-03-08T08:18:27Z</time><extensions><gpxtpx:TrackPointExtension><gpxtpx:hr>136</gpxtpx:hr><gpxtpx:cad>84</gpxtpx:cad></gpxtpx:TrackPointExtension></extensions></trkpt>
<trkpt lat="52.3201448" lon="4.8728636"><ele>4.0</ele><time>2026-03-08T08:18:30Z</time><extensions><gpxtpx:TrackPointExtension><gpxtpx:hr>136</gpxtpx:hr><gpxtpx:cad>86</gpxtpx:cad></gpxtpx:TrackPointExtension></extensions></trkpt>
<trkpt lat="52.3202190" lon="4.8728239"><ele>4.0</ele><time>2026-03-08T08:18:33Z</time><extensions><gpxtpx:TrackPointExtension><gpxtpx:hr>136</gpxtpx:hr><gpxtpx:cad>85</gpxtpx:cad></gpxtpx:TrackPointExtension></extensions></trkpt>
<trkpt lat="52.3202840" lon="4.8728005"><ele>4.0</ele><time>2026-03-08T08:18:36Z</time><extensions><gpxtpx:TrackPointExtension><gpxtpx:hr>136</gpxtpx:hr><gpxtpx:cad>84</gpxtpx:cad></gpxtpx:TrackPointExtension></extensions></trkpt>
<trkpt lat="52.3203679" lon="4.8727584"><ele>4.0</ele><time>2026-03-08T08:18:39Z</time><extensions><gpxtpx:TrackPointExtension><gpxtpx:hr>136</gpxtpx:hr><gpxtpx:cad>84</gpxtpx:cad></gpxtpx:TrackPointExtension></extensions></trkpt>
<trkpt lat="52.3204399" lon="4.8727461"><ele>4.1</ele><time>2026-03-08T08:18:42Z</time><extensions><gpxtpx:TrackPointExtension><gpxtpx:hr>136</gpxtpx:hr><gpxtpx:cad>85</gpxtpx:cad></gpxtpx:TrackPointExtension></extensions></trkpt>
<trkpt lat="52.3205238" lon="4.8726963"><ele>4.1</ele><time>2026-03-08T08:18:45Z</time><extensions><gpxtpx:TrackPointExtension><gpxtpx:hr>135</gpxtpx:hr><gpxtpx:cad>85</gpxtpx:cad></gpxtpx:TrackPointExtension></extensions></trkpt>
<trkpt lat="52.3205852" lon="4.8726534"><ele>4.1</ele><time>2026-03-08T08:18:48Z</time><extensions><gpxtpx:TrackPointExtension><gpxtpx:hr>135</gpxtpx:hr><gpxtpx:cad>85</gpxtpx:cad></gpxtpx:TrackPointExtension></extensions></trkpt>
<trkpt lat="52.3206816" lon="4.8726320"><ele>4.1</ele><time>2026-03-08T08:18:51Z</time><extensions><gpxtpx:TrackPointExtension><gpxtpx:hr>135</gpxtpx:hr><gpxtpx:cad>83</gpxtpx:cad></gpxtpx:TrackPointExtension></extensions></trkpt>
<trkpt lat="52.3207465" lon="4.8726070"><ele>4.1</ele><time>2026-03-08T08:18:54Z</time><extensions><gpxtpx:TrackPointExtension><gpxtpx:hr>135</gpxtpx:hr><gpxtpx:cad>85</gpxtpx:cad></gpxtpx:TrackPointExtension></extensions></trkpt>
<trkpt lat="52.3208191" lon="4.8725357"><ele>4.1</ele><time>2026-03-08T08:18:57Z</time><extensions><gpxtpx:TrackPointExtension><gpxtpx:hr>136</gpxtpx:hr><gpxtpx:cad>85</gpxtpx:cad></gpxtpx:TrackPointExtension></extensions></trkpt>
<trkpt lat="52.3209054" lon="4.8724717"><ele>4.1</ele><time>2026-03-08T08:19:00Z</time><extensions><gpxtpx:TrackPointExtension><gpxtpx:hr>135</gpxtpx:hr><gpxtpx:cad>84</gpxtpx:cad></gpxtpx:TrackPointExtension></extensions></trkpt>
<trkpt lat="52.3209981" lon="4.8724535"><ele>4.1</ele><time>2026-03-08T08:19:03Z</time><extensions><gpxtpx:TrackPointExtension><gpxtpx:hr>135</gpxtpx:hr><gpxtpx:cad>85</gpxtpx:cad></gpxtpx:TrackPointExtension></extensions></trkpt>
<trkpt lat="52.3210669" lon="4.8724265"><ele>4.1</ele><time>2026-03-08T08:19:06Z</time><extensions><gpxtpx:TrackPointExtension><gpxtpx:hr>134</gpxtpx:hr><gpxtpx:cad>84</gpxtpx:cad></gpxtpx:TrackPointExtension></extensions></trkpt>
<trkpt lat="52.3211334" lon="4.8723661"><ele>4.1</ele><time>2026-03-08T08:19:09Z</time><extensions><gpxtpx:TrackPointExtension><gpxtpx:hr>134</gpxtpx:hr><gpxtpx:cad>86</gpxtpx:cad></gpxtpx:TrackPointExtension></extensions></trkpt>
<trkpt lat="52.3211940" lon="4.8723557"><ele>4.1</ele><time>2026-03-08T08:19:12Z</time><extensions><gpxtpx:TrackPointExtension><gpxtpx:hr>134</gpxtpx:hr><gpxtpx:cad>86</gpxtpx:cad></gpxtpx:TrackPointExtension></extensions></trkpt>
<trkpt lat="52.3212872" lon="4.8722876"><ele>4.1</ele><time>2026-03-08T08:19:15Z</time><extensions><gpxtpx:TrackPointExtension><gpxtpx:hr>136</gpxtpx:hr><gpxtpx:cad>84</gpxtpx:cad></gpxtpx:TrackPointExtension></extensions></trkpt>
<trkpt lat="52.3213538" lon="4.8722483"><ele>4.1</ele><time>2026-03-08T08:19:18Z</time><extensions><gpxtpx:TrackPointExtension><gpxtpx:hr>136</gpxtpx:hr><gpxtpx:cad>85</gpxtpx:cad></gpxtpx:TrackPointExtension></extensions></trkpt>
<trkpt lat="52.3214302" lon="4.8722046"><ele>4.1</ele><time>2026-03-08T08:19:21Z</time><extensions><gpxtpx:TrackPointExtension><gpxtpx:hr>136</gpxtpx:hr><gpxtpx:cad>84</gpxtpx:cad></gpxtpx:TrackPointExtension></extensions></trkpt>
<trkpt lat="52.3215011" lon="4.8721423"><ele>4.1</ele><time>2026-03-08T08:19:24Z</time><extensions><gpxtpx:TrackPointExtension><gpxtpx:hr>137</gpxtpx:hr><gpxtpx:cad>85</gpxtpx:cad></gpxtpx:TrackPointExtension></extensions></trkpt>
<trkpt lat="52.3215801" lon="4.8720915"><ele>4.1</ele><time>2026-03-08T08:19:27Z</time><extensions><gpxtpx:TrackPointExtension><gpxtpx:hr>137</gpxtpx:hr><gpxtpx:cad>86</gpxtpx:cad></gpxtpx:TrackPointExtension></extensions></trkpt>
<trkpt lat="52.3216537" lon="4.8720731"><ele>4.1</ele><time>2026-03-08T08:19:30Z</time><extensions><gpxtpx:TrackPointExtension><gpxtpx:hr>136</gpxtpx:hr><gpxtpx:cad>86</gpxtpx:cad></gpxtpx:TrackPointExtension></extensions></trkpt>
<trkpt lat="52.3217275" lon="4.8720244"><ele>4.1</ele><time>2026-03-08T08:19:33Z</time><extensions><gpxtpx:TrackPointExtension><gpxtpx:hr>137</gpxtpx:hr><gpxtpx:cad>85</gpxtpx:cad></gpxtpx:TrackPointExtension></extensions></trkpt>
<trkpt lat="52.3217993" lon="4.8719393"><ele>4.1</ele><time>2026-03-08T08:19:36Z</time><extensions><gpxtpx:TrackPointExtension><gpxtpx:hr>137</gpxtpx:hr><gpxtpx:cad>85</gpxtpx:cad></gpxtpx:TrackPointExtension></extensions></trkpt>
<trkpt lat="52.3218758" lon="4.8719220"><ele>4.1</ele><time>2026-03-08T08:19:39Z</time><extensions><gpxtpx:TrackPointExtension><gpxtpx:hr>138</gpxtpx:hr><gpxtpx:cad>86</gpxtpx:cad></gpxtpx:TrackPointExtension></extensions></trkpt>
<trkpt lat="52.3219453" lon="4.8718779"><ele>4.1</ele><time>2026-03-08T08:19:42Z</time><extensions><gpxtpx:TrackPointExtension><gpxtpx:hr>138</gpxtpx:hr><gpxtpx:cad>86</gpxtpx:cad></gpxtpx:TrackPointExtension></extensions></trkpt>
<trkpt lat="52.3220260" lon="4.8718099"><ele>4.1</ele><time>2026-03-08T08:19:45Z</time><extensions><gpxtpx:TrackPointExtension><gpxtpx:hr>138</gpxtpx:hr><gpxtpx:cad>86</gpxtpx:cad></gpxtpx:TrackPointExtension></extensions></trkpt>
<trkpt lat="52.3220993" lon="4.8717650"><ele>4.1</ele><time>2026-03-08T08:19:48Z</time><extensions><gpxtpx:TrackPointExtension><gpxtpx:hr>139</gpxtpx:hr><gpxtpx:cad>86</gpxtpx:cad></gpxtpx:TrackPointExtension></extensions></trkpt>
<trkpt lat="52.3221774" lon="4.8717240"><ele>4.1</ele><time>2026-03-08T08:19:51Z</time><extensions><gpxtpx:TrackPointExtension><gpxtpx:hr>138</gpxtpx:hr><gpxtpx:cad>85</gpxtpx:cad></gpxtpx:TrackPointExtension></extensions></trkpt>
<trkpt lat="52.3222452" lon="4.8716733"><ele>4.1</ele><time>2026-03-08T08:19:54Z</time><extensions><gpxtpx:TrackPointExtension><gpxtpx:hr>137</gpxtpx:hr><gpxtpx:cad>85</gpxtpx:cad></gpxtpx:TrackPointExtension></extensions></trkpt>
<trkpt lat="52.3223281" lon="4.8716066"><ele>4.1</ele><time>2026-03-08T08:19:57Z</time><extensions><gpxtpx:TrackPointExtension><gpxtpx:hr>138</gpxtpx:hr><gpxtpx:cad>85</gpxtpx:cad></gpxtpx:TrackPointExtension></extensions></trkpt>
<trkpt lat="52.3223932" lon="4.8715559"><ele>4.1</ele><time>2026-03-08T08:20:00Z</time><extensions><gpxtpx:TrackPointExtension><gpxtpx:hr>139</gpxtpx:hr><gpxtpx:cad>86</gpxtpx:cad></gpxtpx:TrackPointExtension></extensions></trkpt>
<trkpt lat="52.3224863" lon="4.8715127"><ele>4.1</ele><time>2026-03-08T08:20:03Z</time><extensions><gpxtpx:TrackPointExtension><gpxtpx:hr>139</gpxtpx:hr><gpxtpx:cad>86</gpxtpx:cad></gpxtpx:TrackPointExtension></extensions></trkpt>
<trkpt lat="52.3225551" lon="4.8714511"><ele>4.1</ele><time>2026-03-08T08:20:06Z</time><extensions><gpxtpx:TrackPointExtension><gpxtpx:hr>139</gpxtpx:hr><gpxtpx:cad>84</gpxtpx:cad></gpxtpx:TrackPointExtension></extensions></trkpt>
<trkpt lat="52.3226266" lon="4.8713967"><ele>4.1</ele><time>2026-03-08T08:20:09Z</time><extensions><gpxtpx:TrackPointExtension><gpxtpx:hr>140</gpxtpx:hr><gpxtpx:cad>85</gpxtpx:cad></gpxtpx:TrackPointExtension></extensions></trkpt>
<trkpt lat="52.3227002" lon="4.8713495"><ele>4.1</ele><time>2026-03-08T08:20:12Z</time><extensions><gpxtpx:TrackPointExtension><gpxtpx:hr>140</gpxtpx:hr><gpxtpx:cad>86</gpxtpx:cad></gpxtpx:TrackPointExtension></extensions></trkpt>
<trkpt lat="52.3227796" lon="4.8712835"><ele>4.1</ele><time>2026-03-08T08:20:15Z</time><extensions><gpxtpx:TrackPointExtension><gpxtpx:hr>139</gpxtpx:hr><gpxtpx:cad>85</gpxtpx:cad></gpxtpx:TrackPointExtension></extensions></trkpt>
<trkpt lat="52.3228355" lon="4.8712094"><ele>4.1</ele><time>2026-03-08T08:20:18Z</time><extensions><gpxtpx:TrackPointExtension><gpxtpx:hr>140</gpxtpx:hr><gpxtpx:cad>86</gpxtpx:cad></gpxtpx:TrackPointExtension></extensions></trkpt>
<trkpt lat="52.3229260" lon="4.8711536"><ele>4.1</ele><time>2026-03-08T08:20:21Z</time><extensions><gpxtpx:TrackPointExtension><gpxtpx:hr>140</gpxtpx:hr><gpxtpx:cad>85</gpxtpx:cad></gpxtpx:TrackPointExtension></extensions></trkpt>
<trkpt lat="52.3229926" lon="4.8711273"><ele>4.1</ele><time>2026-03-08T08:20:24Z</time><extensions><gpxtpx:TrackPointExtension><gpxtpx:hr>140</gpxtpx:hr><gpxtpx:cad>87</gpxtpx:cad></gpxtpx:TrackPointExtension></extensions></trkpt>
<trkpt lat="52.3230530" lon="4.8710520"><ele>4.1</ele><time>2026-03-08T08:20:27Z</time><extensions><gpxtpx:TrackPointExtension><gpxtpx:hr>140</gpxtpx:hr><gpxtpx:cad>85</gpxtpx:cad></gpxtpx:TrackPointExtension></extensions></trkpt>
<trkpt lat="52.3231316" lon="4.8709609"><ele>4.1</ele><time>2026-03-08T08:20:30Z</time><extensions><gpxtpx:TrackPointExtension><gpxtpx:hr>140</gpxtpx:hr><gpxtpx:cad>85</gpxtpx:cad></gpxtpx:TrackPointExtension></extensions></trkpt>
<trkpt lat="52.3232185" lon="4.8709331"><ele>4.0</ele><time>2026-03-08T08:20:33Z</time><extensions><gpxtpx:TrackPointExtension><gpxtpx:hr>140</gpxtpx:hr><gpxtpx:cad>86</gpxtpx:cad></gpxtpx:TrackPointExtension></extensions></trkpt>
<trkpt lat="52.3232744" lon="4.8708858"><ele>4.0</ele><time>2026-03-08T08:20:36Z</time><extensions><gpxtpx:TrackPointExtension><gpxtpx:hr>139</gpxtpx:hr><gpxtpx:cad>84</gpxtpx:cad></gpxtpx:TrackPointExtension></extensions></trkpt>
<trkpt lat="52.3233546" lon="4.8708029"><ele>4.0</ele><time>2026-03-08T08:20:39Z</time><extensions><gpxtpx:TrackPointExtension><gpxtpx:hr>138</gpxtpx:hr><gpxtpx:cad>85</gpxtpx:cad></gpxtpx:TrackPointExtension></extensions></trkpt>
<trkpt lat="52.3234239" lon="4.8707448"><ele>4.0</ele><time>2026-03-08T08:20:42Z</time><extensions><gpxtpx:TrackPointExtension><gpxtpx:hr>139</gpxtpx:hr><gpxtpx:cad>84</gpxtpx:cad></gpxtpx:TrackPointExtension></extensions></trkpt>
<trkpt lat="52.3234899" lon="4.8706877"><ele>4.0</ele><time>2026-03-08T08:20:45Z</time><extensions><gpxtpx:TrackPointExtension><gpxtpx:hr>139</gpxtpx:hr><gpxtpx:cad>85</gpxtpx:cad></gpxtpx:TrackPointExtension></extensions></trkpt>
<trkpt lat="52.3235647" lon="4.8706187"><ele>4.0</ele><time>2026-03-08T08:20:48Z</time><extensions><gpxtpx:TrackPointExtension><gpxtpx:hr>138</gpxtpx:hr><gpxtpx:cad>84</gpxtpx:cad></gpxtpx:TrackPointExtension></extensions></trkpt>
<trkpt lat="52.3236361" lon="4.8705850"><ele>4.0</ele><time>2026-03-08T08:20:51Z</time><extensions><gpxtpx:TrackPointExtension><gpxtpx:hr>139</gpxtpx:hr><gpxtpx:cad>85</gpxtpx:cad></gpxtpx:TrackPointExtension></extensions></trkpt>
<trkpt lat="52.3237082" lon="4.8704818"><ele>4.0</ele><time>2026-03-08T08:20:54Z</time><extensions><gpxtpx:TrackPointExtension><gpxtpx:hr>139</gpxtpx:hr><gpxtpx:cad>85</gpxtpx:cad></gpxtpx:TrackPointExtension></extensions></trkpt>
<trkpt lat="52.3237781" lon="4.8704287"><ele>4.0</ele><time>2026-03-08T08:20:57Z</time><extensions><gpxtpx:TrackPointExtension><gpxtpx:hr>138</gpxtpx:hr><gpxtpx:cad>86</gpxtpx:cad></gpxtpx:TrackPointExtension></extensions></trkpt>
<trkpt lat="52.3238579" lon="4.8703510"><ele>4.0</ele><time>2026-03-08T08:21:00Z</time><extensions><gpxtpx:TrackPointExtension><gpxtpx:hr>138</gpxtpx:hr><gpxtpx:cad>84</gpxtpx:cad></gpxtpx:TrackPointExtension></extensions></trkpt>
<trkpt lat="52.3239181" lon="4.8703006"><ele>4.0</ele><time>2026-03-08T08:21:03Z</time><extensions><gpxtpx:TrackPointExtension><gpxtpx:hr>138</gpxtpx:hr><gpxtpx:cad>84</gpxtpx:cad></gpxtpx:TrackPointExtension></extensions></trkpt>
<trkpt lat="52.3239815" lon="4.8702326"><ele>3.9</ele><time>2026-03-08T08:21:06Z</time><extensions><gpxtpx:TrackPointExtension><gpxtpx:hr>140</gpxtpx:hr><gpxtpx:cad>86</gpxtpx:cad></gpxtpx:TrackPointExtension></extensions></trkpt>
<trkpt lat="52.3240440" lon="4.8701502"><ele>3.9</ele><time>2026-03-08T08:21:09Z</time><extensions><gpxtpx:TrackPointExtension><gpxtpx:hr>141</gpxtpx:hr><gpxtpx:cad>85</gpxtpx:cad></gpxtpx:TrackPointExtension></extensions></trkpt>
<trkpt lat="52.3241291" lon="4.8700995"><ele>3.9</ele><time>2026-03-08T08:21:12Z</time><extensions><gpxtpx:TrackPointExtension><gpxtpx:hr>140</gpxtpx:hr><gpxtpx:cad>85</gpxtpx:cad></gpxtpx:TrackPointExtension></extensions></trkpt>
<trkpt lat="52.3242073" lon="4.8700304"><ele>3.9</ele><time>2026-03-08T08:21:15Z</time><extensions><gpxtpx:TrackPointExtension><gpxtpx:hr>141</gpxtpx:hr><gpxtpx:cad>85</gpxtpx:cad></gpxtpx:TrackPointExtension></extensions></trkpt>
<trkpt lat="52.3242561" lon="4.8699301"><ele>3.9</ele><time>2026-03-08T08:21:18Z</time><extensions><gpxtpx:TrackPointExtension><gpxtpx:hr>141</gpxtpx:hr><gpxtpx:cad>87</gpxtpx:cad></gpxtpx:TrackPointExtension></extensions></trkpt>
<trkpt lat="52.3243397" lon="4.8698771"><ele>3.9</ele><time>2026-03-08T08:21:21Z</time><extensions><gpxtpx:TrackPointExtension><gpxtpx:hr>141</gpxtpx:hr><gpxtpx:cad>83</gpxtpx:cad></gpxtpx:TrackPointExtension></extensions></trkpt>
<trkpt lat="52.3243951" lon="4.8697928"><ele>3.9</ele><time>2026-03-08T08:21:24Z</time><extensions><gpxtpx:TrackPointExtension><gpxtpx:hr>140</gpxtpx:hr><gpxtpx:cad>86</gpxtpx:cad></gpxtpx:TrackPointExtension></extensions></trkpt>
<trkpt lat="52.3244510" lon="4.8697451"><ele>3.9</ele><time>2026-03-08T08:21:27Z</time><extensions><gpxtpx:TrackPointExtension><gpxtpx:hr>140</gpxtpx:hr><gpxtpx:cad>84</gpxtpx:cad></gpxtpx:TrackPointExtension></extensions></trkpt>
<trkpt lat="52.3245372" lon="4.8696754"><ele>3.8</ele><time>2026-03-08T08:21:30Z</time><extensions><gpxtpx:TrackPointExtension><gpxtpx:hr>140</gpxtpx:hr><gpxtpx:cad>85</gpxtpx:cad></gpxtpx:TrackPointExtension></extensions></trkpt>
<trkpt lat="52.3245951" lon="4.8695715"><ele>3.8</ele><time>2026-03-08T08:21:33Z</time><extensions><gpxtpx:TrackPointExtension><gpxtpx:hr>139</gpxtpx:hr><gpxtpx:cad>83</gpxtpx:cad></gpxtpx:TrackPointExtension></extensions></trkpt>
<trkpt lat="52.3246568" lon="4.8695143"><ele>3.8</ele><time>2026-03-08T08:21:36Z</time><extensions><gpxtpx:TrackPointExtension><gpxtpx:hr>139</gpxtpx:hr><gpxtpx:cad>86</gpxtpx:cad></gpxtpx:TrackPointExtension></extensions></trkpt>
<trkpt lat="52.3247305" lon="4.8694281"><ele>3.8</ele><time>2026-03-08T08:21:39Z</time><extensions><gpxtpx:TrackPointExtension><gpxtpx:hr>138</gpxtpx:hr><gpxtpx:cad>85</gpxtpx:cad></gpxtpx:TrackPointExtension></extensions></trkpt>
<trkpt lat="52.3247861" lon="4.8693722"><ele>3.8</ele><time>2026-03-08T08:21:42Z</time><extensions><gpxtpx:TrackPointExtension><gpxtpx:hr>138</gpxtpx:hr><gpxtpx:cad>85</gpxtpx:cad></gpxtpx:TrackPointExtension></extensions></trkpt>
<trkpt lat="52.3248622" lon="4.8692952"><ele>3.8</ele><time>2026-03-08T08:21:45Z</time><extensions><gpxtpx:TrackPointExtension><gpxtpx:hr>137</gpxtpx:hr><gpxtpx:cad>86</gpxtpx:cad></gpxtpx:TrackPointExtension></extensions></trkpt>
<trkpt lat="52.3249210" lon="4.8692002"><ele>3.8</ele><time>2026-03-08T08:21:48Z</time><extensions><gpxtpx:TrackPointExtension><gpxtpx:hr>137</gpxtpx:hr><gpxtpx:cad>84</gpxtpx:cad></gpxtpx:TrackPointExtension></extensions></trkpt>
<trkpt lat="52.3249987" lon="4.8691201"><ele>3.8</ele><time>2026-03-08T08:21:51Z</time><extensions><gpxtpx:TrackPointExtension><gpxtpx:hr>139</gpxtpx:hr><gpxtpx:cad>87</gpxtpx:cad></gpxtpx:TrackPointExtension></extensions></trkpt>
<trkpt lat="52.3250599" lon="4.8690377"><ele>3.7</ele><time>2026-03-08T08:21:54Z</time><extensions><gpxtpx:TrackPointExtension><gpxtpx:hr>139</gpxtpx:hr><gpxtpx:cad>86</gpxtpx:cad></gpxtpx:TrackPointExtension></extensions></trkpt>
<trkpt lat="52.3251112" lon="4.8689830"><ele>3.7</ele><time>2026-03-08T08:21:57Z</time><extensions><gpxtpx:TrackPointExtension><gpxtpx:hr>140</gpxtpx:hr><gpxtpx:cad>85</gpxtpx:cad></gpxtpx:TrackPointExtension></extensions></trkpt>
<trkpt lat="52.3251818" lon="4.8688881"><ele>3.7</ele><time>2026-03-08T08:22:00Z</time><extensions><gpxtpx:TrackPointExtension><gpxtpx:hr>139</gpxtpx:hr><gpxtpx:cad>84</gpxtpx:cad></gpxtpx:TrackPointExtension></extensions></trkpt>
<trkpt lat="52.3252651" lon="4.8687949"><ele>3.7</ele><time>2026-03-08T08:22:03Z</time><extensions><gpxtpx:TrackPointExtension><gpxtpx:hr>140</gpxtpx:hr><gpxtpx:cad>84</gpxtpx:cad></gpxtpx:TrackPointExtension></extensions></trkpt>
<trkpt lat="52.3253171" lon="4.8687178"><ele>3.7</ele><time>2026-03-08T08:22:06Z</time><extensions><gpxtpx:TrackPointExtension><gpxtpx:hr>141</gpxtpx:hr><gpxtpx:cad>84</gpxtpx:cad></gpxtpx:TrackPointExtension></extensions></trkpt>
<trkpt lat="52.3253759" lon="4.8686356"><ele>3.7</ele><time>2026-03-08T08:22:09Z</time><extensions><gpxtpx:TrackPointExtension><gpxtpx:hr>140</gpxtpx:hr><gpxtpx:cad>85</gpxtpx:cad></gpxtpx:TrackPointExtension></extensions></trkpt>
<trkpt lat="52.3254300" lon="4.8685717"><ele>3.7</ele><time>2026-03-08T08:22:12Z</time><extensions><gpxtpx:TrackPointExtension><gpxtpx:hr>141</gpxtpx:hr><gpxtpx:cad>85</gpxtpx:cad></gpxtpx:TrackPointExtension></extensions></trkpt>
<trkpt lat="52.3254884" lon="4.8684676"><ele>3.6</ele><time>2026-03-08T08:22:15Z</time><extensions><gpxtpx:TrackPointExtension><gpxtpx:hr>140</gpxtpx:hr><gpxtpx:cad>85</gpxtpx:cad></gpxtpx:TrackPointExtension></extensions></trkpt>
<trkpt lat="52.3255559" lon="4.8683751"><ele>3.6</ele><time>2026-03-08T08:22:18Z</time><extensions><gpxtpx:TrackPointExtension><gpxtpx:hr>141</gpxtpx:hr><gpxtpx:cad>84</gpxtpx:cad></gpxtpx:TrackPointExtension></extensions></trkpt>
<trkpt lat="52.3256132" lon="4.8682614"><ele>3.6</ele><time>2026-03-08T08:22:21Z</time><extensions><gpxtpx:TrackPointExtension><gpxtpx:hr>141</gpxtpx:hr><gpxtpx:cad>86</gpxtpx:cad></gpxtpx:TrackPointExtension></extensions></trkpt>
<trkpt lat="52.3256845" lon="4.8682196"><ele>3.6</ele><time>2026-03-08T08:22:24Z</time><extensions><gpxtpx:TrackPointExtension><gpxtpx:hr>140</gpxtpx:hr><gpxtpx:cad>86</gpxtpx:cad></gpxtpx:TrackPointExtension></extensions></trkpt>
<trkpt lat="52.3257294" lon="4.8681143"><ele>3.6</ele><time>2026-03-08T08:22:27Z</time><extensions><gpxtpx:TrackPointExtension><gpxtpx:hr>141</gpxtpx:hr><gpxtpx:cad>84</gpxtpx:cad></gpxtpx:TrackPointExtension></extensions></trkpt>
<trkpt lat="52.3258097" lon="4.8680229"><ele>3.6</ele><time>2026-03-08T08:22:30Z</time><extensions><gpxtpx:TrackPointExtension><gpxtpx:hr>141</gpxtpx:hr><gpxtpx:cad>86</gpxtpx:cad></gpxtpx:TrackPointExtension></extensions></trkpt>
<trkpt lat="52.3258469" lon="4.8679149"><ele>3.6</ele><time>2026-03-08T08:22:33Z</time><extensions><gpxtpx:TrackPointExtension><gpxtpx:hr>140</gpxtpx:hr><gpxtpx:cad>84</gpxtpx:cad></gpxtpx:TrackPointExtension></extensions></trkpt>
<trkpt lat="52.3259247" lon="4.8678616"><ele>3.5</ele><time>2026-03-08T08:22:36Z</time><extensions><gpxtpx:TrackPointExtension><gpxtpx:hr>140</gpxtpx:hr><gpxtpx:cad>85</gpxtpx:cad></gpxtpx:TrackPointExtension></extensions></trkpt>
<trkpt lat="52.3259696" lon="4.8677633"><ele>3.5</ele><time>2026-03-08T08:22:39Z</time><extensions><gpxtpx:TrackPointExtension><gpxtpx:hr>140</gpxtpx:hr><gpxtpx:cad>84</gpxtpx:cad></gpxtpx:TrackPointExtension></extensions></trkpt>
<trkpt lat="52.3260415" lon="4.8676606"><ele>3.5</ele><time>2026-03-08T08:22:42Z</time><extensions><gpxtpx:TrackPointExtension><gpxtpx:hr>140</gpxtpx:hr><gpxtpx:cad>84</gpxtpx:cad></gpxtpx:TrackPointExtension></extensions></trkpt>
<trkpt lat="52.3260867" lon="4.8675670"><ele>3.5</ele><time>2026-03-08T08:22:45Z</time><extensions><gpxtpx:TrackPointExtension><gpxtpx:hr>140</gpxtpx:hr><gpxtpx:cad>86</gpxtpx:cad></gpxtpx:TrackPointExtension></extensions></trkpt>
<trkpt lat="52.3261398" lon="4.8674758"><ele>3.5</ele><time>2026-03-08T08:22:48Z</time><extensions><gpxtpx:TrackPointExtension><gpxtpx:hr>142</gpxtpx:hr><gpxtpx:cad>86</gpxtpx:cad></gpxtpx:TrackPointExtension></extensions></trkpt>
<trkpt lat="52.3262060" lon="4.8673750"><ele>3.5</ele><time>2026-03-08T08:22:51Z</time><extensions><gpxtpx:TrackPointExtension><gpxtpx:hr>140</gpxtpx:hr><gpxtpx:cad>86</gpxtpx:cad></gpxtpx:TrackPointExtension></extensions></trkpt>
<trkpt lat="52.3262606" lon="4.8672965"><ele>3.5</ele><time>2026-03-08T08:22:54Z</time><extensions><gpxtpx:TrackPointExtension><gpxtpx:hr>141</gpxtpx:hr><gpxtpx:cad>85</gpxtpx:cad></gpxtpx:TrackPointExtension></extensions></trkpt>
<trkpt lat="52.3263062" lon="4.8671934"><ele>3.4</ele><time>2026-03-08T08:22:57Z</time><extensions><gpxtpx:TrackPointExtension><gpxtpx:hr>140</gpxtpx:hr><gpxtpx:cad>85</gpxtpx:cad></gpxtpx:TrackPointExtension></extensions></trkpt>
<trkpt lat="52.3263637" lon="4.8670881"><ele>3.4</ele><time>2026-03-08T08:23:00Z</time><extensions><gpxtpx:TrackPointExtension><gpxtpx:hr>141</gpxtpx:hr><gpxtpx:cad>86</gpxtpx:cad></gpxtpx:TrackPointExtension></extensions></trkpt>
<trkpt lat="52.3264240" lon="4.8669716"><ele>3.4</ele><time>2026-03-08T08:23:03Z</time><extensions><gpxtpx:TrackPointExtension><gpxtpx:hr>140</gpxtpx:hr><gpxtpx:cad>84</gpxtpx:cad></gpxtpx:TrackPointExtension></extensions></trkpt>
<trkpt lat="52.3264785" lon="4.8669028"><ele>3.4</ele><time>2026-03-08T08:23:06Z</time><extensions><gpxtpx:TrackPointExtension><gpxtpx:hr>140</gpxtpx:hr><gpxtpx:cad>84</gpxtpx:cad></gpxtpx:TrackPointExtension></extensions></trkpt>
<trkpt lat="52.3265205" lon="4.8668034"><ele>3.4</ele><time>2026-03-08T08:23:09Z</time><extensions><gpxtpx:TrackPointExtension><gpxtpx:hr>140</gpxtpx:hr><gpxtpx:cad>86</gpxtpx:cad></gpxtpx:TrackPointExtension></extensions></trkpt>
<trkpt lat="52.3265920" lon="4.8666823"><ele>3.4</ele><time>2026-03-08T08:23:12Z</time><extensions><gpxtpx:TrackPointExtension><gpxtpx:hr>140</gpxtpx:hr><gpxtpx:cad>84</gpxtpx:cad></gpxtpx:TrackPointExtension></extensions></trkpt>
<trkpt lat="52.3266466" lon="4.8665943"><ele>3.4</ele><time>2026-03-08T08:23:15Z</time><extensions><gpxtpx:TrackPointExtension><gpxtpx:hr>141</gpxtpx:hr><gpxtpx:cad>85</gpxtpx:cad></gpxtpx:TrackPointExtension></extensions></trkpt>
<trkpt lat="52.3267025" lon="4.8664919"><ele>3.3</ele><time>2026-03-08T08:23:18Z</time><extensions><gpxtpx:TrackPointExtension><gpxtpx:hr>140</gpxtpx:hr><gpxtpx:cad>85</gpxtpx:cad></gpxtpx:TrackPointExtension></extensions></trkpt>
<trkpt lat="52.3267559" lon="4.8663791"><ele>3.3</ele><time>2026-03-08T08:23:21Z</time><extensions><gpxtpx:TrackPointExtension><gpxtpx:hr>141</gpxtpx:hr><gpxtpx:cad>86</gpxtpx:cad></gpxtpx:TrackPointExtension></extensions></trkpt>
<trkpt lat="52.3267799" lon="4.8663134"><ele>3.3</ele><time>2026-03-08T08:23:24Z</time><extensions><gpxtpx:TrackPointExtension><gpxtpx:hr>141</gpxtpx:hr><gpxtpx:cad>84</gpxtpx:cad></gpxtpx:TrackPointExtension></extensions></trkpt>
<trkpt lat="52.3268441" lon="4.8661709"><ele>3.3</ele><time>2026-03-08T08:23:27Z</time><extensions><gpxtpx:TrackPointExtension><gpxtpx:hr>140</gpxtpx:hr><gpxtpx:cad>85</gpxtpx:cad></gpxtpx:TrackPointExtension></extensions></trkpt>
<trkpt lat="52.3268786" lon="4.8660996"><ele>3.3</ele><time>2026-03-08T08:23:30Z</time><extensions><gpxtpx:TrackPointExtension><gpxtpx:hr>141</gpxtpx:hr><gpxtpx:cad>85</gpxtpx:cad></gpxtpx:TrackPointExtension></extensions></trkpt>
<trkpt lat="52.3269523" lon="4.8659912"><ele>3.3</ele><time>2026-03-08T08:23:33Z</time><extensions><gpxtpx:TrackPointExtension><gpxtpx:hr>141</gpxtpx:hr><gpxtpx:cad>84</gpxtpx:cad></gpxtpx:TrackPointExtension></extensions></trkpt>
<trkpt lat="52.3269880" lon="4.8658581"><ele>3.3</ele><time>2026-03-08T08:23:36Z</time><extensions><gpxtpx:TrackPointExtension><gpxtpx:hr>143</gpxtpx:hr><gpxtpx:cad>84</gpxtpx:cad></gpxtpx:TrackPointExtension></extensions></trkpt>
<trkpt lat="52.3270267" lon="4.8657746"><ele>3.3</ele><time>2026-03-08T08:23:39Z</time><extensions><gpxtpx:TrackPointExtension><gpxtpx:hr>143</gpxtpx:hr><gpxtpx:cad>84</gpxtpx:cad></gpxtpx:TrackPointExtension></extensions></trkpt>
<trkpt lat="52.3270808" lon="4.8656564"><ele>3.2</ele><time>2026-03-08T08:23:42Z</time><extensions><gpxtpx:TrackPointExtension><gpxtpx:hr>143</gpxtpx:hr><gpxtpx:cad>86</gpxtpx:cad></gpxtpx:TrackPointExtension></extensions></trkpt>
<trkpt lat="52.3271198" lon="4.8655903"><ele>3.2</ele><time>2026-03-08T08:23:45Z</time><extensions><gpxtpx:TrackPointExtension><gpxtpx:hr>143</gpxtpx:hr><gpxtpx:cad>84</gpxtpx:cad></gpxtpx:TrackPointExtension></extensions></trkpt>
<trkpt lat="52.3271684" lon="4.8654409"><ele>3.2</ele><time>2026-03-08T08:23:48Z</time><extensions><gpxtpx:TrackPointExtension><gpxtpx:hr>143</gpxtpx:hr><gpxtpx:cad>86</gpxtpx:cad></gpxtpx:TrackPointExtension></extensions></trkpt>
<trkpt lat="52.3272220" lon="4.8653450"><ele>3.2</ele><time>2026-03-08T08:23:51Z</time><extensions><gpxtpx:TrackPointExtension><gpxtpx:hr>142</gpxtpx:hr><gpxtpx:cad>86</gpxtpx:cad></gpxtpx:TrackPointExtension></extensions></trkpt>
<trkpt lat="52.3272603" lon="4.8652330"><ele>3.2</ele><time>2026-03-08T08:23:54Z</time><extensions><gpxtpx:TrackPointExtension><gpxtpx:hr>141</gpxtpx:hr><gpxtpx:cad>85</gpxtpx:cad></gpxtpx:TrackPointExtension></extensions></trkpt>
<trkpt lat="52.3273077" lon="4.8651095"><ele>3.2</ele><time>2026-03-08T08:23:57Z</time><extensions><gpxtpx:TrackPointExtension><gpxtpx:hr>140</gpxtpx:hr><gpxtpx:cad>85</gpxtpx:cad></gpxtpx:TrackPointExtension></extensions></trkpt>
<trkpt lat="52.3273501" lon="4.8650207"><ele>3.2</ele><time>2026-03-08T08:24:00Z</time><extensions><gpxtpx:TrackPointExtension><gpxtpx:hr>140</gpxtpx:hr><gpxtpx:cad>85</gpxtpx:cad></gpxtpx:TrackPointExtension></extensions></trkpt>
<trkpt lat="52.3273857" lon="4.8649142"><ele>3.2</ele><time>2026-03-08T08:24:03Z</time><extensions><gpxtpx:TrackPointExtension><gpxtpx:hr>141</gpxtpx:hr><gpxtpx:cad>85</gpxtpx:cad></gpxtpx:TrackPointExtension></extensions></trkpt>
<trkpt lat="52.3274434" lon="4.8647926"><ele>3.2</ele><time>2026-03-08T08:24:06Z</time><extensions><gpxtpx:TrackPointExtension><gpxtpx:hr>141</gpxtpx:hr><gpxtpx:cad>86</gpxtpx:cad></gpxtpx:TrackPointExtension></extensions></trkpt>
<trkpt lat="52.3274753" lon="4.8646898"><ele>3.2</ele><time>2026-03-08T08:24:09Z</time><extensions><gpxtpx:TrackPointExtension><gpxtpx:hr>141</gpxtpx:hr><gpxtpx:cad>85</gpxtpx:cad></gpxtpx:TrackPointExtension></extensions></trkpt>
<trkpt lat="52.3275344" lon="4.8645815"><ele>3.1</ele><time>2026-03-08T08:24:12Z</time><extensions><gpxtpx:TrackPointExtension><gpxtpx:hr>142</gpxtpx:hr><gpxtpx:cad>86</gpxtpx:cad></gpxtpx:TrackPointExtension></extensions></trkpt>
<trkpt lat="52.3275559" lon="4.8644522"><ele>3.1</ele><time>2026-03-08T08:24:15Z</time><extensions><gpxtpx:TrackPointExtension><gpxtpx:hr>141</gpxtpx:hr><gpxtpx:cad>85</gpxtpx:cad></gpxtpx:TrackPointExtension></extensions></trkpt>
<trkpt lat="52.3276062" lon="4.8643546"><ele>3.1</ele><time>2026-03-08T08:24:18Z</time><extensions><gpxtpx:TrackPointExtension><gpxtpx:hr>141</gpxtpx:hr><gpxtpx:cad>85</gpxtpx:cad></gpxtpx:TrackPointExtension></extensions></trkpt>
<trkpt lat="52.3276431" lon="4.8642353"><ele>3.1</ele><time>2026-03-08T08:24:21Z</time><extensions><gpxtpx:TrackPointExtension><gpxtpx:hr>141</gpxtpx:hr><gpxtpx:cad>84</gpxtpx:cad></gpxtpx:TrackPointExtension></extensions></trkpt>
<trkpt lat="52.3276733" lon="4.8641306"><ele>3.1</ele><time>2026-03-08T08:24:24Z</time><extensions><gpxtpx:TrackPointExtension><gpxtpx:hr>141</gpxtpx:hr><gpxtpx:cad>85</gpxtpx:cad></gpxtpx:TrackPointExtension></extensions></trkpt>
<trkpt lat="52.3277222" lon="4.8640042"><ele>3.1</ele><time>2026-03-08T08:24:27Z</time><extensions><gpxtpx:TrackPointExtension><gpxtpx:hr>141</gpxtpx:hr><gpxtpx:cad>86</gpxtpx:cad></gpxtpx:TrackPointExtension></extensions></trkpt>
<trkpt lat="52.3277502" lon="4.8638694"><ele>3.1</ele><time>2026-03-08T08:24:30Z</time><extensions><gpxtpx:TrackPointExtension><gpxtpx:hr>141</gpxtpx:hr><gpxtpx:cad>84</gpxtpx:cad></gpxtpx:TrackPointExtension></extensions></trkpt>
<trkpt lat="52.3277944" lon="4.8637463"><ele>3.1</ele><time>2026-03-08T08:24:33Z</time><extensions><gpxtpx:TrackPointExtension><gpxtpx:hr>142</gpxtpx:hr><gpxtpx:cad>86</gpxtpx:cad></gpxtpx:TrackPointExtension></extensions></trkpt>
<trkpt lat="52.3278289" lon="4.8636773"><ele>3.1</ele><time>2026-03-08T08:24:36Z</time><extensions><gpxtpx:TrackPointExtension><gpxtpx:hr>142</gpxtpx:hr><gpxtpx:cad>84</gpxtpx:cad></gpxtpx:TrackPointExtension></extensions></trkpt>
<trkpt lat="52.3278611" lon="4.8635246"><ele>3.1</ele><time>2026-03-08T08:24:39Z</time><extensions><gpxtpx:TrackPointExtension><gpxtpx:hr>142</gpxtpx:hr><gpxtpx:cad>87</gpxtpx:cad></gpxtpx:TrackPointExtension></extensions></trkpt>
<trkpt lat="52.3278986" lon="4.8634182"><ele>3.1</ele><time>2026-03-08T08:24:42Z</time><extensions><gpxtpx:TrackPointExtension><gpxtpx:hr>143</gpxtpx:hr><gpxtpx:cad>84</gpxtpx:cad></gpxtpx:TrackPointExtension></extensions></trkpt>
<trkpt lat="52.3279402" lon="4.8632879"><ele>3.0</ele><time>2026-03-08T08:24:45Z</time><extensions><gpxtpx:TrackPointExtension><gpxtpx:hr>143</gpxtpx:hr><gpxtpx:cad>85</gpxtpx:cad></gpxtpx:TrackPointExtension></extensions></trkpt>
<trkpt lat="52.3279634" lon="4.8631731"><ele>3.0</ele><time>2026-03-08T08:24:48Z</time><extensions><gpxtpx:TrackPointExtension><gpxtpx:hr>144</gpxtpx:hr><gpxtpx:cad>84</gpxtpx:cad></gpxtpx:TrackPointExtension></extensions></trkpt>
<trkpt lat="52.3279985" lon="4.8630592"><ele>3.0</ele><time>2026-03-08T08:24:51Z</time><extensions><gpxtpx:TrackPointExtension><gpxtpx:hr>143</gpxtpx:hr><gpxtpx:cad>86</gpxtpx:cad></gpxtpx:TrackPointExtension></extensions></trkpt>
<trkpt lat="52.3280396" lon="4.8629585"><ele>3.0</ele><time>2026-03-08T08:24:54Z</time><extensions><gpxtpx:TrackPointExtension><gpxtpx:hr>142</gpxtpx:hr><gpxtpx:cad>85</gpxtpx:cad></gpxtpx:TrackPointExtension></extensions></trkpt>
<trkpt lat="52.3280628" lon="4.8628293"><ele>3.0</ele><time>2026-03-08T08:24:57Z</time><extensions><gpxtpx:TrackPointExtension><gpxtpx:hr>141</gpxtpx:hr><gpxtpx:cad>84</gpxtpx:cad></gpxtpx:TrackPointExtension></extensions></trkpt>
<trkpt lat="52.3280997" lon="4.8626829"><ele>3.0</ele><time>2026-03-08T08:25:00Z</time><extensions><gpxtpx:TrackPointExtension><gpxtpx:hr>141</gpxtpx:hr><gpxtpx:cad>85</gpxtpx:cad></gpxtpx:TrackPointExtension></extensions></trkpt>
<trkpt lat="52.3281229" lon="4.8625784"><ele>3.0</ele><time>2026-03-08T08:25:03Z</time><extensions><gpxtpx:TrackPointExtension><gpxtpx:hr>141</gpxtpx:hr><gpxtpx:cad>86</gpxtpx:cad></gpxtpx:TrackPointExtension></extensions></trkpt>
<trkpt lat="52.3281481" lon="4.8624495"><ele>3.0</ele><time>2026-03-08T08:25:06Z</time><extensions><gpxtpx:TrackPointExtension><gpxtpx:hr>141</gpxtpx:hr><gpxtpx:cad>86</gpxtpx:cad></gpxtpx:TrackPointExtension></extensions></trkpt>
<trkpt lat="52.3281800" lon="4.8623574"><ele>3.0</ele><time>2026-03-08T08:25:09Z</time><extensions><gpxtpx:TrackPointExtension><gpxtpx:hr>141</gpxtpx:hr><gpxtpx:cad>84</gpxtpx:cad></gpxtpx:TrackPointExtension></extensions></trkpt>
<trkpt lat="52.3282152" lon="4.8622282"><ele>3.0</ele><time>2026-03-08T08:25:12Z</time><extensions><gpxtpx:TrackPointExtension><gpxtpx:hr>141</gpxtpx:hr><gpxtpx:cad>86</gpxtpx:cad></gpxtpx:TrackPointExtension></extensions></trkpt>
<trkpt lat="52.3282583" lon="4.8620934"><ele>3.0</ele><time>2026-03-08T08:25:15Z</time><extensions><gpxtpx:TrackPointExtension><gpxtpx:hr>140</gpxtpx:hr><gpxtpx:cad>85</gpxtpx:cad></gpxtpx:TrackPointExtension></extensions></trkpt>
<trkpt lat="52.3282829" lon="4.8619864"><ele>3.0</ele><time>2026-03-08T08:25:18Z</time><extensions><gpxtpx:TrackPointExtension><gpxtpx:hr>140</gpxtpx:hr><gpxtpx:cad>84</gpxtpx:cad></gpxtpx:TrackPointExtension></extensions></trkpt>
<trkpt lat="52.3282942" lon="4.8618528"><ele>3.0</ele><time>2026-03-08T08:25:21Z</time><extensions><gpxtpx:TrackPointExtension><gpxtpx:hr>140</gpxtpx:hr><gpxtpx:cad>85</gpxtpx:cad></gpxtpx:TrackPointExtension></extensions></trkpt>
<trkpt lat="52.3283222" lon="4.8617256"><ele>3.0</ele><time>2026-03-08T08:25:24Z</time><extensions><gpxtpx:TrackPointExtension><gpxtpx:hr>140</gpxtpx:hr><gpxtpx:cad>84</gpxtpx:cad></gpxtpx:TrackPointExtension></extensions></trkpt>
<trkpt lat="52.3283493" lon="4.8615912"><ele>3.0</ele><time>2026-03-08T08:25:27Z</time><extensions><gpxtpx:TrackPointExtension><gpxtpx:hr>141</gpxtpx:hr><gpxtpx:cad>85</gpxtpx:cad></gpxtpx:TrackPointExtension></extensions></trkpt>
<trkpt lat="52.3283657" lon="4.8614846"><ele>3.0</ele><time>2026-03-08T08:25:30Z</time><extensions><gpxtpx:TrackPointExtension><gpxtpx:hr>141</gpxtpx:hr><gpxtpx:cad>85</gpxtpx:cad></gpxtpx:TrackPointExtension></extensions></trkpt>
<trkpt lat="52.3284111" lon="4.8613759"><ele>3.0</ele><time>2026-03-08T08:25:33Z</time><extensions><gpxtpx:TrackPointExtension><gpxtpx:hr>142</gpxtpx:hr><gpxtpx:cad>87</gpxtpx:cad></gpxtpx:TrackPointExtension></extensions></trkpt>
<trkpt lat="52.3284231" lon="4.8612372"><ele>3.0</ele><time>2026-03-08T08:25:36Z</time><extensions><gpxtpx:TrackPointExtension><gpxtpx:hr>142</gpxtpx:hr><gpxtpx:cad>84</gpxtpx:cad></gpxtpx:TrackPointExtension></extensions></trkpt>
<trkpt lat="52.3284527" lon="4.8611172"><ele>3.0</ele><time>2026-03-08T08:25:39Z</time><extensions><gpxtpx:TrackPointExtension><gpxtpx:hr>142</gpxtpx:hr><gpxtpx:cad>84</gpxtpx:cad></gpxtpx:TrackPointExtension></extensions></trkpt>
<trkpt lat="52.3284855" lon="4.8609751"><ele>3.0</ele><time>2026-03-08T08:25:42Z</time><extensions><gpxtpx:TrackPointExtension><gpxtpx:hr>142</gpxtpx:hr><gpxtpx:cad>86</gpxtpx:cad></gpxtpx:TrackPointExtension></extensions></trkpt>
<trkpt lat="52.3285072" lon="4.8608509"><ele>3.0</ele><time>2026-03-08T08:25:45Z</time><extensions><gpxtpx:TrackPointExtension><gpxtpx:hr>142</gpxtpx:hr><gpxtpx:cad>84</gpxtpx:cad></gpxtpx:TrackPointExtension></extensions></trkpt>
<trkpt lat="52.3285067" lon="4.8607409"><ele>3.0</ele><time>2026-03-08T08:25:48Z</time><extensions><gpxtpx:TrackPointExtension><gpxtpx:hr>142</gpxtpx:hr><gpxtpx:cad>85</gpxtpx:cad></gpxtpx:TrackPointExtension></extensions></trkpt>
<trkpt lat="52.3285490" lon="4.8606223"><ele>3.0</ele><time>2026-03-08T08:25:51Z</time><extensions><gpxtpx:TrackPointExtension><gpxtpx:hr>141</gpxtpx:hr><gpxtpx:cad>85</gpxtpx:cad></gpxtpx:TrackPointExtension></extensions></trkpt>
<trkpt lat="52.3285624" lon="4.8604852"><ele>3.0</ele><time>2026-03-08T08:25:54Z</time><extensions><gpxtpx:TrackPointExtension><gpxtpx:hr>142</gpxtpx:hr><gpxtpx:cad>85</gpxtpx:cad></gpxtpx:TrackPointExtension></extensions></trkpt>
<trkpt lat="52.3285852" lon="4.8603507"><ele>3.0</ele><time>2026-03-08T08:25:57Z</time><extensions><gpxtpx:TrackPointExtension><gpxtpx:hr>142</gpxtpx:hr><gpxtpx:cad>84</gpxtpx:cad></gpxtpx:TrackPointExtension></extensions></trkpt>
<trkpt lat="52.3286097" lon="4.8602075"><ele>3.0</ele><time>2026-03-08T08:26:00Z</time><extensions><gpxtpx:TrackPointExtension><gpxtpx:hr>141</gpxtpx:hr><gpxtpx:cad>85</gpxtpx:cad></gpxtpx:TrackPointExtension></extensions></trkpt>
<trkpt lat="52.3286222" lon="4.8600976"><ele>3.0</ele><time>2026-03-08T08:26:03Z</time><extensions><gpxtpx:TrackPointExtension><gpxtpx:hr>141</gpxtpx:hr><gpxtpx:cad>85</gpxtpx:cad></gpxtpx:TrackPointExtension></extensions></trkpt>
<trkpt lat="52.3286339" lon="4.8600027"><ele>3.0</ele><time>2026-03-08T08:26:06Z</time><extensions><gpxtpx:TrackPointExtension><gpxtpx:hr>142</gpxtpx:hr><gpxtpx:cad>84</gpxtpx:cad></gpxtpx:TrackPointExtension></extensions></trkpt>
<trkpt lat="52.3286563" lon="4.8598441"><ele>3.0</ele><time>2026-03-08T08:26:09Z</time><extensions><gpxtpx:TrackPointExtension><gpxtpx:hr>142</gpxtpx:hr><gpxtpx:cad>84</gpxtpx:cad></gpxtpx:TrackPointExtension></extensions></trkpt>
<trkpt lat="52.3286842" lon="4.8597109"><ele>3.0</ele><time>2026-03-08T08:26:12Z</time><extensions><gpxtpx:TrackPointExtension><gpxtpx:hr>142</gpxtpx:hr><gpxtpx:cad>86</gpxtpx:cad></gpxtpx:TrackPointExtension></extensions></trkpt>
<trkpt lat="52.3287002" lon="4.8596120"><ele>3.0</ele><time>2026-03-08T08:26:15Z</time><extensions><gpxtpx:TrackPointExtension><gpxtpx:hr>141</gpxtpx:hr><gpxtpx:cad>85</gpxtpx:cad></gpxtpx:TrackPointExtension></extensions></trkpt>
<trkpt lat="52.3287173" lon="4.8594793"><ele>3.0</ele><time>2026-03-08T08:26:18Z</time><extensions><gpxtpx:TrackPointExtension><gpxtpx:hr>141</gpxtpx:hr><gpxtpx:cad>85</gpxtpx:cad></gpxtpx:TrackPointExtension></extensions></trkpt>
<trkpt lat="52.3287332" lon="4.8593443"><ele>3.0</ele><time>2026-03-08T08:26:21Z</time><extensions><gpxtpx:TrackPointExtension><gpxtpx:hr>142</gpxtpx:hr><gpxtpx:cad>84</gpxtpx:cad></gpxtpx:TrackPointExtension></extensions></trkpt>
<trkpt lat="52.3287406" lon="4.8592305"><ele>3.0</ele><time>2026-03-08T08:26:24Z</time><extensions><gpxtpx:TrackPointExtension><gpxtpx:hr>142</gpxtpx:hr><gpxtpx:cad>86</gpxtpx:cad></gpxtpx:TrackPointExtension></extensions></trkpt>
<trkpt lat="52.3287554" lon="4.8590836"><ele>3.0</ele><time>2026-03-08T08:26:27Z</time><extensions><gpxtpx:TrackPointExtension><gpxtpx:hr>141</gpxtpx:hr><gpxtpx:cad>86</gpxtpx:cad></gpxtpx:TrackPointExtension></extensions></trkpt>
<trkpt lat="52.3287799" lon="4.8589665"><ele>3.0</ele><time>2026-03-08T08:26:30Z</time><extensions><gpxtpx:TrackPointExtension><gpxtpx:hr>141</gpxtpx:hr><gpxtpx:cad>85</gpxtpx:cad></gpxtpx:TrackPointExtension></extensions></trkpt>
<trkpt lat="52.3287946" lon="4.8588263"><ele>3.0</ele><time>2026-03-08T08:26:33Z</time><extensions><gpxtpx:TrackPointExtension><gpxtpx:hr>142</gpxtpx:hr><gpxtpx:cad>85</gpxtpx:cad></gpxtpx:TrackPointExtension></extensions></trkpt>
<trkpt lat="52.3287970" lon="4.8586994"><ele>3.0</ele><time>2026-03-08T08:26:36Z</time><extensions><gpxtpx:TrackPointExtension><gpxtpx:hr>140</gpxtpx:hr><gpxtpx:cad>84</gpxtpx:cad></gpxtpx:TrackPointExtension></extensions></trkpt>
<trkpt lat="52.3288139" lon="4.8585614"><ele>3.0</ele><time>2026-03-08T08:26:39Z</time><extensions><gpxtpx:TrackPointExtension><gpxtpx:hr>140</gpxtpx:hr><gpxtpx:cad>85</gpxtpx:cad></gpxtpx:TrackPointExtension></extensions></trkpt>
<trkpt lat="52.3288229" lon="4.8584345"><ele>3.0</ele><time>2026-03-08T08:26:42Z</time><extensions><gpxtpx:TrackPointExtension><gpxtpx:hr>140</gpxtpx:hr><gpxtpx:cad>85</gpxtpx:cad></gpxtpx:TrackPointExtension></extensions></trkpt>
<trkpt lat="52.3288353" lon="4.8583260"><ele>3.0</ele><time>2026-03-08T08:26:45Z</time><extensions><gpxtpx:TrackPointExtension><gpxtpx:hr>141</gpxtpx:hr><gpxtpx:cad>85</gpxtpx:cad></gpxtpx:TrackPointExtension></extensions></trkpt>
<trkpt lat="52.3288562" lon="4.8581830"><ele>3.0</ele><time>2026-03-08T08:26:48Z</time><extensions><gpxtpx:TrackPointExtension><gpxtpx:hr>140</gpxtpx:hr><gpxtpx:cad>85</gpxtpx:cad></gpxtpx:TrackPointExtension></extensions></trkpt>
<trkpt lat="52.3288580" lon="4.8580466"><ele>3.0</ele><time>2026-03-08T08:26:51Z</time><extensions><gpxtpx:TrackPointExtension><gpxtpx:hr>141</gpxtpx:hr><gpxtpx:cad>85</gpxtpx:cad></gpxtpx:TrackPointExtension></extensions></trkpt>
<trkpt lat="52.3288701" lon="4.8579152"><ele>3.0</ele><time>2026-03-08T08:26:54Z</time><extensions><gpxtpx:TrackPointExtension><gpxtpx:hr>141</gpxtpx:hr><gpxtpx:cad>84</gpxtpx:cad></gpxtpx:TrackPointExtension></extensions></trkpt>
<trkpt lat="52.3288678" lon="4.8577847"><ele>3.0</ele><time>2026-03-08T08:26:57Z</time><extensions><gpxtpx:TrackPointExtension><gpxtpx:hr>141</gpxtpx:hr><gpxtpx:cad>85</gpxtpx:cad></gpxtpx:TrackPointExtension></extensions></trkpt>
<trkpt lat="52.3288877" lon="4.8576780"><ele>3.0</ele><time>2026-03-08T08:27:00Z</time><extensions><gpxtpx:TrackPointExtension><gpxtpx:hr>143</gpxtpx:hr><gpxtpx:cad>84</gpxtpx:cad></gpxtpx:TrackPointExtension></extensions></trkpt>
<trkpt lat="52.3288940" lon="4.8575434"><ele>3.0</ele><time>2026-03-08T08:27:03Z</time><extensions><gpxtpx:TrackPointExtension><gpxtpx:hr>142</gpxtpx:hr><gpxtpx:cad>86</gpxtpx:cad></gpxtpx:TrackPointExtension></extensions></trkpt>
<trkpt lat="52.3288979" lon="4.8574130"><ele>3.0</ele><time>2026-03-08T08:27:06Z</time><extensions><gpxtpx:TrackPointExtension><gpxtpx:hr>143</gpxtpx:hr><gpxtpx:cad>84</gpxtpx:cad></gpxtpx:TrackPointExtension></extensions></trkpt>
<trkpt lat="52.3289089" lon="4.8572954"><ele>3.0</ele><time>2026-03-08T08:27:09Z</time><extensions><gpxtpx:TrackPointExtension><gpxtpx:hr>142</gpxtpx:hr><gpxtpx:cad>85</gpxtpx:cad></gpxtpx:TrackPointExtension></extensions></trkpt>
<trkpt lat="52.3289126" lon="4.8571634"><ele>3.1</ele><time>2026-03-08T08:27:12Z</time><extensions><gpxtpx:TrackPointExtension><gpxtpx:hr>143</gpxtpx:hr><gpxtpx:cad>86</gpxtpx:cad></gpxtpx:TrackPointExtension></extensions></trkpt>
<trkpt lat="52.3289193" lon="4.8570435"><ele>3.1</ele><time>2026-03-08T08:27:15Z</time><extensions><gpxtpx:TrackPointExtension><gpxtpx:hr>143</gpxtpx:hr><gpxtpx:cad>85</gpxtpx:cad></gpxtpx:TrackPointExtension></extensions></trkpt>
<trkpt lat="52.3289250" lon="4.8568706"><ele>3.1</ele><time>2026-03-08T08:27:18Z</time><extensions><gpxtpx:TrackPointExtension><gpxtpx:hr>144</gpxtpx:hr><gpxtpx:cad>86</gpxtpx:cad></gpxtpx:TrackPointExtension></extensions></trkpt>
<trkpt lat="52.3289512" lon="4.8567609"><ele>3.1</ele><time>2026-03-08T08:27:21Z</time><extensions><gpxtpx:TrackPointExtension><gpxtpx:hr>143</gpxtpx:hr><gpxtpx:cad>86</gpxtpx:cad></gpxtpx:TrackPointExtension></extensions></trkpt>
<trkpt lat="52.3289399" lon="4.8566320"><ele>3.1</ele><time>2026-03-08T08:27:24Z</time><extensions><gpxtpx:TrackPointExtension><gpxtpx:hr>142</gpxtpx:hr><gpxtpx:cad>85</gpxtpx:cad></gpxtpx:TrackPointExtension></extensions></trkpt>
<trkpt lat="52.3289411" lon="4.8564865"><ele>3.1</ele><time>2026-03-08T08:27:27Z</time><extensions><gpxtpx:TrackPointExtension><gpxtpx:hr>142</gpxtpx:hr><gpxtpx:cad>84</gpxtpx:cad></gpxtpx:TrackPointExtension></extensions></trkpt>
<trkpt lat="52.3289431" lon="4.8563801"><ele>3.1</ele><time>2026-03-08T08:27:30Z</time><extensions><gpxtpx:TrackPointExtension><gpxtpx:hr>141</gpxtpx:hr><gpxtpx:cad>84</gpxtpx:cad></gpxtpx:TrackPointExtension></extensions></trkpt>
<trkpt lat="52.3289496" lon="4.8562514"><ele>3.1</ele><time>2026-03-08T08:27:33Z</time><extensions><gpxtpx:TrackPointExtension><gpxtpx:hr>142</gpxtpx:hr><gpxtpx:cad>84</gpxtpx:cad></gpxtpx:TrackPointExtension></extensions></trkpt>
<trkpt lat="52.3289563" lon="4.8561137"><ele>3.1</ele><time>2026-03-08T08:27:36Z</time><extensions><gpxtpx:TrackPointExtension><gpxtpx:hr>141</gpxtpx:hr><gpxtpx:cad>85</gpxtpx:cad></gpxtpx:TrackPointExtension></extensions></trkpt>
<trkpt lat="52.3289646" lon="4.8559805"><ele>3.1</ele><time>2026-03-08T08:27:39Z</time><extensions><gpxtpx:TrackPointExtension><gpxtpx:hr>141</gpxtpx:hr><gpxtpx:cad>86</gpxtpx:cad></gpxtpx:TrackPointExtension></extensions></trkpt>
<trkpt lat="52.3289437" lon="4.8558288"><ele>3.1</ele><time>2026-03-08T08:27:42Z</time><extensions><gpxtpx:TrackPointExtension><gpxtpx:hr>141</gpxtpx:hr><gpxtpx:cad>86</gpxtpx:cad></gpxtpx:TrackPointExtension></extensions></trkpt>
<trkpt lat="52.3289502" lon="4.8557209"><ele>3.1</ele><time>2026-03-08T08:27:45Z</time><extensions><gpxtpx:TrackPointExtension><gpxtpx:hr>142</gpxtpx:hr><gpxtpx:cad>85</gpxtpx:cad></gpxtpx:TrackPointExtension></extensions></trkpt>
<trkpt lat="52.3289542" lon="4.8555899"><ele>3.1</ele><time>2026-03-08T08:27:48Z</time><extensions><gpxtpx:TrackPointExtension><gpxtpx:hr>141</gpxtpx:hr><gpxtpx:cad>85</gpxtpx:cad></gpxtpx:TrackPointExtension></extensions></trkpt>
<trkpt lat="52.3289484" lon="4.8554688"><ele>3.2</ele><time>2026-03-08T08:27:51Z</time><extensions><gpxtpx:TrackPointExtension><gpxtpx:hr>143</gpxtpx:hr><gpxtpx:cad>84</gpxtpx:cad></gpxtpx:TrackPointExtension></extensions></trkpt>
<trkpt lat="52.3289589" lon="4.8553407"><ele>3.2</ele><time>2026-03-08T08:27:54Z</time><extensions><gpxtpx:TrackPointExtension><gpxtpx:hr>142</gpxtpx:hr><gpxtpx:cad>84</gpxtpx:cad></gpxtpx:TrackPointExtension></extensions></trkpt>
<trkpt lat="52.3289651" lon="4.8551789"><ele>3.2</ele><time>2026-03-08T08:27:57Z</time><extensions><gpxtpx:TrackPointExtension><gpxtpx:hr>142</gpxtpx:hr><gpxtpx:cad>86</gpxtpx:cad></gpxtpx:TrackPointExtension></extensions></trkpt>
<trkpt lat="52.3289584" lon="4.8550589"><ele>3.2</ele><time>2026-03-08T08:28:00Z</time><extensions><gpxtpx:TrackPointExtension><gpxtpx:hr>143</gpxtpx:hr><gpxtpx:cad>85</gpxtpx:cad></gpxtpx:TrackPointExtension></extensions></trkpt>
<trkpt lat="52.3289496" lon="4.8549253"><ele>3.2</ele><time>2026-03-08T08:28:03Z</time><extensions><gpxtpx:TrackPointExtension><gpxtpx:hr>143</gpxtpx:hr><gpxtpx:cad>84</gpxtpx:cad></gpxtpx:TrackPointExtension></extensions></trkpt>
<trkpt lat="52.3289469" lon="4.8547977"><ele>3.2</ele><time>2026-03-08T08:28:06Z</time><extensions><gpxtpx:TrackPointExtension><gpxtpx:hr>142</gpxtpx:hr><gpxtpx:cad>85</gpxtpx:cad></gpxtpx:TrackPointExtension></extensions></trkpt>
<trkpt lat="52.3289510" lon="4.8546890"><ele>3.2</ele><time>2026-03-08T08:28:09Z</time><extensions><gpxtpx:TrackPointExtension><gpxtpx:hr>142</gpxtpx:hr><gpxtpx:cad>84</gpxtpx:cad></gpxtpx:TrackPointExtension></extensions></trkpt>
<trkpt lat="52.3289453" lon="4.8545563"><ele>3.2</ele><time>2026-03-08T08:28:12Z</time><extensions><gpxtpx:TrackPointExtension><gpxtpx:hr>142</gpxtpx:hr><gpxtpx:cad>85</gpxtpx:cad></gpxtpx:TrackPointExtension></extensions></trkpt>
<trkpt lat="52.3289371" lon="4.8544108"><ele>3.2</ele><time>2026-03-08T08:28:15Z</time><extensions><gpxtpx:TrackPointExtension><gpxtpx:hr>143</gpxtpx:hr><gpxtpx:cad>85</gpxtpx:cad></gpxtpx:TrackPointExtension></extensions></trkpt>
<trkpt lat="52.3289481" lon="4.8543028"><ele>3.2</ele><time>2026-03-08T08:28:18Z</time><extensions><gpxtpx:TrackPointExtension><gpxtpx:hr>143</gpxtpx:hr><gpxtpx:cad>84</gpxtpx:cad></gpxtpx:TrackPointExtension></extensions></trkpt>
<trkpt lat="52.3289294" lon="4.8541265"><ele>3.2</ele><time>2026-03-08T08:28:21Z</time><extensions><gpxtpx:TrackPointExtension><gpxtpx:hr>143</gpxtpx:hr><gpxtpx:cad>85</gpxtpx:cad></gpxtpx:TrackPointExtension></extensions></trkpt>
<trkpt lat="52.3289275" lon="4.8540335"><ele>3.3</ele><time>2026-03-08T08:28:24Z</time><extensions><gpxtpx:TrackPointExtension><gpxtpx:hr>143</gpxtpx:hr><gpxtpx:cad>85</gpxtpx:cad></gpxtpx:TrackPointExtension></extensions></trkpt>
<trkpt lat="52.3289307" lon="4.8539210"><ele>3.3</ele><time>2026-03-08T08:28:27Z</time><extensions><gpxtpx:TrackPointExtension><gpxtpx:hr>143</gpxtpx:hr><gpxtpx:cad>84</gpxtpx:cad></gpxtpx:TrackPointExtension></extensions></trkpt>
<trkpt lat="52.3289209" lon="4.8537617"><ele>3.3</ele><time>2026-03-08T08:28:30Z</time><extensions><gpxtpx:TrackPointExtension><gpxtpx:hr>143</gpxtpx:hr><gpxtpx:cad>85</gpxtpx:cad></gpxtpx:TrackPointExtension></extensions></trkpt>
<trkpt lat="52.3289063" lon="4.8536391"><ele>3.3</ele><time>2026-03-08T08:28:33Z</time><extensions><gpxtpx:TrackPointExtension><gpxtpx:hr>143</gpxtpx:hr><gpxtpx:cad>85</gpxtpx:cad></gpxtpx:TrackPointExtension></extensions></trkpt>
<trkpt lat="52.3289087" lon="4.8534953"><ele>3.3</ele><time>2026-03-08T08:28:36Z</time><extensions><gpxtpx:TrackPointExtension><gpxtpx:hr>142</gpxtpx:hr><gpxtpx:cad>84</gpxtpx:cad></gpxtpx:TrackPointExtension></extensions></trkpt>
<trkpt lat="52.3289004" lon="4.8533638"><ele>3.3</ele><time>2026-03-08T08:28:39Z</time><extensions><gpxtpx:TrackPointExtension><gpxtpx:hr>143</gpxtpx:hr><gpxtpx:cad>84</gpxtpx:cad></gpxtpx:TrackPointExtension></extensions></trkpt>
<trkpt lat="52.3288764" lon="4.8532392"><ele>3.3</ele><time>2026-03-08T08:28:42Z</time><extensions><gpxtpx:TrackPointExtension><gpxtpx:hr>143</gpxtpx:hr><gpxtpx:cad>85</gpxtpx:cad></gpxtpx:TrackPointExtension></extensions></trkpt>
<trkpt lat="52.3288817" lon="4.8531303"><ele>3.3</ele><time>2026-03-08T08:28:45Z</time><extensions><gpxtpx:TrackPointExtension><gpxtpx:hr>144</gpxtpx:hr><gpxtpx:cad>85</gpxtpx:cad></gpxtpx:TrackPointExtension></extensions></trkpt>
<trkpt lat="52.3288641" lon="4.8529877"><ele>3.3</ele><time>2026-03-08T08:28:48Z</time><extensions><gpxtpx:TrackPointExtension><gpxtpx:hr>144</gpxtpx:hr><gpxtpx:cad>84</gpxtpx:cad></gpxtpx:TrackPointExtension></extensions></trkpt>
<trkpt lat="52.3288618" lon="4.8528406"><ele>3.3</ele><time>2026-03-08T08:28:51Z</time><extensions><gpxtpx:TrackPointExtension><gpxtpx:hr>143</gpxtpx:hr><gpxtpx:cad>85</gpxtpx:cad></gpxtpx:TrackPointExtension></extensions></trkpt>
<trkpt lat="52.3288559" lon="4.8527309"><ele>3.3</ele><time>2026-03-08T08:28:54Z</time><extensions><gpxtpx:TrackPointExtension><gpxtpx:hr>142</gpxtpx:hr><gpxtpx:cad>84</gpxtpx:cad></gpxtpx:TrackPointExtension></extensions></trkpt>
<trkpt lat="52.3288543" lon="4.8526090"><ele>3.4</ele><time>2026-03-08T08:28:57Z</time><extensions><gpxtpx:TrackPointExtension><gpxtpx:hr>142</gpxtpx:hr><gpxtpx:cad>87</gpxtpx:cad></gpxtpx:TrackPointExtension></extensions></trkpt>
<trkpt lat="52.3288290" lon="4.8524803"><ele>3.4</ele><time>2026-03-08T08:29:00Z</time><extensions><gpxtpx:TrackPointExtension><gpxtpx:hr>142</gpxtpx:hr><gpxtpx:cad>85</gpxtpx:cad></gpxtpx:TrackPointExtension></extensions></trkpt>
<trkpt lat="52.3288296" lon="4.8523382"><ele>3.4</ele><time>2026-03-08T08:29:03Z</time><extensions><gpxtpx:TrackPointExtension><gpxtpx:hr>141</gpxtpx:hr><gpxtpx:cad>87</gpxtpx:cad></gpxtpx:TrackPointExtension></extensions></trkpt>
<trkpt lat="52.3288082" lon="4.8522028"><ele>3.4</ele><time>2026-03-08T08:29:06Z</time><extensions><gpxtpx:TrackPointExtension><gpxtpx:hr>141</gpxtpx:hr><gpxtpx:cad>85</gpxtpx:cad></gpxtpx:TrackPointExtension></extensions></trkpt>
<trkpt lat="52.3288046" lon="4.8520571"><ele>3.4</ele><time>2026-03-08T08:29:09Z</time><extensions><gpxtpx:TrackPointExtension><gpxtpx:hr>142</gpxtpx:hr><gpxtpx:cad>85</gpxtpx:cad></gpxtpx:TrackPointExtension></extensions></trkpt>
<trkpt lat="52.3287957" lon="4.8519645"><ele>3.4</ele><time>2026-03-08T08:29:12Z</time><extensions><gpxtpx:TrackPointExtension><gpxtpx:hr>142</gpxtpx:hr><gpxtpx:cad>85</gpxtpx:cad></gpxtpx:TrackPointExtension></extensions></trkpt>
<trkpt lat="52.3287754" lon="4.8518177"><ele>3.4</ele><time>2026-03-08T08:29:15Z</time><extensions><gpxtpx:TrackPointExtension><gpxtpx:hr>142</gpxtpx:hr><gpxtpx:cad>85</gpxtpx:cad></gpxtpx:TrackPointExtension></extensions></trkpt>
<trkpt lat="52.3287766" lon="4.8517110"><ele>3.4</ele><time>2026-03-08T08:29:18Z</time><extensions><gpxtpx:TrackPointExtension><gpxtpx:hr>141</gpxtpx:hr><gpxtpx:cad>84</gpxtpx:cad></gpxtpx:TrackPointExtension></extensions></trkpt>
<trkpt lat="52.3287531" lon="4.8515670"><ele>3.4</ele><time>2026-03-08T08:29:21Z</time><extensions><gpxtpx:TrackPointExtension><gpxtpx:hr>142</gpxtpx:hr><gpxtpx:cad>84</gpxtpx:cad></gpxtpx:TrackPointExtension></extensions></trkpt>
<trkpt lat="52.3287363" lon="4.8514661"><ele>3.4</ele><time>2026-03-08T08:29:24Z</time><extensions><gpxtpx:TrackPointExtension><gpxtpx:hr>142</gpxtpx:hr><gpxtpx:cad>85</gpxtpx:cad></gpxtpx:TrackPointExtension></extensions></trkpt>
<trkpt lat="52.3287287" lon="4.8512995"><ele>3.5</ele><time>2026-03-08T08:29:27Z</time><extensions><gpxtpx:TrackPointExtension><gpxtpx:hr>142</gpxtpx:hr><gpxtpx:cad>84</gpxtpx:cad></gpxtpx:TrackPointExtension></extensions></trkpt>
<trkpt lat="52.3287170" lon="4.8511663"><ele>3.5</ele><time>2026-03-08T08:29:30Z</time><extensions><gpxtpx:TrackPointExtension><gpxtpx:hr>142</gpxtpx:hr><gpxtpx:cad>85</gpxtpx:cad></gpxtpx:TrackPointExtension></extensions></trkpt>
<trkpt lat="52.3286919" lon="4.8510621"><ele>3.5</ele><time>2026-03-08T08:29:33Z</time><extensions><gpxtpx:TrackPointExtension><gpxtpx:hr>142</gpxtpx:hr><gpxtpx:cad>86</gpxtpx:cad></gpxtpx:TrackPointExtension></extensions></trkpt>
<trkpt lat="52.3286867" lon="4.8509459"><ele>3.5</ele><time>2026-03-08T08:29:36Z</time><extensions><gpxtpx:TrackPointExtension><gpxtpx:hr>142</gpxtpx:hr><gpxtpx:cad>84</gpxtpx:cad></gpxtpx:TrackPointExtension></extensions></trkpt>
<trkpt lat="52.3286812" lon="4.8507828"><ele>3.5</ele><time>2026-03-08T08:29:39Z</time><extensions><gpxtpx:TrackPointExtension><gpxtpx:hr>142</gpxtpx:hr><gpxtpx:cad>84</gpxtpx:cad></gpxtpx:TrackPointExtension></extensions></trkpt>
<trkpt lat="52.3286559" lon="4.8506691"><ele>3.5</ele><time>2026-03-08T08:29:42Z</time><extensions><gpxtpx:TrackPointExtension><gpxtpx:hr>143</gpxtpx:hr><gpxtpx:cad>84</gpxtpx:cad></gpxtpx:TrackPointExtension></extensions></trkpt>
<trkpt lat="52.3286395" lon="4.8505606"><ele>3.5</ele><time>2026-03-08T08:29:45Z</time><extensions><gpxtpx:TrackPointExtension><gpxtpx:hr>142</gpxtpx:hr><gpxtpx:cad>85</gpxtpx:cad></gpxtpx:TrackPointExtension></extensions></trkpt>
<trkpt lat="52.3286273" lon="4.8504151"><ele>3.5</ele><time>2026-03-08T08:29:48Z</time><extensions><gpxtpx:TrackPointExtension><gpxtpx:hr>144</gpxtpx:hr><gpxtpx:cad>85</gpxtpx:cad></gpxtpx:TrackPointExtension></extensions></trkpt>
<trkpt lat="52.3286063" lon="4.8502969"><ele>3.5</ele><time>2026-03-08T08:29:51Z</time><extensions><gpxtpx:TrackPointExtension><gpxtpx:hr>143</gpxtpx:hr><gpxtpx:cad>86</gpxtpx:cad></gpxtpx:TrackPointExtension></extensions></trkpt>
<trkpt lat="52.3285824" lon="4.8501615"><ele>3.5</ele><time>2026-03-08T08:29:54Z</time><extensions><gpxtpx:TrackPointExtension><gpxtpx:hr>143</gpxtpx:hr><gpxtpx:cad>85</gpxtpx:cad></gpxtpx:TrackPointExtension></extensions></trkpt>
<trkpt lat="52.3285819" lon="4.8500355"><ele>3.5</ele><time>2026-03-08T08:29:57Z</time><extensions><gpxtpx:TrackPointExtension><gpxtpx:hr>143</gpxtpx:hr><gpxtpx:cad>85</gpxtpx:cad></gpxtpx:TrackPointExtension></extensions></trkpt>
<trkpt lat="52.3285545" lon="4.8498909"><ele>3.5</ele><time>2026-03-08T08:30:00Z</time><extensions><gpxtpx:TrackPointExtension><gpxtpx:hr>143</gpxtpx:hr><gpxtpx:cad>85</gpxtpx:cad></gpxtpx:TrackPointExtension></extensions></trkpt>
<trkpt lat="52.3285321" lon="4.8497660"><ele>3.5</ele><time>2026-03-08T08:30:03Z</time><extensions><gpxtpx:TrackPointExtension><gpxtpx:hr>143</gpxtpx:hr><gpxtpx:cad>85</gpxtpx:cad></gpxtpx:TrackPointExtension></extensions></trkpt>
<trkpt lat="52.3285264" lon="4.8496659"><ele>3.6</ele><time>2026-03-08T08:30:06Z</time><extensions><gpxtpx:TrackPointExtension><gpxtpx:hr>143</gpxtpx:hr><gpxtpx:cad>86</gpxtpx:cad></gpxtpx:TrackPointExtension></extensions></trkpt>
<trkpt lat="52.3284970" lon="4.8495084"><ele>3.6</ele><time>2026-03-08T08:30:09Z</time><extensions><gpxtpx:TrackPointExtension><gpxtpx:hr>142</gpxtpx:hr><gpxtpx:cad>86</gpxtpx:cad></gpxtpx:TrackPointExtension></extensions></trkpt>
<trkpt lat="52.3284833" lon="4.8493998"><ele>3.6</ele><time>2026-03-08T08:30:12Z</time><extensions><gpxtpx:TrackPointExtension><gpxtpx:hr>142</gpxtpx:hr><gpxtpx:cad>84</gpxtpx:cad></gpxtpx:TrackPointExtension></extensions></trkpt>
<trkpt lat="52.3284681" lon="4.8492722"><ele>3.6</ele><time>2026-03-08T08:30:15Z</time><extensions><gpxtpx:TrackPointExtension><gpxtpx:hr>142</gpxtpx:hr><gpxtpx:cad>84</gpxtpx:cad></gpxtpx:TrackPointExtension></extensions></trkpt>
<trkpt lat="52.3284478" lon="4.8491051"><ele>3.6</ele><time>2026-03-08T08:30:18Z</time><extensions><gpxtpx:TrackPointExtension><gpxtpx:hr>142</gpxtpx:hr><gpxtpx:cad>85</gpxtpx:cad></gpxtpx:TrackPointExtension></extensions></trkpt>
<trkpt lat="52.3284285" lon="4.8490079"><ele>3.6</ele><time>2026-03-08T08:30:21Z</time><extensions><gpxtpx:TrackPointExtension><gpxtpx:hr>142</gpxtpx:hr><gpxtpx:cad>85</gpxtpx:cad></gpxtpx:TrackPointExtension></extensions></trkpt>
<trkpt lat="52.3284075" lon="4.8488773"><ele>3.6</ele><time>2026-03-08T08:30:24Z</time><extensions><gpxtpx:TrackPointExtension><gpxtpx:hr>142</gpxtpx:hr><gpxtpx:cad>85</gpxtpx:cad></gpxtpx:TrackPointExtension></extensions></trkpt>
<trkpt lat="52.3283754" lon="4.8487696"><ele>3.6</ele><time>2026-03-08T08:30:27Z</time><extensions><gpxtpx:TrackPointExtension><gpxtpx:hr>142</gpxtpx:hr><gpxtpx:cad>84</gpxtpx:cad></gpxtpx:TrackPointExtension></extensions></trkpt>
<trkpt lat="52.3283691" lon="4.8486272"><ele>3.6</ele><time>2026-03-08T08:30:30Z</time><extensions><gpxtpx:TrackPointExtension><gpxtpx:hr>142</gpxtpx:hr><gpxtpx:cad>84</gpxtpx:cad></gpxtpx:TrackPointExtension></extensions></trkpt>
<trkpt lat="52.3283504" lon="4.8484916"><ele>3.6</ele><time>2026-03-08T08:30:33Z</time><extensions><gpxtpx:TrackPointExtension><gpxtpx:hr>144</gpxtpx:hr><gpxtpx:cad>85</gpxtpx:cad></gpxtpx:TrackPointExtension></extensions></trkpt>
<trkpt lat="52.3283296" lon="4.8483845"><ele>3.6</ele><time>2026-03-08T08:30:36Z</time><extensions><gpxtpx:TrackPointExtension><gpxtpx:hr>143</gpxtpx:hr><gpxtpx:cad>85</gpxtpx:cad></gpxtpx:TrackPointExtension></extensions></trkpt>
<trkpt lat="52.3282923" lon="4.8482463"><ele>3.6</ele><time>2026-03-08T08:30:39Z</time><extensions><gpxtpx:TrackPointExtension><gpxtpx:hr>142</gpxtpx:hr><gpxtpx:cad>85</gpxtpx:cad></gpxtpx:TrackPointExtension></extensions></trkpt>
<trkpt lat="52.3282728" lon="4.8481140"><ele>3.6</ele><time>2026-03-08T08:30:42Z</time><extensions><gpxtpx:TrackPointExtension><gpxtpx:hr>141</gpxtpx:hr><gpxtpx:cad>85</gpxtpx:cad></gpxtpx:TrackPointExtension></extensions></trkpt>
<trkpt lat="52.3282678" lon="4.8479968"><ele>3.6</ele><time>2026-03-08T08:30:45Z</time><extensions><gpxtpx:TrackPointExtension><gpxtpx:hr>141</gpxtpx:hr><gpxtpx:cad>84</gpxtpx:cad></gpxtpx:TrackPointExtension></extensions></trkpt>
<trkpt lat="52.3282413" lon="4.8478870"><ele>3.6</ele><time>2026-03-08T08:30:48Z</time><extensions><gpxtpx:TrackPointExtension><gpxtpx:hr>141</gpxtpx:hr><gpxtpx:cad>86</gpxtpx:cad></gpxtpx:TrackPointExtension></extensions></trkpt>
<trkpt lat="52.3282144" lon="4.8477341"><ele>3.6</ele><time>2026-03-08T08:30:51Z</time><extensions><gpxtpx:TrackPointExtension><gpxtpx:hr>141</gpxtpx:hr><gpxtpx:cad>85</gpxtpx:cad></gpxtpx:TrackPointExtension></extensions></trkpt>
<trkpt lat="52.3281892" lon="4.8476203"><ele>3.6</ele><time>2026-03-08T08:30:54Z</time><extensions><gpxtpx:TrackPointExtension><gpxtpx:hr>141</gpxtpx:hr><gpxtpx:cad>86</gpxtpx:cad></gpxtpx:TrackPointExtension></extensions></trkpt>
<trkpt lat="52.3281693" lon="4.8474825"><ele>3.6</ele><time>2026-03-08T08:30:57Z</time><extensions><gpxtpx:TrackPointExtension><gpxtpx:hr>141</gpxtpx:hr><gpxtpx:cad>85</gpxtpx:cad></gpxtpx:TrackPointExtension></extensions></trkpt>
<trkpt lat="52.3281436" lon="4.8473691"><ele>3.6</ele><time>2026-03-08T08:31:00Z</time><extensions><gpxtpx:TrackPointExtension><gpxtpx:hr>141</gpxtpx:hr><gpxtpx:cad>85</gpxtpx:cad></gpxtpx:TrackPointExtension></extensions></trkpt>
<trkpt lat="52.3281165" lon="4.8472265"><ele>3.6</ele><time>2026-03-08T08:31:03Z</time><extensions><gpxtpx:TrackPointExtension><gpxtpx:hr>140</gpxtpx:hr><gpxtpx:cad>84</gpxtpx:cad></gpxtpx:TrackPointExtension></extensions></trkpt>
<trkpt lat="52.3280890" lon="4.8471294"><ele>3.6</ele><time>2026-03-08T08:31:06Z</time><extensions><gpxtpx:TrackPointExtension><gpxtpx:hr>140</gpxtpx:hr><gpxtpx:cad>86</gpxtpx:cad></gpxtpx:TrackPointExtension></extensions></trkpt>
<trkpt lat="52.3280616" lon="4.8469989"><ele>3.6</ele><time>2026-03-08T08:31:09Z</time><extensions><gpxtpx:TrackPointExtension><gpxtpx:hr>140</gpxtpx:hr><gpxtpx:cad>85</gpxtpx:cad></gpxtpx:TrackPointExtension></extensions></trkpt>
<trkpt lat="52.3280419" lon="4.8468578"><ele>3.6</ele><time>2026-03-08T08:31:12Z</time><extensions><gpxtpx:TrackPointExtension><gpxtpx:hr>141</gpxtpx:hr><gpxtpx:cad>86</gpxtpx:cad></gpxtpx:TrackPointExtension></extensions></trkpt>
<trkpt lat="52.3280138" lon="4.8467385"><ele>3.6</ele><time>2026-03-08T08:31:15Z</time><extensions><gpxtpx:TrackPointExtension><gpxtpx:hr>141</gpxtpx:hr><gpxtpx:cad>85</gpxtpx:cad></gpxtpx:TrackPointExtension></extensions></trkpt>
<trkpt lat="52.3279978" lon="4.8466074"><ele>3.6</ele><time>2026-03-08T08:31:18Z</time><extensions><gpxtpx:TrackPointExtension><gpxtpx:hr>140</gpxtpx:hr><gpxtpx:cad>85</gpxtpx:cad></gpxtpx:TrackPointExtension></extensions></trkpt>
<trkpt lat="52.3279633" lon="4.8464869"><ele>3.6</ele><time>2026-03-08T08:31:21Z</time><extensions><gpxtpx:TrackPointExtension><gpxtpx:hr>140</gpxtpx:hr><gpxtpx:cad>86</gpxtpx:cad></gpxtpx:TrackPointExtension></extensions></trkpt>
<trkpt lat="52.3279447" lon="4.8463479"><ele>3.6</ele><time>2026-03-08T08:31:24Z</time><extensions><gpxtpx:TrackPointExtension><gpxtpx:hr>141</gpxtpx:hr><gpxtpx:cad>85</gpxtpx:cad></gpxtpx:TrackPointExtension></extensions></trkpt>
<trkpt lat="52.3279179" lon="4.8462416"><ele>3.6</ele><time>2026-03-08T08:31:27Z</time><extensions><gpxtpx:TrackPointExtension><gpxtpx:hr>141</gpxtpx:hr><gpxtpx:cad>84</gpxtpx:cad></gpxtpx:TrackPointExtension></extensions></trkpt>
<trkpt lat="52.3278927" lon="4.8461140"><ele>3.6</ele><time>2026-03-08T08:31:30Z</time><extensions><gpxtpx:TrackPointExtension><gpxtpx:hr>140</gpxtpx:hr><gpxtpx:cad>84</gpxtpx:cad></gpxtpx:TrackPointExtension></extensions></trkpt>
<trkpt lat="52.3278753" lon="4.8459562"><ele>3.6</ele><time>2026-03-08T08:31:33Z</time><extensions><gpxtpx:TrackPointExtension><gpxtpx:hr>141</gpxtpx:hr><gpxtpx:cad>86</gpxtpx:cad></gpxtpx:TrackPointExtension></extensions></trkpt>
<trkpt lat="52.3278341" lon="4.8458726"><ele>3.6</ele><time>2026-03-08T08:31:36Z</time><extensions><gpxtpx:TrackPointExtension><gpxtpx:hr>142</gpxtpx:hr><gpxtpx:cad>84</gpxtpx:cad></gpxtpx:TrackPointExtension></extensions></trkpt>
<trkpt lat="52.3278162" lon="4.8457584"><ele>3.6</ele><time>2026-03-08T08:31:39Z</time><extensions><gpxtpx:TrackPointExtension><gpxtpx:hr>141</gpxtpx:hr><gpxtpx:cad>85</gpxtpx:cad></gpxtpx:TrackPointExtension></extensions></trkpt>
<trkpt lat="52.3277973" lon="4.8456028"><ele>3.6</ele><time>2026-03-08T08:31:42Z</time><extensions><gpxtpx:TrackPointExtension><gpxtpx:hr>141</gpxtpx:hr><gpxtpx:cad>86</gpxtpx:cad></gpxtpx:TrackPointExtension></extensions></trkpt>
<trkpt lat="52.3277680" lon="4.8454788"><ele>3.6</ele><time>2026-03-08T08:31:45Z</time><extensions><gpxtpx:TrackPointExtension><gpxtpx:hr>142</gpxtpx:hr><gpxtpx:cad>85</gpxtpx:cad></gpxtpx:TrackPointExtension></extensions></trkpt>
<trkpt lat="52.3277364" lon="4.8453765"><ele>3.6</ele><time>2026-03-08T08:31:48Z</time><extensions><gpxtpx:TrackPointExtension><gpxtpx:hr>142</gpxtpx:hr><gpxtpx:cad>86</gpxtpx:cad></gpxtpx:TrackPointExtension></extensions></trkpt>
<trkpt lat="52.3277078" lon="4.8452391"><ele>3.6</ele><time>2026-03-08T08:31:51Z</time><extensions><gpxtpx:TrackPointExtension><gpxtpx:hr>142</gpxtpx:hr><gpxtpx:cad>87</gpxtpx:cad></gpxtpx:TrackPointExtension></extensions></trkpt>
<trkpt lat="52.3276799" lon="4.8451218"><ele>3.6</ele><time>2026-03-08T08:31:54Z</time><extensions><gpxtpx:TrackPointExtension><gpxtpx:hr>142</gpxtpx:hr><gpxtpx:cad>85</gpxtpx:cad></gpxtpx:TrackPointExtension></extensions></trkpt>
<trkpt lat="52.3276490" lon="4.8449825"><ele>3.6</ele><time>2026-03-08T08:31:57Z</time><extensions><gpxtpx:TrackPointExtension><gpxtpx:hr>142</gpxtpx:hr><gpxtpx:cad>85</gpxtpx:cad></gpxtpx:TrackPointExtension></extensions></trkpt>
<trkpt lat="52.3276227" lon="4.8448627"><ele>3.6</ele><time>2026-03-08T08:32:00Z</time><extensions><gpxtpx:TrackPointExtension><gpxtpx:hr>142</gpxtpx:hr><gpxtpx:cad>85</gpxtpx:cad></gpxtpx:TrackPointExtension></extensions></trkpt>
<trkpt lat="52.3275861" lon="4.8447643"><ele>3.5</ele><time>2026-03-08T08:32:03Z</time><extensions><gpxtpx:TrackPointExtension><gpxtpx:hr>143</gpxtpx:hr><gpxtpx:cad>85</gpxtpx:cad></gpxtpx:TrackPointExtension></extensions></trkpt>
<trkpt lat="52.3275806" lon="4.8445962"><ele>3.5</ele><time>2026-03-08T08:32:06Z</time><extensions><gpxtpx:TrackPointExtension><gpxtpx:hr>142</gpxtpx:hr><gpxtpx:cad>86</gpxtpx:cad></gpxtpx:TrackPointExtension></extensions></trkpt>
<trkpt lat="52.3275244" lon="4.8445033"><ele>3.5</ele><time>2026-03-08T08:32:09Z</time><extensions><gpxtpx:TrackPointExtension><gpxtpx:hr>142</gpxtpx:hr><gpxtpx:cad>85</gpxtpx:cad></gpxtpx:TrackPointExtension></extensions></trkpt>
<trkpt lat="52.3275153" lon="4.8443693"><ele>3.5</ele><time>2026-03-08T08:32:12Z</time><extensions><gpxtpx:TrackPointExtension><gpxtpx:hr>142</gpxtpx:hr><gpxtpx:cad>84</gpxtpx:cad></gpxtpx:TrackPointExtension></extensions></trkpt>
<trkpt lat="52.3274844" lon="4.8442672"><ele>3.5</ele><time>2026-03-08T08:32:15Z</time><extensions><gpxtpx:TrackPointExtension><gpxtpx:hr>143</gpxtpx:hr><gpxtpx:cad>86</gpxtpx:cad></gpxtpx:TrackPointExtension></extensions></trkpt>
<trkpt lat="52.3274585" lon="4.8441167"><ele>3.5</ele><time>2026-03-08T08:32:18Z</time><extensions><gpxtpx:TrackPointExtension><gpxtpx:hr>142</gpxtpx:hr><gpxtpx:cad>86</gpxtpx:cad></gpxtpx:TrackPointExtension></extensions></trkpt>
<trkpt lat="52.3274243" lon="4.8439930"><ele>3.5</ele><time>2026-03-08T08:32:21Z</time><extensions><gpxtpx:TrackPointExtension><gpxtpx:hr>140</gpxtpx:hr><gpxtpx:cad>85</gpxtpx:cad></gpxtpx:TrackPointExtension></extensions></trkpt>
<trkpt lat="52.3274221" lon="4.8438470"><ele>3.5</ele><time>2026-03-08T08:32:24Z</time><extensions><gpxtpx:TrackPointExtension><gpxtpx:hr>140</gpxtpx:hr><gpxtpx:cad>86</gpxtpx:cad></gpxtpx:TrackPointExtension></extensions></trkpt>
<trkpt lat="52.3273735" lon="4.8437708"><ele>3.5</ele><time>2026-03-08T08:32:27Z</time><extensions><gpxtpx:TrackPointExtension><gpxtpx:hr>141</gpxtpx:hr><gpxtpx:cad>85</gpxtpx:cad></gpxtpx:TrackPointExtension></extensions></trkpt>
<trkpt lat="52.3273470" lon="4.8436033"><ele>3.5</ele><time>2026-03-08T08:32:30Z</time><extensions><gpxtpx:TrackPointExtension><gpxtpx:hr>140</gpxtpx:hr><gpxtpx:cad>86</gpxtpx:cad></gpxtpx:TrackPointExtension></extensions></trkpt>
<trkpt lat="52.3273160" lon="4.8434818"><ele>3.4</ele><time>2026-03-08T08:32:33Z</time><extensions><gpxtpx:TrackPointExtension><gpxtpx:hr>141</gpxtpx:hr><gpxtpx:cad>85</gpxtpx:cad></gpxtpx:TrackPointExtension></extensions></trkpt>
<trkpt lat="52.3272775" lon="4.8433470"><ele>3.4</ele><time>2026-03-08T08:32:36Z</time><extensions><gpxtpx:TrackPointExtension><gpxtpx:hr>141</gpxtpx:hr><gpxtpx:cad>85</gpxtpx:cad></gpxtpx:TrackPointExtension></extensions></trkpt>
<trkpt lat="52.3272640" lon="4.8432829"><ele>3.4</ele><time>2026-03-08T08:32:39Z</time><extensions><gpxtpx:TrackPointExtension><gpxtpx:hr>141</gpxtpx:hr><gpxtpx:cad>86</gpxtpx:cad></gpxtpx:TrackPointExtension></extensions></trkpt>
<trkpt lat="52.3272337" lon="4.8431383"><ele>3.4</ele><time>2026-03-08T08:32:42Z</time><extensions><gpxtpx:TrackPointExtension><gpxtpx:hr>140</gpxtpx:hr><gpxtpx:cad>85</gpxtpx:cad></gpxtpx:TrackPointExtension></extensions></trkpt>
<trkpt lat="52.3272172" lon="4.8430158"><ele>3.4</ele><time>2026-03-08T08:32:45Z</time><extensions><gpxtpx:TrackPointExtension><gpxtpx:hr>141</gpxtpx:hr><gpxtpx:cad>85</gpxtpx:cad></gpxtpx:TrackPointExtension></extensions></trkpt>
<trkpt lat="52.3271694" lon="4.8428823"><ele>3.4</ele><time>2026-03-08T08:32:48Z</time><extensions><gpxtpx:TrackPointExtension><gpxtpx:hr>141</gpxtpx:hr><gpxtpx:cad>85</gpxtpx:cad></gpxtpx:TrackPointExtension></extensions></trkpt>
<trkpt lat="52.3271541" lon="4.8427439"><ele>3.4</ele><time>2026-03-08T08:32:51Z</time><extensions><gpxtpx:TrackPointExtension><gpxtpx:hr>140</gpxtpx:hr><gpxtpx:cad>85</gpxtpx:cad></gpxtpx:TrackPointExtension></extensions></trkpt>
<trkpt lat="52.3271245" lon="4.8426169"><ele>3.3</ele><time>2026-03-08T08:32:54Z</time><extensions><gpxtpx:TrackPointExtension><gpxtpx:hr>140</gpxtpx:hr><gpxtpx:cad>86</gpxtpx:cad></gpxtpx:TrackPointExtension></extensions></trkpt>
<trkpt lat="52.3270949" lon="4.8424988"><ele>3.3</ele><time>2026-03-08T08:32:57Z</time><extensions><gpxtpx:TrackPointExtension><gpxtpx:hr>139</gpxtpx:hr><gpxtpx:cad>86</gpxtpx:cad></gpxtpx:TrackPointExtension></extensions></trkpt>
<trkpt lat="52.3270632" lon="4.8423833"><ele>3.3</ele><time>2026-03-08T08:33:00Z</time><extensions><gpxtpx:TrackPointExtension><gpxtpx:hr>139</gpxtpx:hr><gpxtpx:cad>86</gpxtpx:cad></gpxtpx:TrackPointExtension></extensions></trkpt>
<trkpt lat="52.3270433" lon="4.8422477"><ele>3.3</ele><time>2026-03-08T08:33:03Z</time><extensions><gpxtpx:TrackPointExtension><gpxtpx:hr>140</gpxtpx:hr><gpxtpx:cad>86</gpxtpx:cad></gpxtpx:TrackPointExtension></extensions></trkpt>
<trkpt lat="52.3270003" lon="4.8421588"><ele>3.3</ele><time>2026-03-08T08:33:06Z</time><extensions><gpxtpx:TrackPointExtension><gpxtpx:hr>140</gpxtpx:hr><gpxtpx:cad>86</gpxtpx:cad></gpxtpx:TrackPointExtension></extensions></trkpt>
<trkpt lat="52.3269752" lon="4.8419997"><ele>3.3</ele><time>2026-03-08T08:33:09Z</time><extensions><gpxtpx:TrackPointExtension><gpxtpx:hr>139</gpxtpx:hr><gpxtpx:cad>85</gpxtpx:cad></gpxtpx:TrackPointExtension></extensions></trkpt>
<trkpt lat="52.3269604" lon="4.8419014"><ele>3.2</ele><time>2026-03-08T08:33:12Z</time><extensions><gpxtpx:TrackPointExtension><gpxtpx:hr>139</gpxtpx:hr><gpxtpx:cad>85</gpxtpx:cad></gpxtpx:TrackPointExtension></extensions></trkpt>
<trkpt lat="52.3269072" lon="4.8417491"><ele>3.2</ele><time>2026-03-08T08:33:15Z</time><extensions><gpxtpx:TrackPointExtension><gpxtpx:hr>140</gpxtpx:hr><gpxtpx:cad>87</gpxtpx:cad></gpxtpx:TrackPointExtension></extensions></trkpt>
<trkpt lat="52.3268856" lon="4.8416324"><ele>3.2</ele><time>2026-03-08T08:33:18Z</time><extensions><gpxtpx:TrackPointExtension><gpxtpx:hr>141</gpxtpx:hr><gpxtpx:cad>85</gpxtpx:cad></gpxtpx:TrackPointExtension></extensions></trkpt>
<trkpt lat="52.3268562" lon="4.8415034"><ele>3.2</ele><time>2026-03-08T08:33:21Z</time><extensions><gpxtpx:TrackPointExtension><gpxtpx:hr>140</gpxtpx:hr><gpxtpx:cad>86</gpxtpx:cad></gpxtpx:TrackPointExtension></extensions></trkpt>
<trkpt lat="52.3268463" lon="4.8413909"><ele>3.2</ele><time>2026-03-08T08:33:24Z</time><extensions><gpxtpx:TrackPointExtension><gpxtpx:hr>140</gpxtpx:hr><gpxtpx:cad>86</gpxtpx:cad></gpxtpx:TrackPointExtension></extensions></trkpt>
<trkpt lat="52.3268286" lon="4.8412714"><ele>3.1</ele><time>2026-03-08T08:33:27Z</time><extensions><gpxtpx:TrackPointExtension><gpxtpx:hr>142</gpxtpx:hr><gpxtpx:cad>86</gpxtpx:cad></gpxtpx:TrackPointExtension></extensions></trkpt>
<trkpt lat="52.3267889" lon="4.8411080"><ele>3.1</ele><time>2026-03-08T08:33:30Z</time><extensions><gpxtpx:TrackPointExtension><gpxtpx:hr>142</gpxtpx:hr><gpxtpx:cad>84</gpxtpx:cad></gpxtpx:TrackPointExtension></extensions></trkpt>
<trkpt lat="52.3267692" lon="4.8410057"><ele>3.1</ele><time>2026-03-08T08:33:33Z</time><extensions><gpxtpx:TrackPointExtension><gpxtpx:hr>142</gpxtpx:hr><gpxtpx:cad>85</gpxtpx:cad></gpxtpx:TrackPointExtension></extensions></trkpt>
<trkpt lat="52.3267426" lon="4.8408752"><ele>3.1</ele><time>2026-03-08T08:33:36Z</time><extensions><gpxtpx:TrackPointExtension><gpxtpx:hr>143</gpxtpx:hr><gpxtpx:cad>86</gpxtpx:cad></gpxtpx:TrackPointExtension></extensions></trkpt>
<trkpt lat="52.3267145" lon="4.8407420"><ele>3.1</ele><time>2026-03-08T08:33:39Z</time><extensions><gpxtpx:TrackPointExtension><gpxtpx:hr>141</gpxtpx:hr><gpxtpx:cad>85</gpxtpx:cad></gpxtpx:TrackPointExtension></extensions></trkpt>
<trkpt lat="52.3267042" lon="4.8406327"><ele>3.0</ele><time>2026-03-08T08:33:42Z</time><extensions><gpxtpx:TrackPointExtension><gpxtpx:hr>141</gpxtpx:hr><gpxtpx:cad>86</gpxtpx:cad></gpxtpx:TrackPointExtension></extensions></trkpt>
<trkpt lat="52.3266864" lon="4.8404908"><ele>3.0</ele><time>2026-03-08T08:33:45Z</time><extensions><gpxtpx:TrackPointExtension><gpxtpx:hr>141</gpxtpx:hr><gpxtpx:cad>85</gpxtpx:cad></gpxtpx:TrackPointExtension></extensions></trkpt>
<trkpt lat="52.3266540" lon="4.8403806"><ele>3.0</ele><time>2026-03-08T08:33:48Z</time><extensions><gpxtpx:TrackPointExtension><gpxtpx:hr>141</gpxtpx:hr><gpxtpx:cad>85</gpxtpx:cad></gpxtpx:TrackPointExtension></extensions></trkpt>
<trkpt lat="52.3266283" lon="4.8402545"><ele>3.0</ele><time>2026-03-08T08:33:51Z</time><extensions><gpxtpx:TrackPointExtension><gpxtpx:hr>141</gpxtpx:hr><gpxtpx:cad>85</gpxtpx:cad></gpxtpx:TrackPointExtension></extensions></trkpt>
<trkpt lat="52.3265997" lon="4.8401148"><ele>2.9</ele><time>2026-03-08T08:33:54Z</time><extensions><gpxtpx:TrackPointExtension><gpxtpx:hr>141</gpxtpx:hr><gpxtpx:cad>85</gpxtpx:cad></gpxtpx:TrackPointExtension></extensions></trkpt>
<trkpt lat="52.3265905" lon="4.8399871"><ele>2.9</ele><time>2026-03-08T08:33:57Z</time><extensions><gpxtpx:TrackPointExtension><gpxtpx:hr>140</gpxtpx:hr><gpxtpx:cad>85</gpxtpx:cad></gpxtpx:TrackPointExtension></extensions></trkpt>
<trkpt lat="52.3265700" lon="4.8398543"><ele>2.9</ele><time>2026-03-08T08:34:00Z</time><extensions><gpxtpx:TrackPointExtension><gpxtpx:hr>140</gpxtpx:hr><gpxtpx:cad>85</gpxtpx:cad></gpxtpx:TrackPointExtension></extensions></trkpt>
<trkpt lat="52.3265446" lon="4.8397483"><ele>2.9</ele><time>2026-03-08T08:34:03Z</time><extensions><gpxtpx:TrackPointExtension><gpxtpx:hr>141</gpxtpx:hr><gpxtpx:cad>85</gpxtpx:cad></gpxtpx:TrackPointExtension></extensions></trkpt>
<trkpt lat="52.3265279" lon="4.8396126"><ele>2.8</ele><time>2026-03-08T08:34:06Z</time><extensions><gpxtpx:TrackPointExtension><gpxtpx:hr>140</gpxtpx:hr><gpxtpx:cad>85</gpxtpx:cad></gpxtpx:TrackPointExtension></extensions></trkpt>
<trkpt lat="52.3265131" lon="4.8394624"><ele>2.8</ele><time>2026-03-08T08:34:09Z</time><extensions><gpxtpx:TrackPointExtension><gpxtpx:hr>140</gpxtpx:hr><gpxtpx:cad>84</gpxtpx:cad></gpxtpx:TrackPointExtension></extensions></trkpt>
<trkpt lat="52.3264867" lon="4.8393481"><ele>2.8</ele><time>2026-03-08T08:34:12Z</time><extensions><gpxtpx:TrackPointExtension><gpxtpx:hr>141</gpxtpx:hr><gpxtpx:cad>84</gpxtpx:cad></gpxtpx:TrackPointExtension></extensions></trkpt>
<trkpt lat="52.3264779" lon="4.8392157"><ele>2.8</ele><time>2026-03-08T08:34:15Z</time><extensions><gpxtpx:TrackPointExtension><gpxtpx:hr>140</gpxtpx:hr><gpxtpx:cad>85</gpxtpx:cad></gpxtpx:TrackPointExtension></extensions></trkpt>
<trkpt lat="52.3264565" lon="4.8390929"><ele>2.7</ele><time>2026-03-08T08:34:18Z</time><extensions><gpxtpx:TrackPointExtension><gpxtpx:hr>141</gpxtpx:hr><gpxtpx:cad>87</gpxtpx:cad></gpxtpx:TrackPointExtension></extensions></trkpt>
<trkpt lat="52.3264515" lon="4.8389512"><ele>2.7</ele><time>2026-03-08T08:34:21Z</time><extensions><gpxtpx:TrackPointExtension><gpxtpx:hr>141</gpxtpx:hr><gpxtpx:cad>84</gpxtpx:cad></gpxtpx:TrackPointExtension></extensions></trkpt>
<trkpt lat="52.3264243" lon="4.8388394"><ele>2.7</ele><time>2026-03-08T08:34:24Z</time><extensions><gpxtpx:TrackPointExtension><gpxtpx:hr>142</gpxtpx:hr><gpxtpx:cad>86</gpxtpx:cad></gpxtpx:TrackPointExtension></extensions></trkpt>
<trkpt lat="52.3264174" lon="4.8387001"><ele>2.6</ele><time>2026-03-08T08:34:27Z</time><extensions><gpxtpx:TrackPointExtension><gpxtpx:hr>142</gpxtpx:hr><gpxtpx:cad>85</gpxtpx:cad></gpxtpx:TrackPointExtension></extensions></trkpt>
<trkpt lat="52.3264028" lon="4.8385612"><ele>2.6</ele><time>2026-03-08T08:34:30Z</time><extensions><gpxtpx:TrackPointExtension><gpxtpx:hr>143</gpxtpx:hr><gpxtpx:cad>87</gpxtpx:cad></gpxtpx:TrackPointExtension></extensions></trkpt>
<trkpt lat="52.3264026" lon="4.8384360"><ele>2.6</ele><time>2026-03-08T08:34:33Z</time><extensions><gpxtpx:TrackPointExtension><gpxtpx:hr>142</gpxtpx:hr><gpxtpx:cad>85</gpxtpx:cad></gpxtpx:TrackPointExtension></extensions></trkpt>
<trkpt lat="52.3263862" lon="4.8382854"><ele>2.5</ele><time>2026-03-08T08:34:36Z</time><extensions><gpxtpx:TrackPointExtension><gpxtpx:hr>142</gpxtpx:hr><gpxtpx:cad>84</gpxtpx:cad></gpxtpx:TrackPointExtension></extensions></trkpt>
<trkpt lat="52.3263591" lon="4.8381537"><ele>2.5</ele><time>2026-03-08T08:34:39Z</time><extensions><gpxtpx:TrackPointExtension><gpxtpx:hr>142</gpxtpx:hr><gpxtpx:cad>84</gpxtpx:cad></gpxtpx:TrackPointExtension></extensions></trkpt>
<trkpt lat="52.3263749" lon="4.8380261"><ele>2.5</ele><time>2026-03-08T08:34:42Z</time><extensions><gpxtpx:TrackPointExtension><gpxtpx:hr>142</gpxtpx:hr><gpxtpx:cad>85</gpxtpx:cad></gpxtpx:TrackPointExtension></extensions></trkpt>
<trkpt lat="52.3263619" lon="4.8378929"><ele>2.5</ele><time>2026-03-08T08:34:45Z</time><extensions><gpxtpx:TrackPointExtension><gpxtpx:hr>141</gpxtpx:hr><gpxtpx:cad>84</gpxtpx:cad></gpxtpx:TrackPointExtension></extensions></trkpt>
<trkpt lat="52.3263528" lon="4.8377589"><ele>2.4</ele><time>2026-03-08T08:34:48Z</time><extensions><gpxtpx:TrackPointExtension><gpxtpx:hr>140</gpxtpx:hr><gpxtpx:cad>85</gpxtpx:cad></gpxtpx:TrackPointExtension></extensions></trkpt>
<trkpt lat="52.3263490" lon="4.8376265"><ele>2.4</ele><time>2026-03-08T08:34:51Z</time><extensions><gpxtpx:TrackPointExtension><gpxtpx:hr>140</gpxtpx:hr><gpxtpx:cad>87</gpxtpx:cad></gpxtpx:TrackPointExtension></extensions></trkpt>
<trkpt lat="52.3263212" lon="4.8375144"><ele>2.4</ele><time>2026-03-08T08:34:54Z</time><extensions><gpxtpx:TrackPointExtension><gpxtpx:hr>140</gpxtpx:hr><gpxtpx:cad>83</gpxtpx:cad></gpxtpx:TrackPointExtension></extensions></trkpt>
<trkpt lat="52.3263404" lon="4.8373512"><ele>2.3</ele><time>2026-03-08T08:34:57Z</time><extensions><gpxtpx:TrackPointExtension><gpxtpx:hr>141</gpxtpx:hr><gpxtpx:cad>84</gpxtpx:cad></gpxtpx:TrackPointExtension></extensions></trkpt>
<trkpt lat="52.3263340" lon="4.8372334"><ele>2.3</ele><time>2026-03-08T08:35:00Z</time><extensions><gpxtpx:TrackPointExtension><gpxtpx:hr>142</gpxtpx:hr><gpxtpx:cad>85</gpxtpx:cad></gpxtpx:TrackPointExtension></extensions></trkpt>
<trkpt lat="52.3263249" lon="4.8371109"><ele>2.3</ele><time>2026-03-08T08:35:03Z</time><extensions><gpxtpx:TrackPointExtension><gpxtpx:hr>143</gpxtpx:hr><gpxtpx:cad>85</gpxtpx:cad></gpxtpx:TrackPointExtension></extensions></trkpt>
<trkpt lat="52.3263320" lon="4.8369576"><ele>2.2</ele><time>2026-03-08T08:35:06Z</time><extensions><gpxtpx:TrackPointExtension><gpxtpx:hr>143</gpxtpx:hr><gpxtpx:cad>85</gpxtpx:cad></gpxtpx:TrackPointExtension></extensions></trkpt>
<trkpt lat="52.3263307" lon="4.8368437"><ele>2.2</ele><time>2026-03-08T08:35:09Z</time><extensions><gpxtpx:TrackPointExtension><gpxtpx:hr>143</gpxtpx:hr><gpxtpx:cad>85</gpxtpx:cad></gpxtpx:TrackPointExtension></extensions></trkpt>
<trkpt lat="52.3263406" lon="4.8366975"><ele>2.2</ele><time>2026-03-08T08:35:12Z</time><extensions><gpxtpx:TrackPointExtension><gpxtpx:hr>142</gpxtpx:hr><gpxtpx:cad>87</gpxtpx:cad></gpxtpx:TrackPointExtension></extensions></trkpt>
<trkpt lat="52.3263431" lon="4.8365901"><ele>2.1</ele><time>2026-03-08T08:35:15Z</time><extensions><gpxtpx:TrackPointExtension><gpxtpx:hr>142</gpxtpx:hr><gpxtpx:cad>85</gpxtpx:cad></gpxtpx:TrackPointExtension></extensions></trkpt>
<trkpt lat="52.3263505" lon="4.8364508"><ele>2.1</ele><time>2026-03-08T08:35:18Z</time><extensions><gpxtpx:TrackPointExtension><gpxtpx:hr>142</gpxtpx:hr><gpxtpx:cad>85</gpxtpx:cad></gpxtpx:TrackPointExtension></extensions></trkpt>
<trkpt lat="52.3263492" lon="4.8363148"><ele>2.1</ele><time>2026-03-08T08:35:21Z</time><extensions><gpxtpx:TrackPointExtension><gpxtpx:hr>142</gpxtpx:hr><gpxtpx:cad>85</gpxtpx:cad></gpxtpx:TrackPointExtension></extensions></trkpt>
<trkpt lat="52.3263618" lon="4.8361832"><ele>2.0</ele><time>2026-03-08T08:35:24Z</time><extensions><gpxtpx:TrackPointExtension><gpxtpx:hr>142</gpxtpx:hr><gpxtpx:cad>86</gpxtpx:cad></gpxtpx:TrackPointExtension></extensions></trkpt>
<trkpt lat="52.3263731" lon="4.8360199"><ele>2.0</ele><time>2026-03-08T08:35:27Z</time><extensions><gpxtpx:TrackPointExtension><gpxtpx:hr>142</gpxtpx:hr><gpxtpx:cad>85</gpxtpx:cad></gpxtpx:TrackPointExtension></extensions></trkpt>
<trkpt lat="52.3263790" lon="4.8359042"><ele>2.0</ele><time>2026-03-08T08:35:30Z</time><extensions><gpxtpx:TrackPointExtension><gpxtpx:hr>142</gpxtpx:hr><gpxtpx:cad>86</gpxtpx:cad></gpxtpx:TrackPointExtension></extensions></trkpt>
<trkpt lat="52.3263924" lon="4.8357792"><ele>1.9</ele><time>2026-03-08T08:35:33Z</time><extensions><gpxtpx:TrackPointExtension><gpxtpx:hr>143</gpxtpx:hr><gpxtpx:cad>85</gpxtpx:cad></gpxtpx:TrackPointExtension></extensions></trkpt>
<trkpt lat="52.3264027" lon="4.8356512"><ele>1.9</ele><time>2026-03-08T08:35:36Z</time><extensions><gpxtpx:TrackPointExtension><gpxtpx:hr>142</gpxtpx:hr><gpxtpx:cad>86</gpxtpx:cad></gpxtpx:TrackPointExtension></extensions></trkpt>
<trkpt lat="52.3264131" lon="4.8355315"><ele>1.9</ele><time>2026-03-08T08:35:39Z</time><extensions><gpxtpx:TrackPointExtension><gpxtpx:hr>142</gpxtpx:hr><gpxtpx:cad>84</gpxtpx:cad></gpxtpx:TrackPointExtension></extensions></trkpt>
<trkpt lat="52.3264240" lon="4.8353746"><ele>1.8</ele><time>2026-03-08T08:35:42Z</time><extensions><gpxtpx:TrackPointExtension><gpxtpx:hr>142</gpxtpx:hr><gpxtpx:cad>86</gpxtpx:cad></gpxtpx:TrackPointExtension></extensions></trkpt>
<trkpt lat="52.3264393" lon="4.8352478"><ele>1.8</ele><time>2026-03-08T08:35:45Z</time><extensions><gpxtpx:TrackPointExtension><gpxtpx:hr>141</gpxtpx:hr><gpxtpx:cad>86</gpxtpx:cad></gpxtpx:TrackPointExtension></extensions></trkpt>
<trkpt lat="52.3264583" lon="4.8351295"><ele>1.7</ele><time>2026-03-08T08:35:48Z</time><extensions><gpxtpx:TrackPointExtension><gpxtpx:hr>141</gpxtpx:hr><gpxtpx:cad>85</gpxtpx:cad></gpxtpx:TrackPointExtension></extensions></trkpt>
<trkpt lat="52.3264708" lon="4.8349987"><ele>1.7</ele><time>2026-03-08T08:35:51Z</time><extensions><gpxtpx:TrackPointExtension><gpxtpx:hr>140</gpxtpx:hr><gpxtpx:cad>86</gpxtpx:cad></gpxtpx:TrackPointExtension></extensions></trkpt>
<trkpt lat="52.3264887" lon="4.8348797"><ele>1.7</ele><time>2026-03-08T08:35:54Z</time><extensions><gpxtpx:TrackPointExtension><gpxtpx:hr>140</gpxtpx:hr><gpxtpx:cad>85</gpxtpx:cad></gpxtpx:TrackPointExtension></extensions></trkpt>
<trkpt lat="52.3264843" lon="4.8347589"><ele>1.6</ele><time>2026-03-08T08:35:57Z</time><extensions><gpxtpx:TrackPointExtension><gpxtpx:hr>139</gpxtpx:hr><gpxtpx:cad>85</gpxtpx:cad></gpxtpx:TrackPointExtension></extensions></trkpt>
<trkpt lat="52.3265038" lon="4.8346116"><ele>1.6</ele><time>2026-03-08T08:36:00Z</time><extensions><gpxtpx:TrackPointExtension><gpxtpx:hr>139</gpxtpx:hr><gpxtpx:cad>85</gpxtpx:cad></gpxtpx:TrackPointExtension></extensions></trkpt>
<trkpt lat="52.3265218" lon="4.8345000"><ele>1.6</ele><time>2026-03-08T08:36:03Z</time><extensions><gpxtpx:TrackPointExtension><gpxtpx:hr>140</gpxtpx:hr><gpxtpx:cad>86</gpxtpx:cad></gpxtpx:TrackPointExtension></extensions></trkpt>
<trkpt lat="52.3265449" lon="4.8343697"><ele>1.5</ele><time>2026-03-08T08:36:06Z</time><extensions><gpxtpx:TrackPointExtension><gpxtpx:hr>140</gpxtpx:hr><gpxtpx:cad>86</gpxtpx:cad></gpxtpx:TrackPointExtension></extensions></trkpt>
<trkpt lat="52.3265682" lon="4.8342281"><ele>1.5</ele><time>2026-03-08T08:36:09Z</time><extensions><gpxtpx:TrackPointExtension><gpxtpx:hr>139</gpxtpx:hr><gpxtpx:cad>85</gpxtpx:cad></gpxtpx:TrackPointExtension></extensions></trkpt>
<trkpt lat="52.3265751" lon="4.8340840"><ele>1.5</ele><time>2026-03-08T08:36:12Z</time><extensions><gpxtpx:TrackPointExtension><gpxtpx:hr>140</gpxtpx:hr><gpxtpx:cad>86</gpxtpx:cad></gpxtpx:TrackPointExtension></extensions></trkpt>
<trkpt lat="52.3266129" lon="4.8339722"><ele>1.4</ele><time>2026-03-08T08:36:15Z</time><extensions><gpxtpx:TrackPointExtension><gpxtpx:hr>140</gpxtpx:hr><gpxtpx:cad>85</gpxtpx:cad></gpxtpx:TrackPointExtension></extensions></trkpt>
<trkpt lat="52.3266287" lon="4.8338302"><ele>1.4</ele><time>2026-03-08T08:36:18Z</time><extensions><gpxtpx:TrackPointExtension><gpxtpx:hr>140</gpxtpx:hr><gpxtpx:cad>85</gpxtpx:cad></gpxtpx:TrackPointExtension></extensions></trkpt>
<trkpt lat="52.3266395" lon="4.8337027"><ele>1.3</ele><time>2026-03-08T08:36:21Z</time><extensions><gpxtpx:TrackPointExtension><gpxtpx:hr>140</gpxtpx:hr><gpxtpx:cad>85</gpxtpx:cad></gpxtpx:TrackPointExtension></extensions></trkpt>
<trkpt lat="52.3266552" lon="4.8336043"><ele>1.3</ele><time>2026-03-08T08:36:24Z</time><extensions><gpxtpx:TrackPointExtension><gpxtpx:hr>141</gpxtpx:hr><gpxtpx:cad>85</gpxtpx:cad></gpxtpx:TrackPointExtension></extensions></trkpt>
<trkpt lat="52.3266799" lon="4.8334579"><ele>1.3</ele><time>2026-03-08T08:36:27Z</time><extensions><gpxtpx:TrackPointExtension><gpxtpx:hr>141</gpxtpx:hr><gpxtpx:cad>84</gpxtpx:cad></gpxtpx:TrackPointExtension></extensions></trkpt>
<trkpt lat="52.3266985" lon="4.8333014"><ele>1.2</ele><time>2026-03-08T08:36:30Z</time><extensions><gpxtpx:TrackPointExtension><gpxtpx:hr>141</gpxtpx:hr><gpxtpx:cad>85</gpxtpx:cad></gpxtpx:TrackPointExtension></extensions></trkpt>
<trkpt lat="52.3267265" lon="4.8331910"><ele>1.2</ele><time>2026-03-08T08:36:33Z</time><extensions><gpxtpx:TrackPointExtension><gpxtpx:hr>142</gpxtpx:hr><gpxtpx:cad>84</gpxtpx:cad></gpxtpx:TrackPointExtension></extensions></trkpt>
<trkpt lat="52.3267435" lon="4.8330500"><ele>1.2</ele><time>2026-03-08T08:36:36Z</time><extensions><gpxtpx:TrackPointExtension><gpxtpx:hr>141</gpxtpx:hr><gpxtpx:cad>85</gpxtpx:cad></gpxtpx:TrackPointExtension></extensions></trkpt>
<trkpt lat="52.3267580" lon="4.8329454"><ele>1.1</ele><time>2026-03-08T08:36:39Z</time><extensions><gpxtpx:TrackPointExtension><gpxtpx:hr>141</gpxtpx:hr><gpxtpx:cad>88</gpxtpx:cad></gpxtpx:TrackPointExtension></extensions></trkpt>
<trkpt lat="52.3267938" lon="4.8328235"><ele>1.1</ele><time>2026-03-08T08:36:42Z</time><extensions><gpxtpx:TrackPointExtension><gpxtpx:hr>141</gpxtpx:hr><gpxtpx:cad>85</gpxtpx:cad></gpxtpx:TrackPointExtension></extensions></trkpt>
<trkpt lat="52.3268219" lon="4.8326942"><ele>1.1</ele><time>2026-03-08T08:36:45Z</time><extensions><gpxtpx:TrackPointExtension><gpxtpx:hr>140</gpxtpx:hr><gpxtpx:cad>86</gpxtpx:cad></gpxtpx:TrackPointExtension></extensions></trkpt>
<trkpt lat="52.3268282" lon="4.8325359"><ele>1.0</ele><time>2026-03-08T08:36:48Z</time><extensions><gpxtpx:TrackPointExtension><gpxtpx:hr>140</gpxtpx:hr><gpxtpx:cad>85</gpxtpx:cad></gpxtpx:TrackPointExtension></extensions></trkpt>
<trkpt lat="52.3268629" lon="4.8324040"><ele>1.0</ele><time>2026-03-08T08:36:51Z</time><extensions><gpxtpx:TrackPointExtension><gpxtpx:hr>139</gpxtpx:hr><gpxtpx:cad>85</gpxtpx:cad></gpxtpx:TrackPointExtension></extensions></trkpt>
<trkpt lat="52.3268908" lon="4.8323028"><ele>0.9</ele><time>2026-03-08T08:36:54Z</time><extensions><gpxtpx:TrackPointExtension><gpxtpx:hr>139</gpxtpx:hr><gpxtpx:cad>84</gpxtpx:cad></gpxtpx:TrackPointExtension></extensions></trkpt>
<trkpt lat="52.3269023" lon="4.8321663"><ele>0.9</ele><time>2026-03-08T08:36:57Z</time><extensions><gpxtpx:TrackPointExtension><gpxtpx:hr>140</gpxtpx:hr><gpxtpx:cad>85</gpxtpx:cad></gpxtpx:TrackPointExtension></extensions></trkpt>
<trkpt lat="52.3269348" lon="4.8320411"><ele>0.9</ele><time>2026-03-08T08:37:00Z</time><extensions><gpxtpx:TrackPointExtension><gpxtpx:hr>140</gpxtpx:hr><gpxtpx:cad>84</gpxtpx:cad></gpxtpx:TrackPointExtension></extensions></trkpt>
<trkpt lat="52.3269564" lon="4.8319224"><ele>0.8</ele><time>2026-03-08T08:37:03Z</time><extensions><gpxtpx:TrackPointExtension><gpxtpx:hr>139</gpxtpx:hr><gpxtpx:cad>83</gpxtpx:cad></gpxtpx:TrackPointExtension></extensions></trkpt>
<trkpt lat="52.3269752" lon="4.8318053"><ele>0.8</ele><time>2026-03-08T08:37:06Z</time><extensions><gpxtpx:TrackPointExtension><gpxtpx:hr>139</gpxtpx:hr><gpxtpx:cad>85</gpxtpx:cad></gpxtpx:TrackPointExtension></extensions></trkpt>
<trkpt lat="52.3269990" lon="4.8316579"><ele>0.8</ele><time>2026-03-08T08:37:09Z</time><extensions><gpxtpx:TrackPointExtension><gpxtpx:hr>139</gpxtpx:hr><gpxtpx:cad>85</gpxtpx:cad></gpxtpx:TrackPointExtension></extensions></trkpt>
<trkpt lat="52.3270113" lon="4.8315528"><ele>0.7</ele><time>2026-03-08T08:37:12Z</time><extensions><gpxtpx:TrackPointExtension><gpxtpx:hr>140</gpxtpx:hr><gpxtpx:cad>85</gpxtpx:cad></gpxtpx:TrackPointExtension></extensions></trkpt>
<trkpt lat="52.3270394" lon="4.8314432"><ele>0.7</ele><time>2026-03-08T08:37:15Z</time><extensions><gpxtpx:TrackPointExtension><gpxtpx:hr>141</gpxtpx:hr><gpxtpx:cad>84</gpxtpx:cad></gpxtpx:TrackPointExtension></extensions></trkpt>
<trkpt lat="52.3270517" lon="4.8313201"><ele>0.7</ele><time>2026-03-08T08:37:18Z</time><extensions><gpxtpx:TrackPointExtension><gpxtpx:hr>142</gpxtpx:hr><gpxtpx:cad>85</gpxtpx:cad></gpxtpx:TrackPointExtension></extensions></trkpt>
<trkpt lat="52.3271030" lon="4.8311598"><ele>0.6</ele><time>2026-03-08T08:37:21Z</time><extensions><gpxtpx:TrackPointExtension><gpxtpx:hr>142</gpxtpx:hr><gpxtpx:cad>83</gpxtpx:cad></gpxtpx:TrackPointExtension></extensions></trkpt>
<trkpt lat="52.3271091" lon="4.8310468"><ele>0.6</ele><time>2026-03-08T08:37:24Z</time><extensions><gpxtpx:TrackPointExtension><gpxtpx:hr>142</gpxtpx:hr><gpxtpx:cad>84</gpxtpx:cad></gpxtpx:TrackPointExtension></extensions></trkpt>
<trkpt lat="52.3271403" lon="4.8309304"><ele>0.6</ele><time>2026-03-08T08:37:27Z</time><extensions><gpxtpx:TrackPointExtension><gpxtpx:hr>143</gpxtpx:hr><gpxtpx:cad>86</gpxtpx:cad></gpxtpx:TrackPointExtension></extensions></trkpt>
<trkpt lat="52.3271682" lon="4.8308028"><ele>0.5</ele><time>2026-03-08T08:37:30Z</time><extensions><gpxtpx:TrackPointExtension><gpxtpx:hr>143</gpxtpx:hr><gpxtpx:cad>85</gpxtpx:cad></gpxtpx:TrackPointExtension></extensions></trkpt>
<trkpt lat="52.3271867" lon="4.8306874"><ele>0.5</ele><time>2026-03-08T08:37:33Z</time><extensions><gpxtpx:TrackPointExtension><gpxtpx:hr>142</gpxtpx:hr><gpxtpx:cad>84</gpxtpx:cad></gpxtpx:TrackPointExtension></extensions></trkpt>
<trkpt lat="52.3272084" lon="4.8305403"><ele>0.5</ele><time>2026-03-08T08:37:36Z</time><extensions><gpxtpx:TrackPointExtension><gpxtpx:hr>142</gpxtpx:hr><gpxtpx:cad>85</gpxtpx:cad></gpxtpx:TrackPointExtension></extensions></trkpt>
<trkpt lat="52.3272389" lon="4.8304393"><ele>0.4</ele><time>2026-03-08T08:37:39Z</time><extensions><gpxtpx:TrackPointExtension><gpxtpx:hr>142</gpxtpx:hr><gpxtpx:cad>85</gpxtpx:cad></gpxtpx:TrackPointExtension></extensions></trkpt>
<trkpt lat="52.3272653" lon="4.8302950"><ele>0.4</ele><time>2026-03-08T08:37:42Z</time><extensions><gpxtpx:TrackPointExtension><gpxtpx:hr>143</gpxtpx:hr><gpxtpx:cad>84</gpxtpx:cad></gpxtpx:TrackPointExtension></extensions></trkpt>
<trkpt lat="52.3272880" lon="4.8301565"><ele>0.4</ele><time>2026-03-08T08:37:45Z</time><extensions><gpxtpx:TrackPointExtension><gpxtpx:hr>143</gpxtpx:hr><gpxtpx:cad>85</gpxtpx:cad></gpxtpx:TrackPointExtension></extensions></trkpt>
<trkpt lat="52.3273042" lon="4.8300412"><ele>0.3</ele><time>2026-03-08T08:37:48Z</time><extensions><gpxtpx:TrackPointExtension><gpxtpx:hr>143</gpxtpx:hr><gpxtpx:cad>86</gpxtpx:cad></gpxtpx:TrackPointExtension></extensions></trkpt>
<trkpt lat="52.3273323" lon="4.8299355"><ele>0.3</ele><time>2026-03-08T08:37:51Z</time><extensions><gpxtpx:TrackPointExtension><gpxtpx:hr>143</gpxtpx:hr><gpxtpx:cad>84</gpxtpx:cad></gpxtpx:TrackPointExtension></extensions></trkpt>
<trkpt lat="52.3273496" lon="4.8297842"><ele>0.3</ele><time>2026-03-08T08:37:54Z</time><extensions><gpxtpx:TrackPointExtension><gpxtpx:hr>143</gpxtpx:hr><gpxtpx:cad>85</gpxtpx:cad></gpxtpx:TrackPointExtension></extensions></trkpt>
<trkpt lat="52.3273717" lon="4.8296740"><ele>0.2</ele><time>2026-03-08T08:37:57Z</time><extensions><gpxtpx:TrackPointExtension><gpxtpx:hr>143</gpxtpx:hr><gpxtpx:cad>85</gpxtpx:cad></gpxtpx:TrackPointExtension></extensions></trkpt>
<trkpt lat="52.3273962" lon="4.8295297"><ele>0.2</ele><time>2026-03-08T08:38:00Z</time><extensions><gpxtpx:TrackPointExtension><gpxtpx:hr>142</gpxtpx:hr><gpxtpx:cad>85</gpxtpx:cad></gpxtpx:TrackPointExtension></extensions></trkpt>
<trkpt lat="52.3274408" lon="4.8294059"><ele>0.2</ele><time>2026-03-08T08:38:03Z</time><extensions><gpxtpx:TrackPointExtension><gpxtpx:hr>143</gpxtpx:hr><gpxtpx:cad>85</gpxtpx:cad></gpxtpx:TrackPointExtension></extensions></trkpt>
<trkpt lat="52.3274431" lon="4.8293074"><ele>0.1</ele><time>2026-03-08T08:38:06Z</time><extensions><gpxtpx:TrackPointExtension><gpxtpx:hr>142</gpxtpx:hr><gpxtpx:cad>84</gpxtpx:cad></gpxtpx:TrackPointExtension></extensions></trkpt>
<trkpt lat="52.3274654" lon="4.8291504"><ele>0.1</ele><time>2026-03-08T08:38:09Z</time><extensions><gpxtpx:TrackPointExtension><gpxtpx:hr>142</gpxtpx:hr><gpxtpx:cad>87</gpxtpx:cad></gpxtpx:TrackPointExtension></extensions></trkpt>
<trkpt lat="52.3274916" lon="4.8290275"><ele>0.1</ele><time>2026-03-08T08:38:12Z</time><extensions><gpxtpx:TrackPointExtension><gpxtpx:hr>142</gpxtpx:hr><gpxtpx:cad>85</gpxtpx:cad></gpxtpx:TrackPointExtension></extensions></trkpt>
<trkpt lat="52.3275144" lon="4.8289177"><ele>0.1</ele><time>2026-03-08T08:38:15Z</time><extensions><gpxtpx:TrackPointExtension><gpxtpx:hr>142</gpxtpx:hr><gpxtpx:cad>85</gpxtpx:cad></gpxtpx:TrackPointExtension></extensions></trkpt>
<trkpt lat="52.3275364" lon="4.8287752"><ele>0.0</ele><time>2026-03-08T08:38:18Z</time><extensions><gpxtpx:TrackPointExtension><gpxtpx:hr>141</gpxtpx:hr><gpxtpx:cad>85</gpxtpx:cad></gpxtpx:TrackPointExtension></extensions></trkpt>
<trkpt lat="52.3275610" lon="4.8286523"><ele>-0.0</ele><time>2026-03-08T08:38:21Z</time><extensions><gpxtpx:TrackPointExtension><gpxtpx:hr>141</gpxtpx:hr><gpxtpx:cad>86</gpxtpx:cad></gpxtpx:TrackPointExtension></extensions></trkpt>
<trkpt lat="52.3275778" lon="4.8285156"><ele>-0.0</ele><time>2026-03-08T08:38:24Z</time><extensions><gpxtpx:TrackPointExtension><gpxtpx:hr>141</gpxtpx:hr><gpxtpx:cad>85</gpxtpx:cad></gpxtpx:TrackPointExtension></extensions></trkpt>
<trkpt lat="52.3276034" lon="4.8284024"><ele>-0.1</ele><time>2026-03-08T08:38:27Z</time><extensions><gpxtpx:TrackPointExtension><gpxtpx:hr>142</gpxtpx:hr><gpxtpx:cad>85</gpxtpx:cad></gpxtpx:TrackPointExtension></extensions></trkpt>
<trkpt lat="52.3276259" lon="4.8282933"><ele>-0.1</ele><time>2026-03-08T08:38:30Z</time><extensions><gpxtpx:TrackPointExtension><gpxtpx:hr>141</gpxtpx:hr><gpxtpx:cad>84</gpxtpx:cad></gpxtpx:TrackPointExtension></extensions></trkpt>
<trkpt lat="52.3276529" lon="4.8281455"><ele>-0.1</ele><time>2026-03-08T08:38:33Z</time><extensions><gpxtpx:TrackPointExtension><gpxtpx:hr>141</gpxtpx:hr><gpxtpx:cad>85</gpxtpx:cad></gpxtpx:TrackPointExtension></extensions></trkpt>
<trkpt lat="52.3276757" lon="4.8280184"><ele>-0.1</ele><time>2026-03-08T08:38:36Z</time><extensions><gpxtpx:TrackPointExtension><gpxtpx:hr>141</gpxtpx:hr><gpxtpx:cad>85</gpxtpx:cad></gpxtpx:TrackPointExtension></extensions></trkpt>
<trkpt lat="52.3276944" lon="4.8279047"><ele>-0.2</ele><time>2026-03-08T08:38:39Z</time><extensions><gpxtpx:TrackPointExtension><gpxtpx:hr>141</gpxtpx:hr><gpxtpx:cad>85</gpxtpx:cad></gpxtpx:TrackPointExtension></extensions></trkpt>
<trkpt lat="52.3277157" lon="4.8277915"><ele>-0.2</ele><time>2026-03-08T08:38:42Z</time><extensions><gpxtpx:TrackPointExtension><gpxtpx:hr>142</gpxtpx:hr><gpxtpx:cad>85</gpxtpx:cad></gpxtpx:TrackPointExtension></extensions></trkpt>
<trkpt lat="52.3277440" lon="4.8276460"><ele>-0.2</ele><time>2026-03-08T08:38:45Z</time><extensions><gpxtpx:TrackPointExtension><gpxtpx:hr>142</gpxtpx:hr><gpxtpx:cad>85</gpxtpx:cad></gpxtpx:TrackPointExtension></extensions></trkpt>
<trkpt lat="52.3277705" lon="4.8275219"><ele>-0.2</ele><time>2026-03-08T08:38:48Z</time><extensions><gpxtpx:TrackPointExtension><gpxtpx:hr>142</gpxtpx:hr><gpxtpx:cad>86</gpxtpx:cad></gpxtpx:TrackPointExtension></extensions></trkpt>
<trkpt lat="52.3277873" lon="4.8273905"><ele>-0.3</ele><time>2026-03-08T08:38:51Z</time><extensions><gpxtpx:TrackPointExtension><gpxtpx:hr>141</gpxtpx:hr><gpxtpx:cad>85</gpxtpx:cad></gpxtpx:TrackPointExtension></extensions></trkpt>
<trkpt lat="52.3278011" lon="4.8272626"><ele>-0.3</ele><time>2026-03-08T08:38:54Z</time><extensions><gpxtpx:TrackPointExtension><gpxtpx:hr>142</gpxtpx:hr><gpxtpx:cad>85</gpxtpx:cad></gpxtpx:TrackPointExtension></extensions></trkpt>
<trkpt lat="52.3278185" lon="4.8271428"><ele>-0.3</ele><time>2026-03-08T08:38:57Z</time><extensions><gpxtpx:TrackPointExtension><gpxtpx:hr>142</gpxtpx:hr><gpxtpx:cad>85</gpxtpx:cad></gpxtpx:TrackPointExtension></extensions></trkpt>
<trkpt lat="52.3278390" lon="4.8270199"><ele>-0.3</ele><time>2026-03-08T08:39:00Z</time><extensions><gpxtpx:TrackPointExtension><gpxtpx:hr>142</gpxtpx:hr><gpxtpx:cad>85</gpxtpx:cad></gpxtpx:TrackPointExtension></extensions></trkpt>
<trkpt lat="52.3278727" lon="4.8269077"><ele>-0.4</ele><time>2026-03-08T08:39:03Z</time><extensions><gpxtpx:TrackPointExtension><gpxtpx:hr>143</gpxtpx:hr><gpxtpx:cad>85</gpxtpx:cad></gpxtpx:TrackPointExtension></extensions></trkpt>
<trkpt lat="52.3278803" lon="4.8267713"><ele>-0.4</ele><time>2026-03-08T08:39:06Z</time><extensions><gpxtpx:TrackPointExtension><gpxtpx:hr>144</gpxtpx:hr><gpxtpx:cad>86</gpxtpx:cad></gpxtpx:TrackPointExtension></extensions></trkpt>
<trkpt lat="52.3278923" lon="4.8266454"><ele>-0.4</ele><time>2026-03-08T08:39:09Z</time><extensions><gpxtpx:TrackPointExtension><gpxtpx:hr>143</gpxtpx:hr><gpxtpx:cad>85</gpxtpx:cad></gpxtpx:TrackPointExtension></extensions></trkpt>
<trkpt lat="52.3279261" lon="4.8265179"><ele>-0.4</ele><time>2026-03-08T08:39:12Z</time><extensions><gpxtpx:TrackPointExtension><gpxtpx:hr>142</gpxtpx:hr><gpxtpx:cad>86</gpxtpx:cad></gpxtpx:TrackPointExtension></extensions></trkpt>
<trkpt lat="52.3279315" lon="4.8263802"><ele>-0.4</ele><time>2026-03-08T08:39:15Z</time><extensions><gpxtpx:TrackPointExtension><gpxtpx:hr>143</gpxtpx:hr><gpxtpx:cad>85</gpxtpx:cad></gpxtpx:TrackPointExtension></extensions></trkpt>
<trkpt lat="52.3279620" lon="4.8262415"><ele>-0.5</ele><time>2026-03-08T08:39:18Z</time><extensions><gpxtpx:TrackPointExtension><gpxtpx:hr>143</gpxtpx:hr><gpxtpx:cad>85</gpxtpx:cad></gpxtpx:TrackPointExtension></extensions></trkpt>
<trkpt lat="52.3279843" lon="4.8261253"><ele>-0.5</ele><time>2026-03-08T08:39:21Z</time><extensions><gpxtpx:TrackPointExtension><gpxtpx:hr>143</gpxtpx:hr><gpxtpx:cad>85</gpxtpx:cad></gpxtpx:TrackPointExtension></extensions></trkpt>
<trkpt lat="52.3280023" lon="4.8260120"><ele>-0.5</ele><time>2026-03-08T08:39:24Z</time><extensions><gpxtpx:TrackPointExtension><gpxtpx:hr>143</gpxtpx:hr><gpxtpx:cad>84</gpxtpx:cad></gpxtpx:TrackPointExtension></extensions></trkpt>
<trkpt lat="52.3280163" lon="4.8258879"><ele>-0.5</ele><time>2026-03-08T08:39:27Z</time><extensions><gpxtpx:TrackPointExtension><gpxtpx:hr>142</gpxtpx:hr><gpxtpx:cad>85</gpxtpx:cad></gpxtpx:TrackPointExtension></extensions></trkpt>
<trkpt lat="52.3280395" lon="4.8257293"><ele>-0.5</ele><time>2026-03-08T08:39:30Z</time><extensions><gpxtpx:TrackPointExtension><gpxtpx:hr>142</gpxtpx:hr><gpxtpx:cad>84</gpxtpx:cad></gpxtpx:TrackPointExtension></extensions></trkpt>
<trkpt lat="52.3280522" lon="4.8256185"><ele>-0.6</ele><time>2026-03-08T08:39:33Z</time><extensions><gpxtpx:TrackPointExtension><gpxtpx:hr>142</gpxtpx:hr><gpxtpx:cad>85</gpxtpx:cad></gpxtpx:TrackPointExtension></extensions></trkpt>
<trkpt lat="52.3280689" lon="4.8255043"><ele>-0.6</ele><time>2026-03-08T08:39:36Z</time><extensions><gpxtpx:TrackPointExtension><gpxtpx:hr>142</gpxtpx:hr><gpxtpx:cad>85</gpxtpx:cad></gpxtpx:TrackPointExtension></extensions></trkpt>
<trkpt lat="52.3280714" lon="4.8253510"><ele>-0.6</ele><time>2026-03-08T08:39:39Z</time><extensions><gpxtpx:TrackPointExtension><gpxtpx:hr>141</gpxtpx:hr><gpxtpx:cad>85</gpxtpx:cad></gpxtpx:TrackPointExtension></extensions></trkpt>
<trkpt lat="52.3280957" lon="4.8252307"><ele>-0.6</ele><time>2026-03-08T08:39:42Z</time><extensions><gpxtpx:TrackPointExtension><gpxtpx:hr>141</gpxtpx:hr><gpxtpx:cad>84</gpxtpx:cad></gpxtpx:TrackPointExtension></extensions></trkpt>
<trkpt lat="52.3281243" lon="4.8251198"><ele>-0.6</ele><time>2026-03-08T08:39:45Z</time><extensions><gpxtpx:TrackPointExtension><gpxtpx:hr>141</gpxtpx:hr><gpxtpx:cad>86</gpxtpx:cad></gpxtpx:TrackPointExtension></extensions></trkpt>
<trkpt lat="52.3281458" lon="4.8249727"><ele>-0.6</ele><time>2026-03-08T08:39:48Z</time><extensions><gpxtpx:TrackPointExtension><gpxtpx:hr>141</gpxtpx:hr><gpxtpx:cad>84</gpxtpx:cad></gpxtpx:TrackPointExtension></extensions></trkpt>
<trkpt lat="52.3281550" lon="4.8248544"><ele>-0.7</ele><time>2026-03-08T08:39:51Z</time><extensions><gpxtpx:TrackPointExtension><gpxtpx:hr>141</gpxtpx:hr><gpxtpx:cad>85</gpxtpx:cad></gpxtpx:TrackPointExtension></extensions></trkpt>
<trkpt lat="52.3281758" lon="4.8247089"><ele>-0.7</ele><time>2026-03-08T08:39:54Z</time><extensions><gpxtpx:TrackPointExtension><gpxtpx:hr>141</gpxtpx:hr><gpxtpx:cad>86</gpxtpx:cad></gpxtpx:TrackPointExtension></extensions></trkpt>
<trkpt lat="52.3281922" lon="4.8245999"><ele>-0.7</ele><time>2026-03-08T08:39:57Z</time><extensions><gpxtpx:TrackPointExtension><gpxtpx:hr>140</gpxtpx:hr><gpxtpx:cad>84</gpxtpx:cad></gpxtpx:TrackPointExtension></extensions></trkpt>
<trkpt lat="52.3282014" lon="4.8244883"><ele>-0.7</ele><time>2026-03-08T08:40:00Z</time><extensions><gpxtpx:TrackPointExtension><gpxtpx:hr>141</gpxtpx:hr><gpxtpx:cad>85</gpxtpx:cad></gpxtpx:TrackPointExtension></extensions></trkpt>
<trkpt lat="52.3282078" lon="4.8243492"><ele>-0.7</ele><time>2026-03-08T08:40:03Z</time><extensions><gpxtpx:TrackPointExtension><gpxtpx:hr>141</gpxtpx:hr><gpxtpx:cad>84</gpxtpx:cad></gpxtpx:TrackPointExtension></extensions></trkpt>
<trkpt lat="52.3282257" lon="4.8242193"><ele>-0.7</ele><time>2026-03-08T08:40:06Z</time><extensions><gpxtpx:TrackPointExtension><gpxtpx:hr>141</gpxtpx:hr><gpxtpx:cad>84</gpxtpx:cad></gpxtpx:TrackPointExtension></extensions></trkpt>
<trkpt lat="52.3282512" lon="4.8240950"><ele>-0.7</ele><time>2026-03-08T08:40:09Z</time><extensions><gpxtpx:TrackPointExtension><gpxtpx:hr>142</gpxtpx:hr><gpxtpx:cad>86</gpxtpx:cad></gpxtpx:TrackPointExtension></extensions></trkpt>
<trkpt lat="52.3282618" lon="4.8239655"><ele>-0.7</ele><time>2026-03-08T08:40:12Z</time><extensions><gpxtpx:TrackPointExtension><gpxtpx:hr>142</gpxtpx:hr><gpxtpx:cad>86</gpxtpx:cad></gpxtpx:TrackPointExtension></extensions></trkpt>
<trkpt lat="52.3282723" lon="4.8238276"><ele>-0.7</ele><time>2026-03-08T08:40:15Z</time><extensions><gpxtpx:TrackPointExtension><gpxtpx:hr>141</gpxtpx:hr><gpxtpx:cad>84</gpxtpx:cad></gpxtpx:TrackPointExtension></extensions></trkpt>
<trkpt lat="52.3282962" lon="4.8237013"><ele>-0.8</ele><time>2026-03-08T08:40:18Z</time><extensions><gpxtpx:TrackPointExtension><gpxtpx:hr>140</gpxtpx:hr><gpxtpx:cad>85</gpxtpx:cad></gpxtpx:TrackPointExtension></extensions></trkpt>
<trkpt lat="52.3282985" lon="4.8235623"><ele>-0.8</ele><time>2026-03-08T08:40:21Z</time><extensions><gpxtpx:TrackPointExtension><gpxtpx:hr>141</gpxtpx:hr><gpxtpx:cad>84</gpxtpx:cad></gpxtpx:TrackPointExtension></extensions></trkpt>
<trkpt lat="52.3283228" lon="4.8234324"><ele>-0.8</ele><time>2026-03-08T08:40:24Z</time><extensions><gpxtpx:TrackPointExtension><gpxtpx:hr>141</gpxtpx:hr><gpxtpx:cad>85</gpxtpx:cad></gpxtpx:TrackPointExtension></extensions></trkpt>
<trkpt lat="52.3283415" lon="4.8233275"><ele>-0.8</ele><time>2026-03-08T08:40:27Z</time><extensions><gpxtpx:TrackPointExtension><gpxtpx:hr>141</gpxtpx:hr><gpxtpx:cad>84</gpxtpx:cad></gpxtpx:TrackPointExtension></extensions></trkpt>
<trkpt lat="52.3283527" lon="4.8231773"><ele>-0.8</ele><time>2026-03-08T08:40:30Z</time><extensions><gpxtpx:TrackPointExtension><gpxtpx:hr>141</gpxtpx:hr><gpxtpx:cad>84</gpxtpx:cad></gpxtpx:TrackPointExtension></extensions></trkpt>
<trkpt lat="52.3283607" lon="4.8230639"><ele>-0.8</ele><time>2026-03-08T08:40:33Z</time><extensions><gpxtpx:TrackPointExtension><gpxtpx:hr>141</gpxtpx:hr><gpxtpx:cad>86</gpxtpx:cad></gpxtpx:TrackPointExtension></extensions></trkpt>
<trkpt lat="52.3283800" lon="4.8229156"><ele>-0.8</ele><time>2026-03-08T08:40:36Z</time><extensions><gpxtpx:TrackPointExtension><gpxtpx:hr>141</gpxtpx:hr><gpxtpx:cad>85</gpxtpx:cad></gpxtpx:TrackPointExtension></extensions></trkpt>
<trkpt lat="52.3283846" lon="4.8227987"><ele>-0.8</ele><time>2026-03-08T08:40:39Z</time><extensions><gpxtpx:TrackPointExtension><gpxtpx:hr>141</gpxtpx:hr><gpxtpx:cad>83</gpxtpx:cad></gpxtpx:TrackPointExtension></extensions></trkpt>
<trkpt lat="52.3284019" lon="4.8226780"><ele>-0.8</ele><time>2026-03-08T08:40:42Z</time><extensions><gpxtpx:TrackPointExtension><gpxtpx:hr>141</gpxtpx:hr><gpxtpx:cad>83</gpxtpx:cad></gpxtpx:TrackPointExtension></extensions></trkpt>
<trkpt lat="52.3283981" lon="4.8225258"><ele>-0.8</ele><time>2026-03-08T08:40:45Z</time><extensions><gpxtpx:TrackPointExtension><gpxtpx:hr>140</gpxtpx:hr><gpxtpx:cad>85</gpxtpx:cad></gpxtpx:TrackPointExtension></extensions></trkpt>
<trkpt lat="52.3284166" lon="4.8224198"><ele>-0.8</ele><time>2026-03-08T08:40:48Z</time><extensions><gpxtpx:TrackPointExtension><gpxtpx:hr>139</gpxtpx:hr><gpxtpx:cad>85</gpxtpx:cad></gpxtpx:TrackPointExtension></extensions></trkpt>
<trkpt lat="52.3284210" lon="4.8222707"><ele>-0.8</ele><time>2026-03-08T08:40:51Z</time><extensions><gpxtpx:TrackPointExtension><gpxtpx:hr>139</gpxtpx:hr><gpxtpx:cad>86</gpxtpx:cad></gpxtpx:TrackPointExtension></extensions></trkpt>
<trkpt lat="52.3284298" lon="4.8221447"><ele>-0.8</ele><time>2026-03-08T08:40:54Z</time><extensions><gpxtpx:TrackPointExtension><gpxtpx:hr>140</gpxtpx:hr><gpxtpx:cad>86</gpxtpx:cad></gpxtpx:TrackPointExtension></extensions></trkpt>
<trkpt lat="52.3284380" lon="4.8220270"><ele>-0.8</ele><time>2026-03-08T08:40:57Z</time><extensions><gpxtpx:TrackPointExtension><gpxtpx:hr>139</gpxtpx:hr><gpxtpx:cad>85</gpxtpx:cad></gpxtpx:TrackPointExtension></extensions></trkpt>
<trkpt lat="52.3284756" lon="4.8218874"><ele>-0.8</ele><time>2026-03-08T08:41:00Z</time><extensions><gpxtpx:TrackPointExtension><gpxtpx:hr>139</gpxtpx:hr><gpxtpx:cad>84</gpxtpx:cad></gpxtpx:TrackPointExtension></extensions></trkpt>
<trkpt lat="52.3284876" lon="4.8217490"><ele>-0.8</ele><time>2026-03-08T08:41:03Z</time><extensions><gpxtpx:TrackPointExtension><gpxtpx:hr>139</gpxtpx:hr><gpxtpx:cad>85</gpxtpx:cad></gpxtpx:TrackPointExtension></extensions></trkpt>
<trkpt lat="52.3284683" lon="4.8216325"><ele>-0.8</ele><time>2026-03-08T08:41:06Z</time><extensions><gpxtpx:TrackPointExtension><gpxtpx:hr>139</gpxtpx:hr><gpxtpx:cad>84</gpxtpx:cad></gpxtpx:TrackPointExtension></extensions></trkpt>
<trkpt lat="52.3284820" lon="4.8214938"><ele>-0.8</ele><time>2026-03-08T08:41:09Z</time><extensions><gpxtpx:TrackPointExtension><gpxtpx:hr>140</gpxtpx:hr><gpxtpx:cad>85</gpxtpx:cad></gpxtpx:TrackPointExtension></extensions></trkpt>
<trkpt lat="52.3284912" lon="4.8213491"><ele>-0.8</ele><time>2026-03-08T08:41:12Z</time><extensions><gpxtpx:TrackPointExtension><gpxtpx:hr>139</gpxtpx:hr><gpxtpx:cad>84</gpxtpx:cad></gpxtpx:TrackPointExtension></extensions></trkpt>
<trkpt lat="52.3284962" lon="4.8212419"><ele>-0.8</ele><time>2026-03-08T08:41:15Z</time><extensions><gpxtpx:TrackPointExtension><gpxtpx:hr>139</gpxtpx:hr><gpxtpx:cad>84</gpxtpx:cad></gpxtpx:TrackPointExtension></extensions></trkpt>
<trkpt lat="52.3285181" lon="4.8211160"><ele>-0.8</ele><time>2026-03-08T08:41:18Z</time><extensions><gpxtpx:TrackPointExtension><gpxtpx:hr>140</gpxtpx:hr><gpxtpx:cad>86</gpxtpx:cad></gpxtpx:TrackPointExtension></extensions></trkpt>
<trkpt lat="52.3285220" lon="4.8209790"><ele>-0.8</ele><time>2026-03-08T08:41:21Z</time><extensions><gpxtpx:TrackPointExtension><gpxtpx:hr>140</gpxtpx:hr><gpxtpx:cad>85</gpxtpx:cad></gpxtpx:TrackPointExtension></extensions></trkpt>
<trkpt lat="52.3285202" lon="4.8208599"><ele>-0.8</ele><time>2026-03-08T08:41:24Z</time><extensions><gpxtpx:TrackPointExtension><gpxtpx:hr>141</gpxtpx:hr><gpxtpx:cad>84</gpxtpx:cad></gpxtpx:TrackPointExtension></extensions></trkpt>
<trkpt lat="52.3285273" lon="4.8207056"><ele>-0.8</ele><time>2026-03-08T08:41:27Z</time><extensions><gpxtpx:TrackPointExtension><gpxtpx:hr>140</gpxtpx:hr><gpxtpx:cad>85</gpxtpx:cad></gpxtpx:TrackPointExtension></extensions></trkpt>
<trkpt lat="52.3285406" lon="4.8205832"><ele>-0.8</ele><time>2026-03-08T08:41:30Z</time><extensions><gpxtpx:TrackPointExtension><gpxtpx:hr>142</gpxtpx:hr><gpxtpx:cad>85</gpxtpx:cad></gpxtpx:TrackPointExtension></extensions></trkpt>
<trkpt lat="52.3285424" lon="4.8204580"><ele>-0.8</ele><time>2026-03-08T08:41:33Z</time><extensions><gpxtpx:TrackPointExtension><gpxtpx:hr>142</gpxtpx:hr><gpxtpx:cad>85</gpxtpx:cad></gpxtpx:TrackPointExtension></extensions></trkpt>
<trkpt lat="52.3285535" lon="4.8203449"><ele>-0.8</ele><time>2026-03-08T08:41:36Z</time><extensions><gpxtpx:TrackPointExtension><gpxtpx:hr>141</gpxtpx:hr><gpxtpx:cad>85</gpxtpx:cad></gpxtpx:TrackPointExtension></extensions></trkpt>
<trkpt lat="52.3285655" lon="4.8202257"><ele>-0.8</ele><time>2026-03-08T08:41:39Z</time><extensions><gpxtpx:TrackPointExtension><gpxtpx:hr>141</gpxtpx:hr><gpxtpx:cad>84</gpxtpx:cad></gpxtpx:TrackPointExtension></extensions></trkpt>
<trkpt lat="52.3285562" lon="4.8200921"><ele>-0.8</ele><time>2026-03-08T08:41:42Z</time><extensions><gpxtpx:TrackPointExtension><gpxtpx:hr>141</gpxtpx:hr><gpxtpx:cad>86</gpxtpx:cad></gpxtpx:TrackPointExtension></extensions></trkpt>
<trkpt lat="52.3285623" lon="4.8199357"><ele>-0.8</ele><time>2026-03-08T08:41:45Z</time><extensions><gpxtpx:TrackPointExtension><gpxtpx:hr>140</gpxtpx:hr><gpxtpx:cad>84</gpxtpx:cad></gpxtpx:TrackPointExtension></extensions></trkpt>
<trkpt lat="52.3285568" lon="4.8198104"><ele>-0.8</ele><time>2026-03-08T08:41:48Z</time><extensions><gpxtpx:TrackPointExtension><gpxtpx:hr>141</gpxtpx:hr><gpxtpx:cad>85</gpxtpx:cad></gpxtpx:TrackPointExtension></extensions></trkpt>
<trkpt lat="52.3285748" lon="4.8197067"><ele>-0.8</ele><time>2026-03-08T08:41:51Z</time><extensions><gpxtpx:TrackPointExtension><gpxtpx:hr>140</gpxtpx:hr><gpxtpx:cad>84</gpxtpx:cad></gpxtpx:TrackPointExtension></extensions></trkpt>
<trkpt lat="52.3285716" lon="4.8195570"><ele>-0.8</ele><time>2026-03-08T08:41:54Z</time><extensions><gpxtpx:TrackPointExtension><gpxtpx:hr>140</gpxtpx:hr><gpxtpx:cad>85</gpxtpx:cad></gpxtpx:TrackPointExtension></extensions></trkpt>
<trkpt lat="52.3285819" lon="4.8194052"><ele>-0.8</ele><time>2026-03-08T08:41:57Z</time><extensions><gpxtpx:TrackPointExtension><gpxtpx:hr>141</gpxtpx:hr><gpxtpx:cad>85</gpxtpx:cad></gpxtpx:TrackPointExtension></extensions></trkpt>
<trkpt lat="52.3285768" lon="4.8192802"><ele>-0.7</ele><time>2026-03-08T08:42:00Z</time><extensions><gpxtpx:TrackPointExtension><gpxtpx:hr>140</gpxtpx:hr><gpxtpx:cad>85</gpxtpx:cad></gpxtpx:TrackPointExtension></extensions></trkpt>
<trkpt lat="52.3285842" lon="4.8191583"><ele>-0.7</ele><time>2026-03-08T08:42:03Z</time><extensions><gpxtpx:TrackPointExtension><gpxtpx:hr>140</gpxtpx:hr><gpxtpx:cad>83</gpxtpx:cad></gpxtpx:TrackPointExtension></extensions></trkpt>
<trkpt lat="52.3285814" lon="4.8190563"><ele>-0.7</ele><time>2026-03-08T08:42:06Z</time><extensions><gpxtpx:TrackPointExtension><gpxtpx:hr>140</gpxtpx:hr><gpxtpx:cad>85</gpxtpx:cad></gpxtpx:TrackPointExtension></extensions></trkpt>
<trkpt lat="52.3285725" lon="4.8189090"><ele>-0.7</ele><time>2026-03-08T08:42:09Z</time><extensions><gpxtpx:TrackPointExtension><gpxtpx:hr>141</gpxtpx:hr><gpxtpx:cad>84</gpxtpx:cad></gpxtpx:TrackPointExtension></extensions></trkpt>
<trkpt lat="52.3285811" lon="4.8187923"><ele>-0.7</ele><time>2026-03-08T08:42:12Z</time><extensions><gpxtpx:TrackPointExtension><gpxtpx:hr>141</gpxtpx:hr><gpxtpx:cad>85</gpxtpx:cad></gpxtpx:TrackPointExtension></extensions></trkpt>
<trkpt lat="52.3285851" lon="4.8186418"><ele>-0.7</ele><time>2026-03-08T08:42:15Z</time><extensions><gpxtpx:TrackPointExtension><gpxtpx:hr>142</gpxtpx:hr><gpxtpx:cad>85</gpxtpx:cad></gpxtpx:TrackPointExtension></extensions></trkpt>
<trkpt lat="52.3285733" lon="4.8185252"><ele>-0.7</ele><time>2026-03-08T08:42:18Z</time><extensions><gpxtpx:TrackPointExtension><gpxtpx:hr>142</gpxtpx:hr><gpxtpx:cad>87</gpxtpx:cad></gpxtpx:TrackPointExtension></extensions></trkpt>
<trkpt lat="52.3285727" lon="4.8183880"><ele>-0.7</ele><time>2026-03-08T08:42:21Z</time><extensions><gpxtpx:TrackPointExtension><gpxtpx:hr>142</gpxtpx:hr><gpxtpx:cad>84</gpxtpx:cad></gpxtpx:TrackPointExtension></extensions></trkpt>
<trkpt lat="52.3285805" lon="4.8182647"><ele>-0.7</ele><time>2026-03-08T08:42:24Z</time><extensions><gpxtpx:TrackPointExtension><gpxtpx:hr>143</gpxtpx:hr><gpxtpx:cad>85</gpxtpx:cad></gpxtpx:TrackPointExtension></extensions></trkpt>
<trkpt lat="52.3285748" lon="4.8181275"><ele>-0.6</ele><time>2026-03-08T08:42:27Z</time><extensions><gpxtpx:TrackPointExtension><gpxtpx:hr>143</gpxtpx:hr><gpxtpx:cad>84</gpxtpx:cad></gpxtpx:TrackPointExtension></extensions></trkpt>
<trkpt lat="52.3285725" lon="4.8180068"><ele>-0.6</ele><time>2026-03-08T08:42:30Z</time><extensions><gpxtpx:TrackPointExtension><gpxtpx:hr>143</gpxtpx:hr><gpxtpx:cad>85</gpxtpx:cad></gpxtpx:TrackPointExtension></extensions></trkpt>
<trkpt lat="52.3285497" lon="4.8178903"><ele>-0.6</ele><time>2026-03-08T08:42:33Z</time><extensions><gpxtpx:TrackPointExtension><gpxtpx:hr>143</gpxtpx:hr><gpxtpx:cad>85</gpxtpx:cad></gpxtpx:TrackPointExtension></extensions></trkpt>
<trkpt lat="52.3285812" lon="4.8177090"><ele>-0.6</ele><time>2026-03-08T08:42:36Z</time><extensions><gpxtpx:TrackPointExtension><gpxtpx:hr>143</gpxtpx:hr><gpxtpx:cad>86</gpxtpx:cad></gpxtpx:TrackPointExtension></extensions></trkpt>
<trkpt lat="52.3285596" lon="4.8176155"><ele>-0.6</ele><time>2026-03-08T08:42:39Z</time><extensions><gpxtpx:TrackPointExtension><gpxtpx:hr>143</gpxtpx:hr><gpxtpx:cad>84</gpxtpx:cad></gpxtpx:TrackPointExtension></extensions></trkpt>
<trkpt lat="52.3285565" lon="4.8174711"><ele>-0.6</ele><time>2026-03-08T08:42:42Z</time><extensions><gpxtpx:TrackPointExtension><gpxtpx:hr>142</gpxtpx:hr><gpxtpx:cad>86</gpxtpx:cad></gpxtpx:TrackPointExtension></extensions></trkpt>
<trkpt lat="52.3285535" lon="4.8173437"><ele>-0.6</ele><time>2026-03-08T08:42:45Z</time><extensions><gpxtpx:TrackPointExtension><gpxtpx:hr>143</gpxtpx:hr><gpxtpx:cad>85</gpxtpx:cad></gpxtpx:TrackPointExtension></extensions></trkpt>
<trkpt lat="52.3285451" lon="4.8172026"><ele>-0.5</ele><time>2026-03-08T08:42:48Z</time><extensions><gpxtpx:TrackPointExtension><gpxtpx:hr>143</gpxtpx:hr><gpxtpx:cad>86</gpxtpx:cad></gpxtpx:TrackPointExtension></extensions></trkpt>
<trkpt lat="52.3285527" lon="4.8170821"><ele>-0.5</ele><time>2026-03-08T08:42:51Z</time><extensions><gpxtpx:TrackPointExtension><gpxtpx:hr>144</gpxtpx:hr><gpxtpx:cad>85</gpxtpx:cad></gpxtpx:TrackPointExtension></extensions></trkpt>
<trkpt lat="52.3285522" lon="4.8169484"><ele>-0.5</ele><time>2026-03-08T08:42:54Z</time><extensions><gpxtpx:TrackPointExtension><gpxtpx:hr>144</gpxtpx:hr><gpxtpx:cad>83</gpxtpx:cad></gpxtpx:TrackPointExtension></extensions></trkpt>
<trkpt lat="52.3285470" lon="4.8168224"><ele>-0.5</ele><time>2026-03-08T08:42:57Z</time><extensions><gpxtpx:TrackPointExtension><gpxtpx:hr>145</gpxtpx:hr><gpxtpx:cad>85</gpxtpx:cad></gpxtpx:TrackPointExtension></extensions></trkpt>
<trkpt lat="52.3285276" lon="4.8166714"><ele>-0.5</ele><time>2026-03-08T08:43:00Z</time><extensions><gpxtpx:TrackPointExtension><gpxtpx:hr>145</gpxtpx:hr><gpxtpx:cad>85</gpxtpx:cad></gpxtpx:TrackPointExtension></extensions></trkpt>
<trkpt lat="52.3285358" lon="4.8165601"><ele>-0.5</ele><time>2026-03-08T08:43:03Z</time><extensions><gpxtpx:TrackPointExtension><gpxtpx:hr>145</gpxtpx:hr><gpxtpx:cad>84</gpxtpx:cad></gpxtpx:TrackPointExtension></extensions></trkpt>
<trkpt lat="52.3285159" lon="4.8164143"><ele>-0.4</ele><time>2026-03-08T08:43:06Z</time><extensions><gpxtpx:TrackPointExtension><gpxtpx:hr>144</gpxtpx:hr><gpxtpx:cad>84</gpxtpx:cad></gpxtpx:TrackPointExtension></extensions></trkpt>
<trkpt lat="52.3285099" lon="4.8163098"><ele>-0.4</ele><time>2026-03-08T08:43:09Z</time><extensions><gpxtpx:TrackPointExtension><gpxtpx:hr>144</gpxtpx:hr><gpxtpx:cad>84</gpxtpx:cad></gpxtpx:TrackPointExtension></extensions></trkpt>
<trkpt lat="52.3284945" lon="4.8161614"><ele>-0.4</ele><time>2026-03-08T08:43:12Z</time><extensions><gpxtpx:TrackPointExtension><gpxtpx:hr>144</gpxtpx:hr><gpxtpx:cad>85</gpxtpx:cad></gpxtpx:TrackPointExtension></extensions></trkpt>
<trkpt lat="52.3284850" lon="4.8160609"><ele>-0.4</ele><time>2026-03-08T08:43:15Z</time><extensions><gpxtpx:TrackPointExtension><gpxtpx:hr>144</gpxtpx:hr><gpxtpx:cad>84</gpxtpx:cad></gpxtpx:TrackPointExtension></extensions></trkpt>
<trkpt lat="52.3284703" lon="4.8159185"><ele>-0.4</ele><time>2026-03-08T08:43:18Z</time><extensions><gpxtpx:TrackPointExtension><gpxtpx:hr>143</gpxtpx:hr><gpxtpx:cad>86</gpxtpx:cad></gpxtpx:TrackPointExtension></extensions></trkpt>
<trkpt lat="52.3284604" lon="4.8157714"><ele>-0.3</ele><time>2026-03-08T08:43:21Z</time><extensions><gpxtpx:TrackPointExtension><gpxtpx:hr>143</gpxtpx:hr><gpxtpx:cad>84</gpxtpx:cad></gpxtpx:TrackPointExtension></extensions></trkpt>
<trkpt lat="52.3284695" lon="4.8156699"><ele>-0.3</ele><time>2026-03-08T08:43:24Z</time><extensions><gpxtpx:TrackPointExtension><gpxtpx:hr>142</gpxtpx:hr><gpxtpx:cad>86</gpxtpx:cad></gpxtpx:TrackPointExtension></extensions></trkpt>
<trkpt lat="52.3284493" lon="4.8155363"><ele>-0.3</ele><time>2026-03-08T08:43:27Z</time><extensions><gpxtpx:TrackPointExtension><gpxtpx:hr>143</gpxtpx:hr><gpxtpx:cad>84</gpxtpx:cad></gpxtpx:TrackPointExtension></extensions></trkpt>
<trkpt lat="52.3284282" lon="4.8154139"><ele>-0.3</ele><time>2026-03-08T08:43:30Z</time><extensions><gpxtpx:TrackPointExtension><gpxtpx:hr>142</gpxtpx:hr><gpxtpx:cad>84</gpxtpx:cad></gpxtpx:TrackPointExtension></extensions></trkpt>
<trkpt lat="52.3284276" lon="4.8152854"><ele>-0.3</ele><time>2026-03-08T08:43:33Z</time><extensions><gpxtpx:TrackPointExtension><gpxtpx:hr>143</gpxtpx:hr><gpxtpx:cad>85</gpxtpx:cad></gpxtpx:TrackPointExtension></extensions></trkpt>
<trkpt lat="52.3284052" lon="4.8151469"><ele>-0.2</ele><time>2026-03-08T08:43:36Z</time><extensions><gpxtpx:TrackPointExtension><gpxtpx:hr>142</gpxtpx:hr><gpxtpx:cad>85</gpxtpx:cad></gpxtpx:TrackPointExtension></extensions></trkpt>
<trkpt lat="52.3283872" lon="4.8150064"><ele>-0.2</ele><time>2026-03-08T08:43:39Z</time><extensions><gpxtpx:TrackPointExtension><gpxtpx:hr>141</gpxtpx:hr><gpxtpx:cad>85</gpxtpx:cad></gpxtpx:TrackPointExtension></extensions></trkpt>
<trkpt lat="52.3283862" lon="4.8148918"><ele>-0.2</ele><time>2026-03-08T08:43:42Z</time><extensions><gpxtpx:TrackPointExtension><gpxtpx:hr>142</gpxtpx:hr><gpxtpx:cad>84</gpxtpx:cad></gpxtpx:TrackPointExtension></extensions></trkpt>
<trkpt lat="52.3283768" lon="4.8147573"><ele>-0.2</ele><time>2026-03-08T08:43:45Z</time><extensions><gpxtpx:TrackPointExtension><gpxtpx:hr>142</gpxtpx:hr><gpxtpx:cad>85</gpxtpx:cad></gpxtpx:TrackPointExtension></extensions></trkpt>
<trkpt lat="52.3283522" lon="4.8146142"><ele>-0.2</ele><time>2026-03-08T08:43:48Z</time><extensions><gpxtpx:TrackPointExtension><gpxtpx:hr>142</gpxtpx:hr><gpxtpx:cad>85</gpxtpx:cad></gpxtpx:TrackPointExtension></extensions></trkpt>
<trkpt lat="52.3283436" lon="4.8145011"><ele>-0.1</ele><time>2026-03-08T08:43:51Z</time><extensions><gpxtpx:TrackPointExtension><gpxtpx:hr>143</gpxtpx:hr><gpxtpx:cad>84</gpxtpx:cad></gpxtpx:TrackPointExtension></extensions></trkpt>
<trkpt lat="52.3283305" lon="4.8143806"><ele>-0.1</ele><time>2026-03-08T08:43:54Z</time><extensions><gpxtpx:TrackPointExtension><gpxtpx:hr>143</gpxtpx:hr><gpxtpx:cad>85</gpxtpx:cad></gpxtpx:TrackPointExtension></extensions></trkpt>
<trkpt lat="52.3283295" lon="4.8142404"><ele>-0.1</ele><time>2026-03-08T08:43:57Z</time><extensions><gpxtpx:TrackPointExtension><gpxtpx:hr>144</gpxtpx:hr><gpxtpx:cad>86</gpxtpx:cad></gpxtpx:TrackPointExtension></extensions></trkpt>
<trkpt lat="52.3282906" lon="4.8141355"><ele>-0.1</ele><time>2026-03-08T08:44:00Z</time><extensions><gpxtpx:TrackPointExtension><gpxtpx:hr>143</gpxtpx:hr><gpxtpx:cad>84</gpxtpx:cad></gpxtpx:TrackPointExtension></extensions></trkpt>
<trkpt lat="52.3282666" lon="4.8140126"><ele>-0.0</ele><time>2026-03-08T08:44:03Z</time><extensions><gpxtpx:TrackPointExtension><gpxtpx:hr>143</gpxtpx:hr><gpxtpx:cad>86</gpxtpx:cad></gpxtpx:TrackPointExtension></extensions></trkpt>
<trkpt lat="52.3282627" lon="4.8138868"><ele>-0.0</ele><time>2026-03-08T08:44:06Z</time><extensions><gpxtpx:TrackPointExtension><gpxtpx:hr>143</gpxtpx:hr><gpxtpx:cad>86</gpxtpx:cad></gpxtpx:TrackPointExtension></extensions></trkpt>
<trkpt lat="52.3282263" lon="4.8137425"><ele>-0.0</ele><time>2026-03-08T08:44:09Z</time><extensions><gpxtpx:TrackPointExtension><gpxtpx:hr>144</gpxtpx:hr><gpxtpx:cad>85</gpxtpx:cad></gpxtpx:TrackPointExtension></extensions></trkpt>
<trkpt lat="52.3282098" lon="4.8136358"><ele>0.0</ele><time>2026-03-08T08:44:12Z</time><extensions><gpxtpx:TrackPointExtension><gpxtpx:hr>144</gpxtpx:hr><gpxtpx:cad>85</gpxtpx:cad></gpxtpx:TrackPointExtension></extensions></trkpt>
<trkpt lat="52.3282015" lon="4.8135073"><ele>0.0</ele><time>2026-03-08T08:44:15Z</time><extensions><gpxtpx:TrackPointExtension><gpxtpx:hr>144</gpxtpx:hr><gpxtpx:cad>84</gpxtpx:cad></gpxtpx:TrackPointExtension></extensions></trkpt>
<trkpt lat="52.3281630" lon="4.8133913"><ele>0.1</ele><time>2026-03-08T08:44:18Z</time><extensions><gpxtpx:TrackPointExtension><gpxtpx:hr>144</gpxtpx:hr><gpxtpx:cad>85</gpxtpx:cad></gpxtpx:TrackPointExtension></extensions></trkpt>
<trkpt lat="52.3281600" lon="4.8132605"><ele>0.1</ele><time>2026-03-08T08:44:21Z</time><extensions><gpxtpx:TrackPointExtension><gpxtpx:hr>144</gpxtpx:hr><gpxtpx:cad>86</gpxtpx:cad></gpxtpx:TrackPointExtension></extensions></trkpt>
<trkpt lat="52.3281281" lon="4.8131289"><ele>0.1</ele><time>2026-03-08T08:44:24Z</time><extensions><gpxtpx:TrackPointExtension><gpxtpx:hr>143</gpxtpx:hr><gpxtpx:cad>84</gpxtpx:cad></gpxtpx:TrackPointExtension></extensions></trkpt>
<trkpt lat="52.3281122" lon="4.8129818"><ele>0.1</ele><time>2026-03-08T08:44:27Z</time><extensions><gpxtpx:TrackPointExtension><gpxtpx:hr>143</gpxtpx:hr><gpxtpx:cad>84</gpxtpx:cad></gpxtpx:TrackPointExtension></extensions></trkpt>
<trkpt lat="52.3280885" lon="4.8128681"><ele>0.2</ele><time>2026-03-08T08:44:30Z</time><extensions><gpxtpx:TrackPointExtension><gpxtpx:hr>143</gpxtpx:hr><gpxtpx:cad>84</gpxtpx:cad></gpxtpx:TrackPointExtension></extensions></trkpt>
<trkpt lat="52.3280608" lon="4.8127478"><ele>0.2</ele><time>2026-03-08T08:44:33Z</time><extensions><gpxtpx:TrackPointExtension><gpxtpx:hr>143</gpxtpx:hr><gpxtpx:cad>85</gpxtpx:cad></gpxtpx:TrackPointExtension></extensions></trkpt>
<trkpt lat="52.3280247" lon="4.8126159"><ele>0.2</ele><time>2026-03-08T08:44:36Z</time><extensions><gpxtpx:TrackPointExtension><gpxtpx:hr>143</gpxtpx:hr><gpxtpx:cad>84</gpxtpx:cad></gpxtpx:TrackPointExtension></extensions></trkpt>
<trkpt lat="52.3280203" lon="4.8124904"><ele>0.2</ele><time>2026-03-08T08:44:39Z</time><extensions><gpxtpx:TrackPointExtension><gpxtpx:hr>142</gpxtpx:hr><gpxtpx:cad>84</gpxtpx:cad></gpxtpx:TrackPointExtension></extensions></trkpt>
<trkpt lat="52.3279888" lon="4.8123623"><ele>0.3</ele><time>2026-03-08T08:44:42Z</time><extensions><gpxtpx:TrackPointExtension><gpxtpx:hr>142</gpxtpx:hr><gpxtpx:cad>85</gpxtpx:cad></gpxtpx:TrackPointExtension></extensions></trkpt>
<trkpt lat="52.3279513" lon="4.8122377"><ele>0.3</ele><time>2026-03-08T08:44:45Z</time><extensions><gpxtpx:TrackPointExtension><gpxtpx:hr>143</gpxtpx:hr><gpxtpx:cad>85</gpxtpx:cad></gpxtpx:TrackPointExtension></extensions></trkpt>
<trkpt lat="52.3279253" lon="4.8121334"><ele>0.3</ele><time>2026-03-08T08:44:48Z</time><extensions><gpxtpx:TrackPointExtension><gpxtpx:hr>143</gpxtpx:hr><gpxtpx:cad>84</gpxtpx:cad></gpxtpx:TrackPointExtension></extensions></trkpt>
<trkpt lat="52.3279094" lon="4.8119886"><ele>0.3</ele><time>2026-03-08T08:44:51Z</time><extensions><gpxtpx:TrackPointExtension><gpxtpx:hr>142</gpxtpx:hr><gpxtpx:cad>85</gpxtpx:cad></gpxtpx:TrackPointExtension></extensions></trkpt>
<trkpt lat="52.3278856" lon="4.8118803"><ele>0.4</ele><time>2026-03-08T08:44:54Z</time><extensions><gpxtpx:TrackPointExtension><gpxtpx:hr>143</gpxtpx:hr><gpxtpx:cad>85</gpxtpx:cad></gpxtpx:TrackPointExtension></extensions></trkpt>
<trkpt lat="52.3278396" lon="4.8117521"><ele>0.4</ele><time>2026-03-08T08:44:57Z</time><extensions><gpxtpx:TrackPointExtension><gpxtpx:hr>143</gpxtpx:hr><gpxtpx:cad>86</gpxtpx:cad></gpxtpx:TrackPointExtension></extensions></trkpt>
<trkpt lat="52.3278223" lon="4.8116459"><ele>0.4</ele><time>2026-03-08T08:45:00Z</time><extensions><gpxtpx:TrackPointExtension><gpxtpx:hr>143</gpxtpx:hr><gpxtpx:cad>85</gpxtpx:cad></gpxtpx:TrackPointExtension></extensions></trkpt>
<trkpt lat="52.3277907" lon="4.8115126"><ele>0.4</ele><time>2026-03-08T08:45:03Z</time><extensions><gpxtpx:TrackPointExtension><gpxtpx:hr>143</gpxtpx:hr><gpxtpx:cad>86</gpxtpx:cad></gpxtpx:TrackPointExtension></extensions></trkpt>
<trkpt lat="52.3277738" lon="4.8113954"><ele>0.5</ele><time>2026-03-08T08:45:06Z</time><extensions><gpxtpx:TrackPointExtension><gpxtpx:hr>143</gpxtpx:hr><gpxtpx:cad>84</gpxtpx:cad></gpxtpx:TrackPointExtension></extensions></trkpt>
<trkpt lat="52.3277091" lon="4.8112893"><ele>0.5</ele><time>2026-03-08T08:45:09Z</time><extensions><gpxtpx:TrackPointExtension><gpxtpx:hr>143</gpxtpx:hr><gpxtpx:cad>84</gpxtpx:cad></gpxtpx:TrackPointExtension></extensions></trkpt>
<trkpt lat="52.3276858" lon="4.8111465"><ele>0.5</ele><time>2026-03-08T08:45:12Z</time><extensions><gpxtpx:TrackPointExtension><gpxtpx:hr>143</gpxtpx:hr><gpxtpx:cad>85</gpxtpx:cad></gpxtpx:TrackPointExtension></extensions></trkpt>
<trkpt lat="52.3276495" lon="4.8110285"><ele>0.5</ele><time>2026-03-08T08:45:15Z</time><extensions><gpxtpx:TrackPointExtension><gpxtpx:hr>143</gpxtpx:hr><gpxtpx:cad>84</gpxtpx:cad></gpxtpx:TrackPointExtension></extensions></trkpt>
<trkpt lat="52.3276313" lon="4.8109210"><ele>0.6</ele><time>2026-03-08T08:45:18Z</time><extensions><gpxtpx:TrackPointExtension><gpxtpx:hr>142</gpxtpx:hr><gpxtpx:cad>84</gpxtpx:cad></gpxtpx:TrackPointExtension></extensions></trkpt>
<trkpt lat="52.3275810" lon="4.8108231"><ele>0.6</ele><time>2026-03-08T08:45:21Z</time><extensions><gpxtpx:TrackPointExtension><gpxtpx:hr>142</gpxtpx:hr><gpxtpx:cad>84</gpxtpx:cad></gpxtpx:TrackPointExtension></extensions></trkpt>
<trkpt lat="52.3275562" lon="4.8106776"><ele>0.6</ele><time>2026-03-08T08:45:24Z</time><extensions><gpxtpx:TrackPointExtension><gpxtpx:hr>142</gpxtpx:hr><gpxtpx:cad>84</gpxtpx:cad></gpxtpx:TrackPointExtension></extensions></trkpt>
<trkpt lat="52.3275181" lon="4.8105766"><ele>0.6</ele><time>2026-03-08T08:45:27Z</time><extensions><gpxtpx:TrackPointExtension><gpxtpx:hr>143</gpxtpx:hr><gpxtpx:cad>86</gpxtpx:cad></gpxtpx:TrackPointExtension></extensions></trkpt>
<trkpt lat="52.3274840" lon="4.8104674"><ele>0.7</ele><time>2026-03-08T08:45:30Z</time><extensions><gpxtpx:TrackPointExtension><gpxtpx:hr>143</gpxtpx:hr><gpxtpx:cad>84</gpxtpx:cad></gpxtpx:TrackPointExtension></extensions></trkpt>
<trkpt lat="52.3274347" lon="4.8103215"><ele>0.7</ele><time>2026-03-08T08:45:33Z</time><extensions><gpxtpx:TrackPointExtension><gpxtpx:hr>143</gpxtpx:hr><gpxtpx:cad>85</gpxtpx:cad></gpxtpx:TrackPointExtension></extensions></trkpt>
<trkpt lat="52.3274057" lon="4.8102324"><ele>0.7</ele><time>2026-03-08T08:45:36Z</time><extensions><gpxtpx:TrackPointExtension><gpxtpx:hr>143</gpxtpx:hr><gpxtpx:cad>85</gpxtpx:cad></gpxtpx:TrackPointExtension></extensions></trkpt>
<trkpt lat="52.3273715" lon="4.8101163"><ele>0.7</ele><time>2026-03-08T08:45:39Z</time><extensions><gpxtpx:TrackPointExtension><gpxtpx:hr>143</gpxtpx:hr><gpxtpx:cad>86</gpxtpx:cad></gpxtpx:TrackPointExtension></extensions></trkpt>
<trkpt lat="52.3273320" lon="4.8100040"><ele>0.7</ele><time>2026-03-08T08:45:42Z</time><extensions><gpxtpx:TrackPointExtension><gpxtpx:hr>144</gpxtpx:hr><gpxtpx:cad>86</gpxtpx:cad></gpxtpx:TrackPointExtension></extensions></trkpt>
<trkpt lat="52.3272787" lon="4.8099145"><ele>0.8</ele><time>2026-03-08T08:45:45Z</time><extensions><gpxtpx:TrackPointExtension><gpxtpx:hr>144</gpxtpx:hr><gpxtpx:cad>86</gpxtpx:cad></gpxtpx:TrackPointExtension></extensions></trkpt>
<trkpt lat="52.3272417" lon="4.8097777"><ele>0.8</ele><time>2026-03-08T08:45:48Z</time><extensions><gpxtpx:TrackPointExtension><gpxtpx:hr>144</gpxtpx:hr><gpxtpx:cad>86</gpxtpx:cad></gpxtpx:TrackPointExtension></extensions></trkpt>
<trkpt lat="52.3272176" lon="4.8096720"><ele>0.8</ele><time>2026-03-08T08:45:51Z</time><extensions><gpxtpx:TrackPointExtension><gpxtpx:hr>143</gpxtpx:hr><gpxtpx:cad>85</gpxtpx:cad></gpxtpx:TrackPointExtension></extensions></trkpt>
<trkpt lat="52.3271501" lon="4.8095745"><ele>0.8</ele><time>2026-03-08T08:45:54Z</time><extensions><gpxtpx:TrackPointExtension><gpxtpx:hr>143</gpxtpx:hr><gpxtpx:cad>86</gpxtpx:cad></gpxtpx:TrackPointExtension></extensions></trkpt>
<trkpt lat="52.3271141" lon="4.8094395"><ele>0.9</ele><time>2026-03-08T08:45:57Z</time><extensions><gpxtpx:TrackPointExtension><gpxtpx:hr>143</gpxtpx:hr><gpxtpx:cad>85</gpxtpx:cad></gpxtpx:TrackPointExtension></extensions></trkpt>
<trkpt lat="52.3270635" lon="4.8093264"><ele>0.9</ele><time>2026-03-08T08:46:00Z</time><extensions><gpxtpx:TrackPointExtension><gpxtpx:hr>142</gpxtpx:hr><gpxtpx:cad>85</gpxtpx:cad></gpxtpx:TrackPointExtension></extensions></trkpt>
<trkpt lat="52.3270309" lon="4.8092395"><ele>0.9</ele><time>2026-03-08T08:46:03Z</time><extensions><gpxtpx:TrackPointExtension><gpxtpx:hr>143</gpxtpx:hr><gpxtpx:cad>85</gpxtpx:cad></gpxtpx:TrackPointExtension></extensions></trkpt>
<trkpt lat="52.3269775" lon="4.8091095"><ele>0.9</ele><time>2026-03-08T08:46:06Z</time><extensions><gpxtpx:TrackPointExtension><gpxtpx:hr>143</gpxtpx:hr><gpxtpx:cad>86</gpxtpx:cad></gpxtpx:TrackPointExtension></extensions></trkpt>
<trkpt lat="52.3269325" lon="4.8090205"><ele>1.0</ele><time>2026-03-08T08:46:09Z</time><extensions><gpxtpx:TrackPointExtension><gpxtpx:hr>143</gpxtpx:hr><gpxtpx:cad>86</gpxtpx:cad></gpxtpx:TrackPointExtension></extensions></trkpt>
<trkpt lat="52.3268936" lon="4.8088959"><ele>1.0</ele><time>2026-03-08T08:46:12Z</time><extensions><gpxtpx:TrackPointExtension><gpxtpx:hr>143</gpxtpx:hr><gpxtpx:cad>85</gpxtpx:cad></gpxtpx:TrackPointExtension></extensions></trkpt>
<trkpt lat="52.3268467" lon="4.8088169"><ele>1.0</ele><time>2026-03-08T08:46:15Z</time><extensions><gpxtpx:TrackPointExtension><gpxtpx:hr>144</gpxtpx:hr><gpxtpx:cad>86</gpxtpx:cad></gpxtpx:TrackPointExtension></extensions></trkpt>
<trkpt lat="52.3267834" lon="4.8086840"><ele>1.0</ele><time>2026-03-08T08:46:18Z</time><extensions><gpxtpx:TrackPointExtension><gpxtpx:hr>143</gpxtpx:hr><gpxtpx:cad>85</gpxtpx:cad></gpxtpx:TrackPointExtension></extensions></trkpt>
<trkpt lat="52.3267416" lon="4.8086009"><ele>1.0</ele><time>2026-03-08T08:46:21Z</time><extensions><gpxtpx:TrackPointExtension><gpxtpx:hr>143</gpxtpx:hr><gpxtpx:cad>86</gpxtpx:cad></gpxtpx:TrackPointExtension></extensions></trkpt>
<trkpt lat="52.3266804" lon="4.8084861"><ele>1.1</ele><time>2026-03-08T08:46:24Z</time><extensions><gpxtpx:TrackPointExtension><gpxtpx:hr>144</gpxtpx:hr><gpxtpx:cad>85</gpxtpx:cad></gpxtpx:TrackPointExtension></extensions></trkpt>
<trkpt lat="52.3266421" lon="4.8083779"><ele>1.1</ele><time>2026-03-08T08:46:27Z</time><extensions><gpxtpx:TrackPointExtension><gpxtpx:hr>143</gpxtpx:hr><gpxtpx:cad>85</gpxtpx:cad></gpxtpx:TrackPointExtension></extensions></trkpt>
<trkpt lat="52.3265897" lon="4.8082957"><ele>1.1</ele><time>2026-03-08T08:46:30Z</time><extensions><gpxtpx:TrackPointExtension><gpxtpx:hr>143</gpxtpx:hr><gpxtpx:cad>85</gpxtpx:cad></gpxtpx:TrackPointExtension></extensions></trkpt>
<trkpt lat="52.3265374" lon="4.8081874"><ele>1.1</ele><time>2026-03-08T08:46:33Z</time><extensions><gpxtpx:TrackPointExtension><gpxtpx:hr>143</gpxtpx:hr><gpxtpx:cad>85</gpxtpx:cad></gpxtpx:TrackPointExtension></extensions></trkpt>
<trkpt lat="52.3264802" lon="4.8080832"><ele>1.1</ele><time>2026-03-08T08:46:36Z</time><extensions><gpxtpx:TrackPointExtension><gpxtpx:hr>144</gpxtpx:hr><gpxtpx:cad>85</gpxtpx:cad></gpxtpx:TrackPointExtension></extensions></trkpt>
<trkpt lat="52.3264220" lon="4.8079860"><ele>1.2</ele><time>2026-03-08T08:46:39Z</time><extensions><gpxtpx:TrackPointExtension><gpxtpx:hr>144</gpxtpx:hr><gpxtpx:cad>85</gpxtpx:cad></gpxtpx:TrackPointExtension></extensions></trkpt>
<trkpt lat="52.3263690" lon="4.8079191"><ele>1.2</ele><time>2026-03-08T08:46:42Z</time><extensions><gpxtpx:TrackPointExtension><gpxtpx:hr>145</gpxtpx:hr><gpxtpx:cad>86</gpxtpx:cad></gpxtpx:TrackPointExtension></extensions></trkpt>
<trkpt lat="52.3263111" lon="4.8078149"><ele>1.2</ele><time>2026-03-08T08:46:45Z</time><extensions><gpxtpx:TrackPointExtension><gpxtpx:hr>146</gpxtpx:hr><gpxtpx:cad>85</gpxtpx:cad></gpxtpx:TrackPointExtension></extensions></trkpt>
<trkpt lat="52.3262577" lon="4.8077043"><ele>1.2</ele><time>2026-03-08T08:46:48Z</time><extensions><gpxtpx:TrackPointExtension><gpxtpx:hr>146</gpxtpx:hr><gpxtpx:cad>85</gpxtpx:cad></gpxtpx:TrackPointExtension></extensions></trkpt>
<trkpt lat="52.3261982" lon="4.8076351"><ele>1.2</ele><time>2026-03-08T08:46:51Z</time><extensions><gpxtpx:TrackPointExtension><gpxtpx:hr>145</gpxtpx:hr><gpxtpx:cad>84</gpxtpx:cad></gpxtpx:TrackPointExtension></extensions></trkpt>
<trkpt lat="52.3261394" lon="4.8075496"><ele>1.3</ele><time>2026-03-08T08:46:54Z</time><extensions><gpxtpx:TrackPointExtension><gpxtpx:hr>146</gpxtpx:hr><gpxtpx:cad>84</gpxtpx:cad></gpxtpx:TrackPointExtension></extensions></trkpt>
<trkpt lat="52.3260713" lon="4.8074286"><ele>1.3</ele><time>2026-03-08T08:46:57Z</time><extensions><gpxtpx:TrackPointExtension><gpxtpx:hr>144</gpxtpx:hr><gpxtpx:cad>84</gpxtpx:cad></gpxtpx:TrackPointExtension></extensions></trkpt>
<trkpt lat="52.3260158" lon="4.8073622"><ele>1.3</ele><time>2026-03-08T08:47:00Z</time><extensions><gpxtpx:TrackPointExtension><gpxtpx:hr>145</gpxtpx:hr><gpxtpx:cad>86</gpxtpx:cad></gpxtpx:TrackPointExtension></extensions></trkpt>
<trkpt lat="52.3259597" lon="4.8072629"><ele>1.3</ele><time>2026-03-08T08:47:03Z</time><extensions><gpxtpx:TrackPointExtension><gpxtpx:hr>145</gpxtpx:hr><gpxtpx:cad>84</gpxtpx:cad></gpxtpx:TrackPointExtension></extensions></trkpt>
<trkpt lat="52.3259031" lon="4.8071828"><ele>1.3</ele><time>2026-03-08T08:47:06Z</time><extensions><gpxtpx:TrackPointExtension><gpxtpx:hr>145</gpxtpx:hr><gpxtpx:cad>85</gpxtpx:cad></gpxtpx:TrackPointExtension></extensions></trkpt>
<trkpt lat="52.3258429" lon="4.8070937"><ele>1.3</ele><time>2026-03-08T08:47:09Z</time><extensions><gpxtpx:TrackPointExtension><gpxtpx:hr>145</gpxtpx:hr><gpxtpx:cad>86</gpxtpx:cad></gpxtpx:TrackPointExtension></extensions></trkpt>
<trkpt lat="52.3257595" lon="4.8070171"><ele>1.4</ele><time>2026-03-08T08:47:12Z</time><extensions><gpxtpx:TrackPointExtension><gpxtpx:hr>145</gpxtpx:hr><gpxtpx:cad>85</gpxtpx:cad></gpxtpx:TrackPointExtension></extensions></trkpt>
<trkpt lat="52.3257101" lon="4.8069256"><ele>1.4</ele><time>2026-03-08T08:47:15Z</time><extensions><gpxtpx:TrackPointExtension><gpxtpx:hr>146</gpxtpx:hr><gpxtpx:cad>84</gpxtpx:cad></gpxtpx:TrackPointExtension></extensions></trkpt>
<trkpt lat="52.3256427" lon="4.8068466"><ele>1.4</ele><time>2026-03-08T08:47:18Z</time><extensions><gpxtpx:TrackPointExtension><gpxtpx:hr>145</gpxtpx:hr><gpxtpx:cad>87</gpxtpx:cad></gpxtpx:TrackPointExtension></extensions></trkpt>
<trkpt lat="52.3255857" lon="4.8067926"><ele>1.4</ele><time>2026-03-08T08:47:21Z</time><extensions><gpxtpx:TrackPointExtension><gpxtpx:hr>144</gpxtpx:hr><gpxtpx:cad>85</gpxtpx:cad></gpxtpx:TrackPointExtension></extensions></trkpt>
<trkpt lat="52.3255142" lon="4.8067033"><ele>1.4</ele><time>2026-03-08T08:47:24Z</time><extensions><gpxtpx:TrackPointExtension><gpxtpx:hr>144</gpxtpx:hr><gpxtpx:cad>86</gpxtpx:cad></gpxtpx:TrackPointExtension></extensions></trkpt>
<trkpt lat="52.3254532" lon="4.8066268"><ele>1.4</ele><time>2026-03-08T08:47:27Z</time><extensions><gpxtpx:TrackPointExtension><gpxtpx:hr>144</gpxtpx:hr><gpxtpx:cad>85</gpxtpx:cad></gpxtpx:TrackPointExtension></extensions></trkpt>
<trkpt lat="52.3253877" lon="4.8065828"><ele>1.5</ele><time>2026-03-08T08:47:30Z</time><extensions><gpxtpx:TrackPointExtension><gpxtpx:hr>144</gpxtpx:hr><gpxtpx:cad>86</gpxtpx:cad></gpxtpx:TrackPointExtension></extensions></trkpt>
<trkpt lat="52.3253072" lon="4.8064860"><ele>1.5</ele><time>2026-03-08T08:47:33Z</time><extensions><gpxtpx:TrackPointExtension><gpxtpx:hr>143</gpxtpx:hr><gpxtpx:cad>84</gpxtpx:cad></gpxtpx:TrackPointExtension></extensions></trkpt>
<trkpt lat="52.3252471" lon="4.8064063"><ele>1.5</ele><time>2026-03-08T08:47:36Z</time><extensions><gpxtpx:TrackPointExtension><gpxtpx:hr>143</gpxtpx:hr><gpxtpx:cad>86</gpxtpx:cad></gpxtpx:TrackPointExtension></extensions></trkpt>
<trkpt lat="52.3251875" lon="4.8063293"><ele>1.5</ele><time>2026-03-08T08:47:39Z</time><extensions><gpxtpx:TrackPointExtension><gpxtpx:hr>144</gpxtpx:hr><gpxtpx:cad>86</gpxtpx:cad></gpxtpx:TrackPointExtension></extensions></trkpt>
<trkpt lat="52.3251209" lon="4.8062615"><ele>1.5</ele><time>2026-03-08T08:47:42Z</time><extensions><gpxtpx:TrackPointExtension><gpxtpx:hr>144</gpxtpx:hr><gpxtpx:cad>85</gpxtpx:cad></gpxtpx:TrackPointExtension></extensions></trkpt>
<trkpt lat="52.3250457" lon="4.8062125"><ele>1.5</ele><time>2026-03-08T08:47:45Z</time><extensions><gpxtpx:TrackPointExtension><gpxtpx:hr>144</gpxtpx:hr><gpxtpx:cad>85</gpxtpx:cad></gpxtpx:TrackPointExtension></extensions></trkpt>
<trkpt lat="52.3249779" lon="4.8061618"><ele>1.5</ele><time>2026-03-08T08:47:48Z</time><extensions><gpxtpx:TrackPointExtension><gpxtpx:hr>144</gpxtpx:hr><gpxtpx:cad>85</gpxtpx:cad></gpxtpx:TrackPointExtension></extensions></trkpt>
<trkpt lat="52.3248908" lon="4.8060553"><ele>1.6</ele><time>2026-03-08T08:47:51Z</time><extensions><gpxtpx:TrackPointExtension><gpxtpx:hr>143</gpxtpx:hr><gpxtpx:cad>86</gpxtpx:cad></gpxtpx:TrackPointExtension></extensions></trkpt>
<trkpt lat="52.3248302" lon="4.8060050"><ele>1.6</ele><time>2026-03-08T08:47:54Z</time><extensions><gpxtpx:TrackPointExtension><gpxtpx:hr>143</gpxtpx:hr><gpxtpx:cad>86</gpxtpx:cad></gpxtpx:TrackPointExtension></extensions></trkpt>
<trkpt lat="52.3247474" lon="4.8059448"><ele>1.6</ele><time>2026-03-08T08:47:57Z</time><extensions><gpxtpx:TrackPointExtension><gpxtpx:hr>142</gpxtpx:hr><gpxtpx:cad>86</gpxtpx:cad></gpxtpx:TrackPointExtension></extensions></trkpt>
<trkpt lat="52.3246942" lon="4.8058910"><ele>1.6</ele><time>2026-03-08T08:48:00Z</time><extensions><gpxtpx:TrackPointExtension><gpxtpx:hr>142</gpxtpx:hr><gpxtpx:cad>85</gpxtpx:cad></gpxtpx:TrackPointExtension></extensions></trkpt>
<trkpt lat="52.3246131" lon="4.8058327"><ele>1.6</ele><time>2026-03-08T08:48:03Z</time><extensions><gpxtpx:TrackPointExtension><gpxtpx:hr>143</gpxtpx:hr><gpxtpx:cad>86</gpxtpx:cad></gpxtpx:TrackPointExtension></extensions></trkpt>
<trkpt lat="52.3245520" lon="4.8057737"><ele>1.6</ele><time>2026-03-08T08:48:06Z</time><extensions><gpxtpx:TrackPointExtension><gpxtpx:hr>143</gpxtpx:hr><gpxtpx:cad>86</gpxtpx:cad></gpxtpx:TrackPointExtension></extensions></trkpt>
<trkpt lat="52.3244584" lon="4.8057293"><ele>1.6</ele><time>2026-03-08T08:48:09Z</time><extensions><gpxtpx:TrackPointExtension><gpxtpx:hr>144</gpxtpx:hr><gpxtpx:cad>85</gpxtpx:cad></gpxtpx:TrackPointExtension></extensions></trkpt>
<trkpt lat="52.3243835" lon="4.8056845"><ele>1.6</ele><time>2026-03-08T08:48:12Z</time><extensions><gpxtpx:TrackPointExtension><gpxtpx:hr>143</gpxtpx:hr><gpxtpx:cad>87</gpxtpx:cad></gpxtpx:TrackPointExtension></extensions></trkpt>
<trkpt lat="52.3243270" lon="4.8056168"><ele>1.6</ele><time>2026-03-08T08:48:15Z</time><extensions><gpxtpx:TrackPointExtension><gpxtpx:hr>143</gpxtpx:hr><gpxtpx:cad>85</gpxtpx:cad></gpxtpx:TrackPointExtension></extensions></trkpt>
<trkpt lat="52.3242450" lon="4.8055664"><ele>1.7</ele><time>2026-03-08T08:48:18Z</time><extensions><gpxtpx:TrackPointExtension><gpxtpx:hr>143</gpxtpx:hr><gpxtpx:cad>86</gpxtpx:cad></gpxtpx:TrackPointExtension></extensions></trkpt>
<trkpt lat="52.3241681" lon="4.8055214"><ele>1.7</ele><time>2026-03-08T08:48:21Z</time><extensions><gpxtpx:TrackPointExtension><gpxtpx:hr>144</gpxtpx:hr><gpxtpx:cad>85</gpxtpx:cad></gpxtpx:TrackPointExtension></extensions></trkpt>
<trkpt lat="52.3241043" lon="4.8054777"><ele>1.7</ele><time>2026-03-08T08:48:24Z</time><extensions><gpxtpx:TrackPointExtension><gpxtpx:hr>144</gpxtpx:hr><gpxtpx:cad>85</gpxtpx:cad></gpxtpx:TrackPointExtension></extensions></trkpt>
<trkpt lat="52.3240062" lon="4.8054232"><ele>1.7</ele><time>2026-03-08T08:48:27Z</time><extensions><gpxtpx:TrackPointExtension><gpxtpx:hr>145</gpxtpx:hr><gpxtpx:cad>85</gpxtpx:cad></gpxtpx:TrackPointExtension></extensions></trkpt>
<trkpt lat="52.3239307" lon="4.8053967"><ele>1.7</ele><time>2026-03-08T08:48:30Z</time><extensions><gpxtpx:TrackPointExtension><gpxtpx:hr>145</gpxtpx:hr><gpxtpx:cad>84</gpxtpx:cad></gpxtpx:TrackPointExtension></extensions></trkpt>
<trkpt lat="52.3238744" lon="4.8053584"><ele>1.7</ele><time>2026-03-08T08:48:33Z</time><extensions><gpxtpx:TrackPointExtension><gpxtpx:hr>145</gpxtpx:hr><gpxtpx:cad>83</gpxtpx:cad></gpxtpx:TrackPointExtension></extensions></trkpt>
<trkpt lat="52.3237896" lon="4.8053195"><ele>1.7</ele><time>2026-03-08T08:48:36Z</time><extensions><gpxtpx:TrackPointExtension><gpxtpx:hr>144</gpxtpx:hr><gpxtpx:cad>83</gpxtpx:cad></gpxtpx:TrackPointExtension></extensions></trkpt>
<trkpt lat="52.3237191" lon="4.8052955"><ele>1.7</ele><time>2026-03-08T08:48:39Z</time><extensions><gpxtpx:TrackPointExtension><gpxtpx:hr>144</gpxtpx:hr><gpxtpx:cad>85</gpxtpx:cad></gpxtpx:TrackPointExtension></extensions></trkpt>
<trkpt lat="52.3236229" lon="4.8052472"><ele>1.7</ele><time>2026-03-08T08:48:42Z</time><extensions><gpxtpx:TrackPointExtension><gpxtpx:hr>144</gpxtpx:hr><gpxtpx:cad>84</gpxtpx:cad></gpxtpx:TrackPointExtension></extensions></trkpt>
<trkpt lat="52.3235638" lon="4.8052050"><ele>1.7</ele><time>2026-03-08T08:48:45Z</time><extensions><gpxtpx:TrackPointExtension><gpxtpx:hr>144</gpxtpx:hr><gpxtpx:cad>85</gpxtpx:cad></gpxtpx:TrackPointExtension></extensions></trkpt>
<trkpt lat="52.3234793" lon="4.8051839"><ele>1.7</ele><time>2026-03-08T08:48:48Z</time><extensions><gpxtpx:TrackPointExtension><gpxtpx:hr>144</gpxtpx:hr><gpxtpx:cad>84</gpxtpx:cad></gpxtpx:TrackPointExtension></extensions></trkpt>
<trkpt lat="52.3233940" lon="4.8051446"><ele>1.7</ele><time>2026-03-08T08:48:51Z</time><extensions><gpxtpx:TrackPointExtension><gpxtpx:hr>144</gpxtpx:hr><gpxtpx:cad>84</gpxtpx:cad></gpxtpx:TrackPointExtension></extensions></trkpt>
<trkpt lat="52.3233093" lon="4.8051178"><ele>1.7</ele><time>2026-03-08T08:48:54Z</time><extensions><gpxtpx:TrackPointExtension><gpxtpx:hr>144</gpxtpx:hr><gpxtpx:cad>85</gpxtpx:cad></gpxtpx:TrackPointExtension></extensions></trkpt>
<trkpt lat="52.3232418" lon="4.8051029"><ele>1.8</ele><time>2026-03-08T08:48:57Z</time><extensions><gpxtpx:TrackPointExtension><gpxtpx:hr>144</gpxtpx:hr><gpxtpx:cad>85</gpxtpx:cad></gpxtpx:TrackPointExtension></extensions></trkpt>
<trkpt lat="52.3231591" lon="4.8050833"><ele>1.8</ele><time>2026-03-08T08:49:00Z</time><extensions><gpxtpx:TrackPointExtension><gpxtpx:hr>145</gpxtpx:hr><gpxtpx:cad>84</gpxtpx:cad></gpxtpx:TrackPointExtension></extensions></trkpt>
<trkpt lat="52.3230813" lon="4.8050537"><ele>1.8</ele><time>2026-03-08T08:49:03Z</time><extensions><gpxtpx:TrackPointExtension><gpxtpx:hr>145</gpxtpx:hr><gpxtpx:cad>86</gpxtpx:cad></gpxtpx:TrackPointExtension></extensions></trkpt>
<trkpt lat="52.3229945" lon="4.8050280"><ele>1.8</ele><time>2026-03-08T08:49:06Z</time><extensions><gpxtpx:TrackPointExtension><gpxtpx:hr>146</gpxtpx:hr><gpxtpx:cad>85</gpxtpx:cad></gpxtpx:TrackPointExtension></extensions></trkpt>
<trkpt lat="52.3229282" lon="4.8050216"><ele>1.8</ele><time>2026-03-08T08:49:09Z</time><extensions><gpxtpx:TrackPointExtension><gpxtpx:hr>146</gpxtpx:hr><gpxtpx:cad>86</gpxtpx:cad></gpxtpx:TrackPointExtension></extensions></trkpt>
<trkpt lat="52.3228532" lon="4.8049903"><ele>1.8</ele><time>2026-03-08T08:49:12Z</time><extensions><gpxtpx:TrackPointExtension><gpxtpx:hr>147</gpxtpx:hr><gpxtpx:cad>86</gpxtpx:cad></gpxtpx:TrackPointExtension></extensions></trkpt>
<trkpt lat="52.3227603" lon="4.8049576"><ele>1.8</ele><time>2026-03-08T08:49:15Z</time><extensions><gpxtpx:TrackPointExtension><gpxtpx:hr>146</gpxtpx:hr><gpxtpx:cad>84</gpxtpx:cad></gpxtpx:TrackPointExtension></extensions></trkpt>
<trkpt lat="52.3226705" lon="4.8049371"><ele>1.8</ele><time>2026-03-08T08:49:18Z</time><extensions><gpxtpx:TrackPointExtension><gpxtpx:hr>146</gpxtpx:hr><gpxtpx:cad>84</gpxtpx:cad></gpxtpx:TrackPointExtension></extensions></trkpt>
<trkpt lat="52.3225893" lon="4.8049356"><ele>1.8</ele><time>2026-03-08T08:49:21Z</time><extensions><gpxtpx:TrackPointExtension><gpxtpx:hr>146</gpxtpx:hr><gpxtpx:cad>86</gpxtpx:cad></gpxtpx:TrackPointExtension></extensions></trkpt>
<trkpt lat="52.3225126" lon="4.8049170"><ele>1.8</ele><time>2026-03-08T08:49:24Z</time><extensions><gpxtpx:TrackPointExtension><gpxtpx:hr>146</gpxtpx:hr><gpxtpx:cad>85</gpxtpx:cad></gpxtpx:TrackPointExtension></extensions></trkpt>
<trkpt lat="52.3224397" lon="4.8048973"><ele>1.8</ele><time>2026-03-08T08:49:27Z</time><extensions><gpxtpx:TrackPointExtension><gpxtpx:hr>147</gpxtpx:hr><gpxtpx:cad>86</gpxtpx:cad></gpxtpx:TrackPointExtension></extensions></trkpt>
<trkpt lat="52.3223586" lon="4.8048677"><ele>1.8</ele><time>2026-03-08T08:49:30Z</time><extensions><gpxtpx:TrackPointExtension><gpxtpx:hr>147</gpxtpx:hr><gpxtpx:cad>86</gpxtpx:cad></gpxtpx:TrackPointExtension></extensions></trkpt>
<trkpt lat="52.3222772" lon="4.8048747"><ele>1.8</ele><time>2026-03-08T08:49:33Z</time><extensions><gpxtpx:TrackPointExtension><gpxtpx:hr>147</gpxtpx:hr><gpxtpx:cad>85</gpxtpx:cad></gpxtpx:TrackPointExtension></extensions></trkpt>
<trkpt lat="52.3221947" lon="4.8048604"><ele>1.8</ele><time>2026-03-08T08:49:36Z</time><extensions><gpxtpx:TrackPointExtension><gpxtpx:hr>146</gpxtpx:hr><gpxtpx:cad>85</gpxtpx:cad></gpxtpx:TrackPointExtension></extensions></trkpt>
<trkpt lat="52.3221145" lon="4.8048723"><ele>1.8</ele><time>2026-03-08T08:49:39Z</time><extensions><gpxtpx:TrackPointExtension><gpxtpx:hr>145</gpxtpx:hr><gpxtpx:cad>84</gpxtpx:cad></gpxtpx:TrackPointExtension></extensions></trkpt>
<trkpt lat="52.3220306" lon="4.8048787"><ele>1.8</ele><time>2026-03-08T08:49:42Z</time><extensions><gpxtpx:TrackPointExtension><gpxtpx:hr>145</gpxtpx:hr><gpxtpx:cad>86</gpxtpx:cad></gpxtpx:TrackPointExtension></extensions></trkpt>
<trkpt lat="52.3219601" lon="4.8048460"><ele>1.8</ele><time>2026-03-08T08:49:45Z</time><extensions><gpxtpx:TrackPointExtension><gpxtpx:hr>146</gpxtpx:hr><gpxtpx:cad>84</gpxtpx:cad></gpxtpx:TrackPointExtension></extensions></trkpt>
<trkpt lat="52.3218751" lon="4.8048632"><ele>1.8</ele><time>2026-03-08T08:49:48Z</time><extensions><gpxtpx:TrackPointExtension><gpxtpx:hr>146</gpxtpx:hr><gpxtpx:cad>85</gpxtpx:cad></gpxtpx:TrackPointExtension></extensions></trkpt>
<trkpt lat="52.3217841" lon="4.8048440"><ele>1.8</ele><time>2026-03-08T08:49:51Z</time><extensions><gpxtpx:TrackPointExtension><gpxtpx:hr>146</gpxtpx:hr><gpxtpx:cad>84</gpxtpx:cad></gpxtpx:TrackPointExtension></extensions></trkpt>
<trkpt lat="52.3217249" lon="4.8048628"><ele>1.8</ele><time>2026-03-08T08:49:54Z</time><extensions><gpxtpx:TrackPointExtension><gpxtpx:hr>146</gpxtpx:hr><gpxtpx:cad>84</gpxtpx:cad></gpxtpx:TrackPointExtension></extensions></trkpt>
<trkpt lat="52.3216345" lon="4.8048540"><ele>1.8</ele><time>2026-03-08T08:49:57Z</time><extensions><gpxtpx:TrackPointExtension><gpxtpx:hr>146</gpxtpx:hr><gpxtpx:cad>85</gpxtpx:cad></gpxtpx:TrackPointExtension></extensions></trkpt>
<trkpt lat="52.3215601" lon="4.8048470"><ele>1.8</ele><time>2026-03-08T08:50:00Z</time><extensions><gpxtpx:TrackPointExtension><gpxtpx:hr>145</gpxtpx:hr><gpxtpx:cad>86</gpxtpx:cad></gpxtpx:TrackPointExtension></extensions></trkpt>
<trkpt lat="52.3214836" lon="4.8048594"><ele>1.8</ele><time>2026-03-08T08:50:03Z</time><extensions><gpxtpx:TrackPointExtension><gpxtpx:hr>145</gpxtpx:hr><gpxtpx:cad>85</gpxtpx:cad></gpxtpx:TrackPointExtension></extensions></trkpt>
<trkpt lat="52.3213961" lon="4.8048631"><ele>1.8</ele><time>2026-03-08T08:50:06Z</time><extensions><gpxtpx:TrackPointExtension><gpxtpx:hr>145</gpxtpx:hr><gpxtpx:cad>86</gpxtpx:cad></gpxtpx:TrackPointExtension></extensions></trkpt>
<trkpt lat="52.3213067" lon="4.8048734"><ele>1.8</ele><time>2026-03-08T08:50:09Z</time><extensions><gpxtpx:TrackPointExtension><gpxtpx:hr>145</gpxtpx:hr><gpxtpx:cad>85</gpxtpx:cad></gpxtpx:TrackPointExtension></extensions></trkpt>
<trkpt lat="52.3212315" lon="4.8048816"><ele>1.8</ele><time>2026-03-08T08:50:12Z</time><extensions><gpxtpx:TrackPointExtension><gpxtpx:hr>144</gpxtpx:hr><gpxtpx:cad>85</gpxtpx:cad></gpxtpx:TrackPointExtension></extensions></trkpt>
<trkpt lat="52.3211623" lon="4.8048977"><ele>1.8</ele><time>2026-03-08T08:50:15Z</time><extensions><gpxtpx:TrackPointExtension><gpxtpx:hr>145</gpxtpx:hr><gpxtpx:cad>86</gpxtpx:cad></gpxtpx:TrackPointExtension></extensions></trkpt>
<trkpt lat="52.3210516" lon="4.8048821"><ele>1.8</ele><time>2026-03-08T08:50:18Z</time><extensions><gpxtpx:TrackPointExtension><gpxtpx:hr>145</gpxtpx:hr><gpxtpx:cad>86</gpxtpx:cad></gpxtpx:TrackPointExtension></extensions></trkpt>
<trkpt lat="52.3209736" lon="4.8048975"><ele>1.8</ele><time>2026-03-08T08:50:21Z</time><extensions><gpxtpx:TrackPointExtension><gpxtpx:hr>145</gpxtpx:hr><gpxtpx:cad>84</gpxtpx:cad></gpxtpx:TrackPointExtension></extensions></trkpt>
<trkpt lat="52.3209024" lon="4.8049039"><ele>1.8</ele><time>2026-03-08T08:50:24Z</time><extensions><gpxtpx:TrackPointExtension><gpxtpx:hr>146</gpxtpx:hr><gpxtpx:cad>85</gpxtpx:cad></gpxtpx:TrackPointExtension></extensions></trkpt>
<trkpt lat="52.3208193" lon="4.8049116"><ele>1.8</ele><time>2026-03-08T08:50:27Z</time><extensions><gpxtpx:TrackPointExtension><gpxtpx:hr>145</gpxtpx:hr><gpxtpx:cad>85</gpxtpx:cad></gpxtpx:TrackPointExtension></extensions></trkpt>
<trkpt lat="52.3207367" lon="4.8049461"><ele>1.8</ele><time>2026-03-08T08:50:30Z</time><extensions><gpxtpx:TrackPointExtension><gpxtpx:hr>145</gpxtpx:hr><gpxtpx:cad>85</gpxtpx:cad></gpxtpx:TrackPointExtension></extensions></trkpt>
<trkpt lat="52.3206698" lon="4.8049538"><ele>1.8</ele><time>2026-03-08T08:50:33Z</time><extensions><gpxtpx:TrackPointExtension><gpxtpx:hr>145</gpxtpx:hr><gpxtpx:cad>84</gpxtpx:cad></gpxtpx:TrackPointExtension></extensions></trkpt>
<trkpt lat="52.3205922" lon="4.8049650"><ele>1.8</ele><time>2026-03-08T08:50:36Z</time><extensions><gpxtpx:TrackPointExtension><gpxtpx:hr>145</gpxtpx:hr><gpxtpx:cad>87</gpxtpx:cad></gpxtpx:TrackPointExtension></extensions></trkpt>
<trkpt lat="52.3205237" lon="4.8049812"><ele>1.8</ele><time>2026-03-08T08:50:39Z</time><extensions><gpxtpx:TrackPointExtension><gpxtpx:hr>145</gpxtpx:hr><gpxtpx:cad>85</gpxtpx:cad></gpxtpx:TrackPointExtension></extensions></trkpt>
<trkpt lat="52.3204229" lon="4.8049979"><ele>1.8</ele><time>2026-03-08T08:50:42Z</time><extensions><gpxtpx:TrackPointExtension><gpxtpx:hr>144</gpxtpx:hr><gpxtpx:cad>85</gpxtpx:cad></gpxtpx:TrackPointExtension></extensions></trkpt>
<trkpt lat="52.3203428" lon="4.8050169"><ele>1.8</ele><time>2026-03-08T08:50:45Z</time><extensions><gpxtpx:TrackPointExtension><gpxtpx:hr>145</gpxtpx:hr><gpxtpx:cad>85</gpxtpx:cad></gpxtpx:TrackPointExtension></extensions></trkpt>
<trkpt lat="52.3202727" lon="4.8050301"><ele>1.8</ele><time>2026-03-08T08:50:48Z</time><extensions><gpxtpx:TrackPointExtension><gpxtpx:hr>145</gpxtpx:hr><gpxtpx:cad>85</gpxtpx:cad></gpxtpx:TrackPointExtension></extensions></trkpt>
<trkpt lat="52.3201855" lon="4.8050614"><ele>1.8</ele><time>2026-03-08T08:50:51Z</time><extensions><gpxtpx:TrackPointExtension><gpxtpx:hr>146</gpxtpx:hr><gpxtpx:cad>85</gpxtpx:cad></gpxtpx:TrackPointExtension></extensions></trkpt>
<trkpt lat="52.3201173" lon="4.8050944"><ele>1.7</ele><time>2026-03-08T08:50:54Z</time><extensions><gpxtpx:TrackPointExtension><gpxtpx:hr>147</gpxtpx:hr><gpxtpx:cad>85</gpxtpx:cad></gpxtpx:TrackPointExtension></extensions></trkpt>
<trkpt lat="52.3200249" lon="4.8050871"><ele>1.7</ele><time>2026-03-08T08:50:57Z</time><extensions><gpxtpx:TrackPointExtension><gpxtpx:hr>146</gpxtpx:hr><gpxtpx:cad>85</gpxtpx:cad></gpxtpx:TrackPointExtension></extensions></trkpt>
<trkpt lat="52.3199457" lon="4.8051306"><ele>1.7</ele><time>2026-03-08T08:51:00Z</time><extensions><gpxtpx:TrackPointExtension><gpxtpx:hr>145</gpxtpx:hr><gpxtpx:cad>85</gpxtpx:cad></gpxtpx:TrackPointExtension></extensions></trkpt>
<trkpt lat="52.3198605" lon="4.8051296"><ele>1.7</ele><time>2026-03-08T08:51:03Z</time><extensions><gpxtpx:TrackPointExtension><gpxtpx:hr>145</gpxtpx:hr><gpxtpx:cad>85</gpxtpx:cad></gpxtpx:TrackPointExtension></extensions></trkpt>
<trkpt lat="52.3197899" lon="4.8051679"><ele>1.7</ele><time>2026-03-08T08:51:06Z</time><extensions><gpxtpx:TrackPointExtension><gpxtpx:hr>146</gpxtpx:hr><gpxtpx:cad>85</gpxtpx:cad></gpxtpx:TrackPointExtension></extensions></trkpt>
<trkpt lat="52.3197016" lon="4.8051948"><ele>1.7</ele><time>2026-03-08T08:51:09Z</time><extensions><gpxtpx:TrackPointExtension><gpxtpx:hr>146</gpxtpx:hr><gpxtpx:cad>85</gpxtpx:cad></gpxtpx:TrackPointExtension></extensions></trkpt>
<trkpt lat="52.3196243" lon="4.8052078"><ele>1.7</ele><time>2026-03-08T08:51:12Z</time><extensions><gpxtpx:TrackPointExtension><gpxtpx:hr>147</gpxtpx:hr><gpxtpx:cad>86</gpxtpx:cad></gpxtpx:TrackPointExtension></extensions></trkpt>
<trkpt lat="52.3195489" lon="4.8052502"><ele>1.7</ele><time>2026-03-08T08:51:15Z</time><extensions><gpxtpx:TrackPointExtension><gpxtpx:hr>148</gpxtpx:hr><gpxtpx:cad>85</gpxtpx:cad></gpxtpx:TrackPointExtension></extensions></trkpt>
<trkpt lat="52.3194554" lon="4.8052728"><ele>1.7</ele><time>2026-03-08T08:51:18Z</time><extensions><gpxtpx:TrackPointExtension><gpxtpx:hr>146</gpxtpx:hr><gpxtpx:cad>84</gpxtpx:cad></gpxtpx:TrackPointExtension></extensions></trkpt>
<trkpt lat="52.3193840" lon="4.8052938"><ele>1.7</ele><time>2026-03-08T08:51:21Z</time><extensions><gpxtpx:TrackPointExtension><gpxtpx:hr>147</gpxtpx:hr><gpxtpx:cad>85</gpxtpx:cad></gpxtpx:TrackPointExtension></extensions></trkpt>
<trkpt lat="52.3193098" lon="4.8053249"><ele>1.7</ele><time>2026-03-08T08:51:24Z</time><extensions><gpxtpx:TrackPointExtension><gpxtpx:hr>146</gpxtpx:hr><gpxtpx:cad>85</gpxtpx:cad></gpxtpx:TrackPointExtension></extensions></trkpt>
<trkpt lat="52.3192236" lon="4.8053468"><ele>1.7</ele><time>2026-03-08T08:51:27Z</time><extensions><gpxtpx:TrackPointExtension><gpxtpx:hr>145</gpxtpx:hr><gpxtpx:cad>85</gpxtpx:cad></gpxtpx:TrackPointExtension></extensions></trkpt>
<trkpt lat="52.3191453" lon="4.8053681"><ele>1.7</ele><time>2026-03-08T08:51:30Z</time><extensions><gpxtpx:TrackPointExtension><gpxtpx:hr>145</gpxtpx:hr><gpxtpx:cad>85</gpxtpx:cad></gpxtpx:TrackPointExtension></extensions></trkpt>
<trkpt lat="52.3190460" lon="4.8054154"><ele>1.7</ele><time>2026-03-08T08:51:33Z</time><extensions><gpxtpx:TrackPointExtension><gpxtpx:hr>145</gpxtpx:hr><gpxtpx:cad>84</gpxtpx:cad></gpxtpx:TrackPointExtension></extensions></trkpt>
<trkpt lat="52.3189843" lon="4.8054440"><ele>1.7</ele><time>2026-03-08T08:51:36Z</time><extensions><gpxtpx:TrackPointExtension><gpxtpx:hr>145</gpxtpx:hr><gpxtpx:cad>84</gpxtpx:cad></gpxtpx:TrackPointExtension></extensions></trkpt>
<trkpt lat="52.3189163" lon="4.8054691"><ele>1.7</ele><time>2026-03-08T08:51:39Z</time><extensions><gpxtpx:TrackPointExtension><gpxtpx:hr>145</gpxtpx:hr><gpxtpx:cad>85</gpxtpx:cad></gpxtpx:TrackPointExtension></extensions></trkpt>
<trkpt lat="52.3188356" lon="4.8055193"><ele>1.7</ele><time>2026-03-08T08:51:42Z</time><extensions><gpxtpx:TrackPointExtension><gpxtpx:hr>145</gpxtpx:hr><gpxtpx:cad>85</gpxtpx:cad></gpxtpx:TrackPointExtension></extensions></trkpt>
<trkpt lat="52.3187607" lon="4.8055278"><ele>1.7</ele><time>2026-03-08T08:51:45Z</time><extensions><gpxtpx:TrackPointExtension><gpxtpx:hr>146</gpxtpx:hr><gpxtpx:cad>85</gpxtpx:cad></gpxtpx:TrackPointExtension></extensions></trkpt>
<trkpt lat="52.3186743" lon="4.8055726"><ele>1.7</ele><time>2026-03-08T08:51:48Z</time><extensions><gpxtpx:TrackPointExtension><gpxtpx:hr>147</gpxtpx:hr><gpxtpx:cad>85</gpxtpx:cad></gpxtpx:TrackPointExtension></extensions></trkpt>
<trkpt lat="52.3186086" lon="4.8055976"><ele>1.7</ele><time>2026-03-08T08:51:51Z</time><extensions><gpxtpx:TrackPointExtension><gpxtpx:hr>147</gpxtpx:hr><gpxtpx:cad>85</gpxtpx:cad></gpxtpx:TrackPointExtension></extensions></trkpt>
<trkpt lat="52.3185165" lon="4.8056346"><ele>1.7</ele><time>2026-03-08T08:51:54Z</time><extensions><gpxtpx:TrackPointExtension><gpxtpx:hr>147</gpxtpx:hr><gpxtpx:cad>84</gpxtpx:cad></gpxtpx:TrackPointExtension></extensions></trkpt>
<trkpt lat="52.3184274" lon="4.8056706"><ele>1.7</ele><time>2026-03-08T08:51:57Z</time><extensions><gpxtpx:TrackPointExtension><gpxtpx:hr>147</gpxtpx:hr><gpxtpx:cad>85</gpxtpx:cad></gpxtpx:TrackPointExtension></extensions></trkpt>
<trkpt lat="52.3183720" lon="4.8056997"><ele>1.7</ele><time>2026-03-08T08:52:00Z</time><extensions><gpxtpx:TrackPointExtension><gpxtpx:hr>146</gpxtpx:hr><gpxtpx:cad>86</gpxtpx:cad></gpxtpx:TrackPointExtension></extensions></trkpt>
<trkpt lat="52.3182897" lon="4.8057140"><ele>1.6</ele><time>2026-03-08T08:52:03Z</time><extensions><gpxtpx:TrackPointExtension><gpxtpx:hr>147</gpxtpx:hr><gpxtpx:cad>84</gpxtpx:cad></gpxtpx:TrackPointExtension></extensions></trkpt>
<trkpt lat="52.3182093" lon="4.8057662"><ele>1.6</ele><time>2026-03-08T08:52:06Z</time><extensions><gpxtpx:TrackPointExtension><gpxtpx:hr>147</gpxtpx:hr><gpxtpx:cad>86</gpxtpx:cad></gpxtpx:TrackPointExtension></extensions></trkpt>
<trkpt lat="52.3181269" lon="4.8058075"><ele>1.6</ele><time>2026-03-08T08:52:09Z</time><extensions><gpxtpx:TrackPointExtension><gpxtpx:hr>146</gpxtpx:hr><gpxtpx:cad>85</gpxtpx:cad></gpxtpx:TrackPointExtension></extensions></trkpt>
<trkpt lat="52.3180444" lon="4.8058589"><ele>1.6</ele><time>2026-03-08T08:52:12Z</time><extensions><gpxtpx:TrackPointExtension><gpxtpx:hr>145</gpxtpx:hr><gpxtpx:cad>86</gpxtpx:cad></gpxtpx:TrackPointExtension></extensions></trkpt>
<trkpt lat="52.3179736" lon="4.8058948"><ele>1.6</ele><time>2026-03-08T08:52:15Z</time><extensions><gpxtpx:TrackPointExtension><gpxtpx:hr>145</gpxtpx:hr><gpxtpx:cad>85</gpxtpx:cad></gpxtpx:TrackPointExtension></extensions></trkpt>
<trkpt lat="52.3178915" lon="4.8059297"><ele>1.6</ele><time>2026-03-08T08:52:18Z</time><extensions><gpxtpx:TrackPointExtension><gpxtpx:hr>146</gpxtpx:hr><gpxtpx:cad>85</gpxtpx:cad></gpxtpx:TrackPointExtension></extensions></trkpt>
<trkpt lat="52.3178209" lon="4.8059427"><ele>1.6</ele><time>2026-03-08T08:52:21Z</time><extensions><gpxtpx:TrackPointExtension><gpxtpx:hr>147</gpxtpx:hr><gpxtpx:cad>86</gpxtpx:cad></gpxtpx:TrackPointExtension></extensions></trkpt>
<trkpt lat="52.3177402" lon="4.8059959"><ele>1.6</ele><time>2026-03-08T08:52:24Z</time><extensions><gpxtpx:TrackPointExtension><gpxtpx:hr>147</gpxtpx:hr><gpxtpx:cad>85</gpxtpx:cad></gpxtpx:TrackPointExtension></extensions></trkpt>
<trkpt lat="52.3176632" lon="4.8060158"><ele>1.6</ele><time>2026-03-08T08:52:27Z</time><extensions><gpxtpx:TrackPointExtension><gpxtpx:hr>147</gpxtpx:hr><gpxtpx:cad>85</gpxtpx:cad></gpxtpx:TrackPointExtension></extensions></trkpt>
<trkpt lat="52.3175872" lon="4.8060458"><ele>1.6</ele><time>2026-03-08T08:52:30Z</time><extensions><gpxtpx:TrackPointExtension><gpxtpx:hr>147</gpxtpx:hr><gpxtpx:cad>86</gpxtpx:cad></gpxtpx:TrackPointExtension></extensions></trkpt>
<trkpt lat="52.3174998" lon="4.8060886"><ele>1.6</ele><time>2026-03-08T08:52:33Z</time><extensions><gpxtpx:TrackPointExtension><gpxtpx:hr>148</gpxtpx:hr><gpxtpx:cad>85</gpxtpx:cad></gpxtpx:TrackPointExtension></extensions></trkpt>
<trkpt lat="52.3174253" lon="4.8061388"><ele>1.6</ele><time>2026-03-08T08:52:36Z</time><extensions><gpxtpx:TrackPointExtension><gpxtpx:hr>148</gpxtpx:hr><gpxtpx:cad>84</gpxtpx:cad></gpxtpx:TrackPointExtension></extensions></trkpt>
<trkpt lat="52.3173495" lon="4.8061730"><ele>1.6</ele><time>2026-03-08T08:52:39Z</time><extensions><gpxtpx:TrackPointExtension><gpxtpx:hr>148</gpxtpx:hr><gpxtpx:cad>85</gpxtpx:cad></gpxtpx:TrackPointExtension></extensions></trkpt>
<trkpt lat="52.3172768" lon="4.8062116"><ele>1.6</ele><time>2026-03-08T08:52:42Z</time><extensions><gpxtpx:TrackPointExtension><gpxtpx:hr>148</gpxtpx:hr><gpxtpx:cad>86</gpxtpx:cad></gpxtpx:TrackPointExtension></extensions></trkpt>
<trkpt lat="52.3171840" lon="4.8062563"><ele>1.6</ele><time>2026-03-08T08:52:45Z</time><extensions><gpxtpx:TrackPointExtension><gpxtpx:hr>147</gpxtpx:hr><gpxtpx:cad>85</gpxtpx:cad></gpxtpx:TrackPointExtension></extensions></trkpt>
<trkpt lat="52.3171186" lon="4.8062824"><ele>1.6</ele><time>2026-03-08T08:52:48Z</time><extensions><gpxtpx:TrackPointExtension><gpxtpx:hr>147</gpxtpx:hr><gpxtpx:cad>84</gpxtpx:cad></gpxtpx:TrackPointExtension></extensions></trkpt>
<trkpt lat="52.3170584" lon="4.8063455"><ele>1.6</ele><time>2026-03-08T08:52:51Z</time><extensions><gpxtpx:TrackPointExtension><gpxtpx:hr>146</gpxtpx:hr><gpxtpx:cad>84</gpxtpx:cad></gpxtpx:TrackPointExtension></extensions></trkpt>
<trkpt lat="52.3169683" lon="4.8063865"><ele>1.6</ele><time>2026-03-08T08:52:54Z</time><extensions><gpxtpx:TrackPointExtension><gpxtpx:hr>147</gpxtpx:hr><gpxtpx:cad>85</gpxtpx:cad></gpxtpx:TrackPointExtension></extensions></trkpt>
<trkpt lat="52.3168723" lon="4.8064095"><ele>1.6</ele><time>2026-03-08T08:52:57Z</time><extensions><gpxtpx:TrackPointExtension><gpxtpx:hr>147</gpxtpx:hr><gpxtpx:cad>85</gpxtpx:cad></gpxtpx:TrackPointExtension></extensions></trkpt>
<trkpt lat="52.3168077" lon="4.8064590"><ele>1.6</ele><time>2026-03-08T08:53:00Z</time><extensions><gpxtpx:TrackPointExtension><gpxtpx:hr>146</gpxtpx:hr><gpxtpx:cad>85</gpxtpx:cad></gpxtpx:TrackPointExtension></extensions></trkpt>
<trkpt lat="52.3167412" lon="4.8064960"><ele>1.6</ele><time>2026-03-08T08:53:03Z</time><extensions><gpxtpx:TrackPointExtension><gpxtpx:hr>145</gpxtpx:hr><gpxtpx:cad>85</gpxtpx:cad></gpxtpx:TrackPointExtension></extensions></trkpt>
<trkpt lat="52.3166683" lon="4.8065226"><ele>1.6</ele><time>2026-03-08T08:53:06Z</time><extensions><gpxtpx:TrackPointExtension><gpxtpx:hr>146</gpxtpx:hr><gpxtpx:cad>87</gpxtpx:cad></gpxtpx:TrackPointExtension></extensions></trkpt>
<trkpt lat="52.3165773" lon="4.8065712"><ele>1.6</ele><time>2026-03-08T08:53:09Z</time><extensions><gpxtpx:TrackPointExtension><gpxtpx:hr>146</gpxtpx:hr><gpxtpx:cad>84</gpxtpx:cad></gpxtpx:TrackPointExtension></extensions></trkpt>
<trkpt lat="52.3165081" lon="4.8066068"><ele>1.6</ele><time>2026-03-08T08:53:12Z</time><extensions><gpxtpx:TrackPointExtension><gpxtpx:hr>146</gpxtpx:hr><gpxtpx:cad>84</gpxtpx:cad></gpxtpx:TrackPointExtension></extensions></trkpt>
<trkpt lat="52.3164272" lon="4.8066625"><ele>1.6</ele><time>2026-03-08T08:53:15Z</time><extensions><gpxtpx:TrackPointExtension><gpxtpx:hr>146</gpxtpx:hr><gpxtpx:cad>86</gpxtpx:cad></gpxtpx:TrackPointExtension></extensions></trkpt>
<trkpt lat="52.3163592" lon="4.8066711"><ele>1.6</ele><time>2026-03-08T08:53:18Z</time><extensions><gpxtpx:TrackPointExtension><gpxtpx:hr>146</gpxtpx:hr><gpxtpx:cad>84</gpxtpx:cad></gpxtpx:TrackPointExtension></extensions></trkpt>
<trkpt lat="52.3162938" lon="4.8067393"><ele>1.6</ele><time>2026-03-08T08:53:21Z</time><extensions><gpxtpx:TrackPointExtension><gpxtpx:hr>147</gpxtpx:hr><gpxtpx:cad>85</gpxtpx:cad></gpxtpx:TrackPointExtension></extensions></trkpt>
<trkpt lat="52.3161923" lon="4.8067789"><ele>1.6</ele><time>2026-03-08T08:53:24Z</time><extensions><gpxtpx:TrackPointExtension><gpxtpx:hr>148</gpxtpx:hr><gpxtpx:cad>85</gpxtpx:cad></gpxtpx:TrackPointExtension></extensions></trkpt>
<trkpt lat="52.3161233" lon="4.8068272"><ele>1.6</ele><time>2026-03-08T08:53:27Z</time><extensions><gpxtpx:TrackPointExtension><gpxtpx:hr>150</gpxtpx:hr><gpxtpx:cad>85</gpxtpx:cad></gpxtpx:TrackPointExtension></extensions></trkpt>
<trkpt lat="52.3160421" lon="4.8068420"><ele>1.6</ele><time>2026-03-08T08:53:30Z</time><extensions><gpxtpx:TrackPointExtension><gpxtpx:hr>149</gpxtpx:hr><gpxtpx:cad>85</gpxtpx:cad></gpxtpx:TrackPointExtension></extensions></trkpt>
<trkpt lat="52.3159702" lon="4.8068721"><ele>1.6</ele><time>2026-03-08T08:53:33Z</time><extensions><gpxtpx:TrackPointExtension><gpxtpx:hr>149</gpxtpx:hr><gpxtpx:cad>85</gpxtpx:cad></gpxtpx:TrackPointExtension></extensions></trkpt>
<trkpt lat="52.3158904" lon="4.8069442"><ele>1.6</ele><time>2026-03-08T08:53:36Z</time><extensions><gpxtpx:TrackPointExtension><gpxtpx:hr>150</gpxtpx:hr><gpxtpx:cad>85</gpxtpx:cad></gpxtpx:TrackPointExtension></extensions></trkpt>
<trkpt lat="52.3158220" lon="4.8069743"><ele>1.6</ele><time>2026-03-08T08:53:39Z</time><extensions><gpxtpx:TrackPointExtension><gpxtpx:hr>148</gpxtpx:hr><gpxtpx:cad>85</gpxtpx:cad></gpxtpx:TrackPointExtension></extensions></trkpt>
<trkpt lat="52.3157409" lon="4.8070314"><ele>1.6</ele><time>2026-03-08T08:53:42Z</time><extensions><gpxtpx:TrackPointExtension><gpxtpx:hr>148</gpxtpx:hr><gpxtpx:cad>85</gpxtpx:cad></gpxtpx:TrackPointExtension></extensions></trkpt>
<trkpt lat="52.3156622" lon="4.8070488"><ele>1.6</ele><time>2026-03-08T08:53:45Z</time><extensions><gpxtpx:TrackPointExtension><gpxtpx:hr>148</gpxtpx:hr><gpxtpx:cad>85</gpxtpx:cad></gpxtpx:TrackPointExtension></extensions></trkpt>
<trkpt lat="52.3155862" lon="4.8070985"><ele>1.6</ele><time>2026-03-08T08:53:48Z</time><extensions><gpxtpx:TrackPointExtension><gpxtpx:hr>148</gpxtpx:hr><gpxtpx:cad>84</gpxtpx:cad></gpxtpx:TrackPointExtension></extensions></trkpt>
<trkpt lat="52.3155026" lon="4.8071544"><ele>1.6</ele><time>2026-03-08T08:53:51Z</time><extensions><gpxtpx:TrackPointExtension><gpxtpx:hr>148</gpxtpx:hr><gpxtpx:cad>85</gpxtpx:cad></gpxtpx:TrackPointExtension></extensions></trkpt>
<trkpt lat="52.3154392" lon="4.8072122"><ele>1.6</ele><time>2026-03-08T08:53:54Z</time><extensions><gpxtpx:TrackPointExtension><gpxtpx:hr>149</gpxtpx:hr><gpxtpx:cad>85</gpxtpx:cad></gpxtpx:TrackPointExtension></extensions></trkpt>
<trkpt lat="52.3153547" lon="4.8072233"><ele>1.6</ele><time>2026-03-08T08:53:57Z</time><extensions><gpxtpx:TrackPointExtension><gpxtpx:hr>149</gpxtpx:hr><gpxtpx:cad>86</gpxtpx:cad></gpxtpx:TrackPointExtension></extensions></trkpt>
<trkpt lat="52.3152765" lon="4.8072944"><ele>1.6</ele><time>2026-03-08T08:54:00Z</time><extensions><gpxtpx:TrackPointExtension><gpxtpx:hr>148</gpxtpx:hr><gpxtpx:cad>86</gpxtpx:cad></gpxtpx:TrackPointExtension></extensions></trkpt>
<trkpt lat="52.3152012" lon="4.8073078"><ele>1.6</ele><time>2026-03-08T08:54:03Z</time><extensions><gpxtpx:TrackPointExtension><gpxtpx:hr>147</gpxtpx:hr><gpxtpx:cad>86</gpxtpx:cad></gpxtpx:TrackPointExtension></extensions></trkpt>
<trkpt lat="52.3151406" lon="4.8073562"><ele>1.6</ele><time>2026-03-08T08:54:06Z</time><extensions><gpxtpx:TrackPointExtension><gpxtpx:hr>148</gpxtpx:hr><gpxtpx:cad>85</gpxtpx:cad></gpxtpx:TrackPointExtension></extensions></trkpt>
<trkpt lat="52.3150416" lon="4.8074176"><ele>1.6</ele><time>2026-03-08T08:54:09Z</time><extensions><gpxtpx:TrackPointExtension><gpxtpx:hr>148</gpxtpx:hr><gpxtpx:cad>84</gpxtpx:cad></gpxtpx:TrackPointExtension></extensions></trkpt>
<trkpt lat="52.3149727" lon="4.8074359"><ele>1.7</ele><time>2026-03-08T08:54:12Z</time><extensions><gpxtpx:TrackPointExtension><gpxtpx:hr>149</gpxtpx:hr><gpxtpx:cad>85</gpxtpx:cad></gpxtpx:TrackPointExtension></extensions></trkpt>
<trkpt lat="52.3148959" lon="4.8074870"><ele>1.7</ele><time>2026-03-08T08:54:15Z</time><extensions><gpxtpx:TrackPointExtension><gpxtpx:hr>148</gpxtpx:hr><gpxtpx:cad>87</gpxtpx:cad></gpxtpx:TrackPointExtension></extensions></trkpt>
<trkpt lat="52.3148287" lon="4.8075322"><ele>1.7</ele><time>2026-03-08T08:54:18Z</time><extensions><gpxtpx:TrackPointExtension><gpxtpx:hr>148</gpxtpx:hr><gpxtpx:cad>86</gpxtpx:cad></gpxtpx:TrackPointExtension></extensions></trkpt>
<trkpt lat="52.3147470" lon="4.8075748"><ele>1.7</ele><time>2026-03-08T08:54:21Z</time><extensions><gpxtpx:TrackPointExtension><gpxtpx:hr>149</gpxtpx:hr><gpxtpx:cad>85</gpxtpx:cad></gpxtpx:TrackPointExtension></extensions></trkpt>
<trkpt lat="52.3146678" lon="4.8076186"><ele>1.7</ele><time>2026-03-08T08:54:24Z</time><extensions><gpxtpx:TrackPointExtension><gpxtpx:hr>148</gpxtpx:hr><gpxtpx:cad>84</gpxtpx:cad></gpxtpx:TrackPointExtension></extensions></trkpt>
<trkpt lat="52.3145994" lon="4.8076675"><ele>1.7</ele><time>2026-03-08T08:54:27Z</time><extensions><gpxtpx:TrackPointExtension><gpxtpx:hr>148</gpxtpx:hr><gpxtpx:cad>85</gpxtpx:cad></gpxtpx:TrackPointExtension></extensions></trkpt>
<trkpt lat="52.3145181" lon="4.8076981"><ele>1.7</ele><time>2026-03-08T08:54:30Z</time><extensions><gpxtpx:TrackPointExtension><gpxtpx:hr>148</gpxtpx:hr><gpxtpx:cad>85</gpxtpx:cad></gpxtpx:TrackPointExtension></extensions></trkpt>
<trkpt lat="52.3144480" lon="4.8077424"><ele>1.7</ele><time>2026-03-08T08:54:33Z</time><extensions><gpxtpx:TrackPointExtension><gpxtpx:hr>148</gpxtpx:hr><gpxtpx:cad>84</gpxtpx:cad></gpxtpx:TrackPointExtension></extensions></trkpt>
<trkpt lat="52.3143654" lon="4.8077819"><ele>1.7</ele><time>2026-03-08T08:54:36Z</time><extensions><gpxtpx:TrackPointExtension><gpxtpx:hr>148</gpxtpx:hr><gpxtpx:cad>85</gpxtpx:cad></gpxtpx:TrackPointExtension></extensions></trkpt>
<trkpt lat="52.3142940" lon="4.8078169"><ele>1.7</ele><time>2026-03-08T08:54:39Z</time><extensions><gpxtpx:TrackPointExtension><gpxtpx:hr>148</gpxtpx:hr><gpxtpx:cad>84</gpxtpx:cad></gpxtpx:TrackPointExtension></extensions></trkpt>
<trkpt lat="52.3142214" lon="4.8078630"><ele>1.7</ele><time>2026-03-08T08:54:42Z</time><extensions><gpxtpx:TrackPointExtension><gpxtpx:hr>148</gpxtpx:hr><gpxtpx:cad>85</gpxtpx:cad></gpxtpx:TrackPointExtension></extensions></trkpt>
<trkpt lat="52.3141377" lon="4.8079074"><ele>1.7</ele><time>2026-03-08T08:54:45Z</time><extensions><gpxtpx:TrackPointExtension><gpxtpx:hr>148</gpxtpx:hr><gpxtpx:cad>85</gpxtpx:cad></gpxtpx:TrackPointExtension></extensions></trkpt>
<trkpt lat="52.3140608" lon="4.8079598"><ele>1.8</ele><time>2026-03-08T08:54:48Z</time><extensions><gpxtpx:TrackPointExtension><gpxtpx:hr>148</gpxtpx:hr><gpxtpx:cad>84</gpxtpx:cad></gpxtpx:TrackPointExtension></extensions></trkpt>
<trkpt lat="52.3139876" lon="4.8079826"><ele>1.8</ele><time>2026-03-08T08:54:51Z</time><extensions><gpxtpx:TrackPointExtension><gpxtpx:hr>150</gpxtpx:hr><gpxtpx:cad>84</gpxtpx:cad></gpxtpx:TrackPointExtension></extensions></trkpt>
<trkpt lat="52.3139201" lon="4.8080560"><ele>1.8</ele><time>2026-03-08T08:54:54Z</time><extensions><gpxtpx:TrackPointExtension><gpxtpx:hr>150</gpxtpx:hr><gpxtpx:cad>86</gpxtpx:cad></gpxtpx:TrackPointExtension></extensions></trkpt>
<trkpt lat="52.3138446" lon="4.8080719"><ele>1.8</ele><time>2026-03-08T08:54:57Z</time><extensions><gpxtpx:TrackPointExtension><gpxtpx:hr>150</gpxtpx:hr><gpxtpx:cad>85</gpxtpx:cad></gpxtpx:TrackPointExtension></extensions></trkpt>
<trkpt lat="52.3137769" lon="4.8081315"><ele>1.8</ele><time>2026-03-08T08:55:00Z</time><extensions><gpxtpx:TrackPointExtension><gpxtpx:hr>150</gpxtpx:hr><gpxtpx:cad>86</gpxtpx:cad></gpxtpx:TrackPointExtension></extensions></trkpt>
<trkpt lat="52.3136979" lon="4.8081876"><ele>1.8</ele><time>2026-03-08T08:55:03Z</time><extensions><gpxtpx:TrackPointExtension><gpxtpx:hr>149</gpxtpx:hr><gpxtpx:cad>86</gpxtpx:cad></gpxtpx:TrackPointExtension></extensions></trkpt>
<trkpt lat="52.3136154" lon="4.8082311"><ele>1.8</ele><time>2026-03-08T08:55:06Z</time><extensions><gpxtpx:TrackPointExtension><gpxtpx:hr>149</gpxtpx:hr><gpxtpx:cad>85</gpxtpx:cad></gpxtpx:TrackPointExtension></extensions></trkpt>
<trkpt lat="52.3135356" lon="4.8082735"><ele>1.8</ele><time>2026-03-08T08:55:09Z</time><extensions><gpxtpx:TrackPointExtension><gpxtpx:hr>149</gpxtpx:hr><gpxtpx:cad>84</gpxtpx:cad></gpxtpx:TrackPointExtension></extensions></trkpt>
<trkpt lat="52.3134824" lon="4.8083351"><ele>1.8</ele><time>2026-03-08T08:55:12Z</time><extensions><gpxtpx:TrackPointExtension><gpxtpx:hr>149</gpxtpx:hr><gpxtpx:cad>85</gpxtpx:cad></gpxtpx:TrackPointExtension></extensions></trkpt>
<trkpt lat="52.3134010" lon="4.8083649"><ele>1.9</ele><time>2026-03-08T08:55:15Z</time><extensions><gpxtpx:TrackPointExtension><gpxtpx:hr>149</gpxtpx:hr><gpxtpx:cad>85</gpxtpx:cad></gpxtpx:TrackPointExtension></extensions></trkpt>
<trkpt lat="52.3133344" lon="4.8083987"><ele>1.9</ele><time>2026-03-08T08:55:18Z</time><extensions><gpxtpx:TrackPointExtension><gpxtpx:hr>149</gpxtpx:hr><gpxtpx:cad>85</gpxtpx:cad></gpxtpx:TrackPointExtension></extensions></trkpt>
<trkpt lat="52.3132484" lon="4.8084626"><ele>1.9</ele><time>2026-03-08T08:55:21Z</time><extensions><gpxtpx:TrackPointExtension><gpxtpx:hr>149</gpxtpx:hr><gpxtpx:cad>86</gpxtpx:cad></gpxtpx:TrackPointExtension></extensions></trkpt>
<trkpt lat="52.3131914" lon="4.8084893"><ele>1.9</ele><time>2026-03-08T08:55:24Z</time><extensions><gpxtpx:TrackPointExtension><gpxtpx:hr>150</gpxtpx:hr><gpxtpx:cad>84</gpxtpx:cad></gpxtpx:TrackPointExtension></extensions></trkpt>
<trkpt lat="52.3130888" lon="4.8085505"><ele>1.9</ele><time>2026-03-08T08:55:27Z</time><extensions><gpxtpx:TrackPointExtension><gpxtpx:hr>150</gpxtpx:hr><gpxtpx:cad>85</gpxtpx:cad></gpxtpx:TrackPointExtension></extensions></trkpt>
<trkpt lat="52.3130358" lon="4.8086117"><ele>1.9</ele><time>2026-03-08T08:55:30Z</time><extensions><gpxtpx:TrackPointExtension><gpxtpx:hr>151</gpxtpx:hr><gpxtpx:cad>85</gpxtpx:cad></gpxtpx:TrackPointExtension></extensions></trkpt>
<trkpt lat="52.3129398" lon="4.8086679"><ele>2.0</ele><time>2026-03-08T08:55:33Z</time><extensions><gpxtpx:TrackPointExtension><gpxtpx:hr>150</gpxtpx:hr><gpxtpx:cad>85</gpxtpx:cad></gpxtpx:TrackPointExtension></extensions></trkpt>
<trkpt lat="52.3128749" lon="4.8087066"><ele>2.0</ele><time>2026-03-08T08:55:36Z</time><extensions><gpxtpx:TrackPointExtension><gpxtpx:hr>150</gpxtpx:hr><gpxtpx:cad>86</gpxtpx:cad></gpxtpx:TrackPointExtension></extensions></trkpt>
<trkpt lat="52.3128022" lon="4.8087609"><ele>2.0</ele><time>2026-03-08T08:55:39Z</time><extensions><gpxtpx:TrackPointExtension><gpxtpx:hr>150</gpxtpx:hr><gpxtpx:cad>85</gpxtpx:cad></gpxtpx:TrackPointExtension></extensions></trkpt>
<trkpt lat="52.3127415" lon="4.8088009"><ele>2.0</ele><time>2026-03-08T08:55:42Z</time><extensions><gpxtpx:TrackPointExtension><gpxtpx:hr>150</gpxtpx:hr><gpxtpx:cad>84</gpxtpx:cad></gpxtpx:TrackPointExtension></extensions></trkpt>
<trkpt lat="52.3126710" lon="4.8088429"><ele>2.0</ele><time>2026-03-08T08:55:45Z</time><extensions><gpxtpx:TrackPointExtension><gpxtpx:hr>150</gpxtpx:hr><gpxtpx:cad>85</gpxtpx:cad></gpxtpx:TrackPointExtension></extensions></trkpt>
<trkpt lat="52.3125812" lon="4.8089075"><ele>2.0</ele><time>2026-03-08T08:55:48Z</time><extensions><gpxtpx:TrackPointExtension><gpxtpx:hr>149</gpxtpx:hr><gpxtpx:cad>85</gpxtpx:cad></gpxtpx:TrackPointExtension></extensions></trkpt>
<trkpt lat="52.3125122" lon="4.8089828"><ele>2.1</ele><time>2026-03-08T08:55:51Z</time><extensions><gpxtpx:TrackPointExtension><gpxtpx:hr>149</gpxtpx:hr><gpxtpx:cad>86</gpxtpx:cad></gpxtpx:TrackPointExtension></extensions></trkpt>
<trkpt lat="52.3124334" lon="4.8090356"><ele>2.1</ele><time>2026-03-08T08:55:54Z</time><extensions><gpxtpx:TrackPointExtension><gpxtpx:hr>148</gpxtpx:hr><gpxtpx:cad>84</gpxtpx:cad></gpxtpx:TrackPointExtension></extensions></trkpt>
<trkpt lat="52.3123808" lon="4.8090766"><ele>2.1</ele><time>2026-03-08T08:55:57Z</time><extensions><gpxtpx:TrackPointExtension><gpxtpx:hr>148</gpxtpx:hr><gpxtpx:cad>85</gpxtpx:cad></gpxtpx:TrackPointExtension></extensions></trkpt>
<trkpt lat="52.3122921" lon="4.8091168"><ele>2.1</ele><time>2026-03-08T08:56:00Z</time><extensions><gpxtpx:TrackPointExtension><gpxtpx:hr>149</gpxtpx:hr><gpxtpx:cad>86</gpxtpx:cad></gpxtpx:TrackPointExtension></extensions></trkpt>
<trkpt lat="52.3122298" lon="4.8091879"><ele>2.1</ele><time>2026-03-08T08:56:03Z</time><extensions><gpxtpx:TrackPointExtension><gpxtpx:hr>149</gpxtpx:hr><gpxtpx:cad>85</gpxtpx:cad></gpxtpx:TrackPointExtension></extensions></trkpt>
<trkpt lat="52.3121503" lon="4.8092486"><ele>2.2</ele><time>2026-03-08T08:56:06Z</time><extensions><gpxtpx:TrackPointExtension><gpxtpx:hr>148</gpxtpx:hr><gpxtpx:cad>84</gpxtpx:cad></gpxtpx:TrackPointExtension></extensions></trkpt>
<trkpt lat="52.3120939" lon="4.8092855"><ele>2.2</ele><time>2026-03-08T08:56:09Z</time><extensions><gpxtpx:TrackPointExtension><gpxtpx:hr>148</gpxtpx:hr><gpxtpx:cad>86</gpxtpx:cad></gpxtpx:TrackPointExtension></extensions></trkpt>
<trkpt lat="52.3119944" lon="4.8093390"><ele>2.2</ele><time>2026-03-08T08:56:12Z</time><extensions><gpxtpx:TrackPointExtension><gpxtpx:hr>149</gpxtpx:hr><gpxtpx:cad>86</gpxtpx:cad></gpxtpx:TrackPointExtension></extensions></trkpt>
<trkpt lat="52.3119478" lon="4.8094084"><ele>2.2</ele><time>2026-03-08T08:56:15Z</time><extensions><gpxtpx:TrackPointExtension><gpxtpx:hr>148</gpxtpx:hr><gpxtpx:cad>85</gpxtpx:cad></gpxtpx:TrackPointExtension></extensions></trkpt>
<trkpt lat="52.3118605" lon="4.8094365"><ele>2.2</ele><time>2026-03-08T08:56:18Z</time><extensions><gpxtpx:TrackPointExtension><gpxtpx:hr>148</gpxtpx:hr><gpxtpx:cad>85</gpxtpx:cad></gpxtpx:TrackPointExtension></extensions></trkpt>
<trkpt lat="52.3118087" lon="4.8095293"><ele>2.3</ele><time>2026-03-08T08:56:21Z</time><extensions><gpxtpx:TrackPointExtension><gpxtpx:hr>148</gpxtpx:hr><gpxtpx:cad>83</gpxtpx:cad></gpxtpx:TrackPointExtension></extensions></trkpt>
<trkpt lat="52.3117299" lon="4.8095982"><ele>2.3</ele><time>2026-03-08T08:56:24Z</time><extensions><gpxtpx:TrackPointExtension><gpxtpx:hr>147</gpxtpx:hr><gpxtpx:cad>84</gpxtpx:cad></gpxtpx:TrackPointExtension></extensions></trkpt>
<trkpt lat="52.3116557" lon="4.8096213"><ele>2.3</ele><time>2026-03-08T08:56:27Z</time><extensions><gpxtpx:TrackPointExtension><gpxtpx:hr>148</gpxtpx:hr><gpxtpx:cad>85</gpxtpx:cad></gpxtpx:TrackPointExtension></extensions></trkpt>
<trkpt lat="52.3115829" lon="4.8097076"><ele>2.3</ele><time>2026-03-08T08:56:30Z</time><extensions><gpxtpx:TrackPointExtension><gpxtpx:hr>148</gpxtpx:hr><gpxtpx:cad>85</gpxtpx:cad></gpxtpx:TrackPointExtension></extensions></trkpt>
<trkpt lat="52.3115064" lon="4.8097479"><ele>2.3</ele><time>2026-03-08T08:56:33Z</time><extensions><gpxtpx:TrackPointExtension><gpxtpx:hr>148</gpxtpx:hr><gpxtpx:cad>84</gpxtpx:cad></gpxtpx:TrackPointExtension></extensions></trkpt>
<trkpt lat="52.3114523" lon="4.8098109"><ele>2.4</ele><time>2026-03-08T08:56:36Z</time><extensions><gpxtpx:TrackPointExtension><gpxtpx:hr>148</gpxtpx:hr><gpxtpx:cad>84</gpxtpx:cad></gpxtpx:TrackPointExtension></extensions></trkpt>
<trkpt lat="52.3113898" lon="4.8098910"><ele>2.4</ele><time>2026-03-08T08:56:39Z</time><extensions><gpxtpx:TrackPointExtension><gpxtpx:hr>147</gpxtpx:hr><gpxtpx:cad>85</gpxtpx:cad></gpxtpx:TrackPointExtension></extensions></trkpt>
<trkpt lat="52.3112986" lon="4.8099500"><ele>2.4</ele><time>2026-03-08T08:56:42Z</time><extensions><gpxtpx:TrackPointExtension><gpxtpx:hr>148</gpxtpx:hr><gpxtpx:cad>85</gpxtpx:cad></gpxtpx:TrackPointExtension></extensions></trkpt>
<trkpt lat="52.3112556" lon="4.8100116"><ele>2.4</ele><time>2026-03-08T08:56:45Z</time><extensions><gpxtpx:TrackPointExtension><gpxtpx:hr>148</gpxtpx:hr><gpxtpx:cad>86</gpxtpx:cad></gpxtpx:TrackPointExtension></extensions></trkpt>
<trkpt lat="52.3111658" lon="4.8100763"><ele>2.5</ele><time>2026-03-08T08:56:48Z</time><extensions><gpxtpx:TrackPointExtension><gpxtpx:hr>149</gpxtpx:hr><gpxtpx:cad>86</gpxtpx:cad></gpxtpx:TrackPointExtension></extensions></trkpt>
<trkpt lat="52.3111023" lon="4.8101467"><ele>2.5</ele><time>2026-03-08T08:56:51Z</time><extensions><gpxtpx:TrackPointExtension><gpxtpx:hr>149</gpxtpx:hr><gpxtpx:cad>84</gpxtpx:cad></gpxtpx:TrackPointExtension></extensions></trkpt>
<trkpt lat="52.3110345" lon="4.8101978"><ele>2.5</ele><time>2026-03-08T08:56:54Z</time><extensions><gpxtpx:TrackPointExtension><gpxtpx:hr>149</gpxtpx:hr><gpxtpx:cad>84</gpxtpx:cad></gpxtpx:TrackPointExtension></extensions></trkpt>
<trkpt lat="52.3109554" lon="4.8102619"><ele>2.5</ele><time>2026-03-08T08:56:57Z</time><extensions><gpxtpx:TrackPointExtension><gpxtpx:hr>150</gpxtpx:hr><gpxtpx:cad>85</gpxtpx:cad></gpxtpx:TrackPointExtension></extensions></trkpt>
<trkpt lat="52.3108903" lon="4.8103319"><ele>2.6</ele><time>2026-03-08T08:57:00Z</time><extensions><gpxtpx:TrackPointExtension><gpxtpx:hr>149</gpxtpx:hr><gpxtpx:cad>85</gpxtpx:cad></gpxtpx:TrackPointExtension></extensions></trkpt>
<trkpt lat="52.3108275" lon="4.8104268"><ele>2.6</ele><time>2026-03-08T08:57:03Z</time><extensions><gpxtpx:TrackPointExtension><gpxtpx:hr>150</gpxtpx:hr><gpxtpx:cad>87</gpxtpx:cad></gpxtpx:TrackPointExtension></extensions></trkpt>
<trkpt lat="52.3107587" lon="4.8104709"><ele>2.6</ele><time>2026-03-08T08:57:06Z</time><extensions><gpxtpx:TrackPointExtension><gpxtpx:hr>149</gpxtpx:hr><gpxtpx:cad>84</gpxtpx:cad></gpxtpx:TrackPointExtension></extensions></trkpt>
<trkpt lat="52.3106986" lon="4.8105585"><ele>2.6</ele><time>2026-03-08T08:57:09Z</time><extensions><gpxtpx:TrackPointExtension><gpxtpx:hr>149</gpxtpx:hr><gpxtpx:cad>85</gpxtpx:cad></gpxtpx:TrackPointExtension></extensions></trkpt>
<trkpt lat="52.3106274" lon="4.8106171"><ele>2.7</ele><time>2026-03-08T08:57:12Z</time><extensions><gpxtpx:TrackPointExtension><gpxtpx:hr>149</gpxtpx:hr><gpxtpx:cad>85</gpxtpx:cad></gpxtpx:TrackPointExtension></extensions></trkpt>
<trkpt lat="52.3105801" lon="4.8107046"><ele>2.7</ele><time>2026-03-08T08:57:15Z</time><extensions><gpxtpx:TrackPointExtension><gpxtpx:hr>150</gpxtpx:hr><gpxtpx:cad>85</gpxtpx:cad></gpxtpx:TrackPointExtension></extensions></trkpt>
<trkpt lat="52.3105161" lon="4.8107784"><ele>2.7</ele><time>2026-03-08T08:57:18Z</time><extensions><gpxtpx:TrackPointExtension><gpxtpx:hr>151</gpxtpx:hr><gpxtpx:cad>84</gpxtpx:cad></gpxtpx:TrackPointExtension></extensions></trkpt>
<trkpt lat="52.3104457" lon="4.8108408"><ele>2.7</ele><time>2026-03-08T08:57:21Z</time><extensions><gpxtpx:TrackPointExtension><gpxtpx:hr>151</gpxtpx:hr><gpxtpx:cad>86</gpxtpx:cad></gpxtpx:TrackPointExtension></extensions></trkpt>
<trkpt lat="52.3103666" lon="4.8109248"><ele>2.8</ele><time>2026-03-08T08:57:24Z</time><extensions><gpxtpx:TrackPointExtension><gpxtpx:hr>151</gpxtpx:hr><gpxtpx:cad>84</gpxtpx:cad></gpxtpx:TrackPointExtension></extensions></trkpt>
<trkpt lat="52.3103130" lon="4.8110091"><ele>2.8</ele><time>2026-03-08T08:57:27Z</time><extensions><gpxtpx:TrackPointExtension><gpxtpx:hr>151</gpxtpx:hr><gpxtpx:cad>85</gpxtpx:cad></gpxtpx:TrackPointExtension></extensions></trkpt>
<trkpt lat="52.3102479" lon="4.8110621"><ele>2.8</ele><time>2026-03-08T08:57:30Z</time><extensions><gpxtpx:TrackPointExtension><gpxtpx:hr>151</gpxtpx:hr><gpxtpx:cad>86</gpxtpx:cad></gpxtpx:TrackPointExtension></extensions></trkpt>
<trkpt lat="52.3101792" lon="4.8111594"><ele>2.9</ele><time>2026-03-08T08:57:33Z</time><extensions><gpxtpx:TrackPointExtension><gpxtpx:hr>151</gpxtpx:hr><gpxtpx:cad>85</gpxtpx:cad></gpxtpx:TrackPointExtension></extensions></trkpt>
<trkpt lat="52.3101028" lon="4.8112445"><ele>2.9</ele><time>2026-03-08T08:57:36Z</time><extensions><gpxtpx:TrackPointExtension><gpxtpx:hr>151</gpxtpx:hr><gpxtpx:cad>84</gpxtpx:cad></gpxtpx:TrackPointExtension></extensions></trkpt>
<trkpt lat="52.3100585" lon="4.8113183"><ele>2.9</ele><time>2026-03-08T08:57:39Z</time><extensions><gpxtpx:TrackPointExtension><gpxtpx:hr>151</gpxtpx:hr><gpxtpx:cad>84</gpxtpx:cad></gpxtpx:TrackPointExtension></extensions></trkpt>
<trkpt lat="52.3099998" lon="4.8113865"><ele>2.9</ele><time>2026-03-08T08:57:42Z</time><extensions><gpxtpx:TrackPointExtension><gpxtpx:hr>149</gpxtpx:hr><gpxtpx:cad>85</gpxtpx:cad></gpxtpx:TrackPointExtension></extensions></trkpt>
<trkpt lat="52.3099249" lon="4.8114890"><ele>3.0</ele><time>2026-03-08T08:57:45Z</time><extensions><gpxtpx:TrackPointExtension><gpxtpx:hr>150</gpxtpx:hr><gpxtpx:cad>85</gpxtpx:cad></gpxtpx:TrackPointExtension></extensions></trkpt>
<trkpt lat="52.3098657" lon="4.8115409"><ele>3.0</ele><time>2026-03-08T08:57:48Z</time><extensions><gpxtpx:TrackPointExtension><gpxtpx:hr>150</gpxtpx:hr><gpxtpx:cad>85</gpxtpx:cad></gpxtpx:TrackPointExtension></extensions></trkpt>
<trkpt lat="52.3098035" lon="4.8116403"><ele>3.0</ele><time>2026-03-08T08:57:51Z</time><extensions><gpxtpx:TrackPointExtension><gpxtpx:hr>150</gpxtpx:hr><gpxtpx:cad>85</gpxtpx:cad></gpxtpx:TrackPointExtension></extensions></trkpt>
<trkpt lat="52.3097445" lon="4.8117245"><ele>3.0</ele><time>2026-03-08T08:57:54Z</time><extensions><gpxtpx:TrackPointExtension><gpxtpx:hr>150</gpxtpx:hr><gpxtpx:cad>84</gpxtpx:cad></gpxtpx:TrackPointExtension></extensions></trkpt>
<trkpt lat="52.3096767" lon="4.8117972"><ele>3.1</ele><time>2026-03-08T08:57:57Z</time><extensions><gpxtpx:TrackPointExtension><gpxtpx:hr>149</gpxtpx:hr><gpxtpx:cad>85</gpxtpx:cad></gpxtpx:TrackPointExtension></extensions></trkpt>
<trkpt lat="52.3096181" lon="4.8118908"><ele>3.1</ele><time>2026-03-08T08:58:00Z</time><extensions><gpxtpx:TrackPointExtension><gpxtpx:hr>149</gpxtpx:hr><gpxtpx:cad>85</gpxtpx:cad></gpxtpx:TrackPointExtension></extensions></trkpt>
<trkpt lat="52.3095503" lon="4.8119675"><ele>3.1</ele><time>2026-03-08T08:58:03Z</time><extensions><gpxtpx:TrackPointExtension><gpxtpx:hr>149</gpxtpx:hr><gpxtpx:cad>84</gpxtpx:cad></gpxtpx:TrackPointExtension></extensions></trkpt>
<trkpt lat="52.3095026" lon="4.8120591"><ele>3.2</ele><time>2026-03-08T08:58:06Z</time><extensions><gpxtpx:TrackPointExtension><gpxtpx:hr>148</gpxtpx:hr><gpxtpx:cad>85</gpxtpx:cad></gpxtpx:TrackPointExtension></extensions></trkpt>
<trkpt lat="52.3094491" lon="4.8121272"><ele>3.2</ele><time>2026-03-08T08:58:09Z</time><extensions><gpxtpx:TrackPointExtension><gpxtpx:hr>148</gpxtpx:hr><gpxtpx:cad>85</gpxtpx:cad></gpxtpx:TrackPointExtension></extensions></trkpt>
<trkpt lat="52.3093815" lon="4.8122283"><ele>3.2</ele><time>2026-03-08T08:58:12Z</time><extensions><gpxtpx:TrackPointExtension><gpxtpx:hr>148</gpxtpx:hr><gpxtpx:cad>85</gpxtpx:cad></gpxtpx:TrackPointExtension></extensions></trkpt>
<trkpt lat="52.3093228" lon="4.8123042"><ele>3.2</ele><time>2026-03-08T08:58:15Z</time><extensions><gpxtpx:TrackPointExtension><gpxtpx:hr>148</gpxtpx:hr><gpxtpx:cad>84</gpxtpx:cad></gpxtpx:TrackPointExtension></extensions></trkpt>
<trkpt lat="52.3092591" lon="4.8123993"><ele>3.3</ele><time>2026-03-08T08:58:18Z</time><extensions><gpxtpx:TrackPointExtension><gpxtpx:hr>148</gpxtpx:hr><gpxtpx:cad>85</gpxtpx:cad></gpxtpx:TrackPointExtension></extensions></trkpt>
<trkpt lat="52.3092074" lon="4.8124944"><ele>3.3</ele><time>2026-03-08T08:58:21Z</time><extensions><gpxtpx:TrackPointExtension><gpxtpx:hr>148</gpxtpx:hr><gpxtpx:cad>85</gpxtpx:cad></gpxtpx:TrackPointExtension></extensions></trkpt>
<trkpt lat="52.3091431" lon="4.8125902"><ele>3.3</ele><time>2026-03-08T08:58:24Z</time><extensions><gpxtpx:TrackPointExtension><gpxtpx:hr>149</gpxtpx:hr><gpxtpx:cad>85</gpxtpx:cad></gpxtpx:TrackPointExtension></extensions></trkpt>
<trkpt lat="52.3090913" lon="4.8126847"><ele>3.4</ele><time>2026-03-08T08:58:27Z</time><extensions><gpxtpx:TrackPointExtension><gpxtpx:hr>149</gpxtpx:hr><gpxtpx:cad>85</gpxtpx:cad></gpxtpx:TrackPointExtension></extensions></trkpt>
<trkpt lat="52.3090344" lon="4.8127650"><ele>3.4</ele><time>2026-03-08T08:58:30Z</time><extensions><gpxtpx:TrackPointExtension><gpxtpx:hr>149</gpxtpx:hr><gpxtpx:cad>84</gpxtpx:cad></gpxtpx:TrackPointExtension></extensions></trkpt>
<trkpt lat="52.3089670" lon="4.8128700"><ele>3.4</ele><time>2026-03-08T08:58:33Z</time><extensions><gpxtpx:TrackPointExtension><gpxtpx:hr>148</gpxtpx:hr><gpxtpx:cad>86</gpxtpx:cad></gpxtpx:TrackPointExtension></extensions></trkpt>
<trkpt lat="52.3089446" lon="4.8129521"><ele>3.5</ele><time>2026-03-08T08:58:36Z</time><extensions><gpxtpx:TrackPointExtension><gpxtpx:hr>147</gpxtpx:hr><gpxtpx:cad>84</gpxtpx:cad></gpxtpx:TrackPointExtension></extensions></trkpt>
<trkpt lat="52.3088657" lon="4.8130590"><ele>3.5</ele><time>2026-03-08T08:58:39Z</time><extensions><gpxtpx:TrackPointExtension><gpxtpx:hr>146</gpxtpx:hr><gpxtpx:cad>85</gpxtpx:cad></gpxtpx:TrackPointExtension></extensions></trkpt>
<trkpt lat="52.3088193" lon="4.8131373"><ele>3.5</ele><time>2026-03-08T08:58:42Z</time><extensions><gpxtpx:TrackPointExtension><gpxtpx:hr>147</gpxtpx:hr><gpxtpx:cad>86</gpxtpx:cad></gpxtpx:TrackPointExtension></extensions></trkpt>
<trkpt lat="52.3087541" lon="4.8132280"><ele>3.5</ele><time>2026-03-08T08:58:45Z</time><extensions><gpxtpx:TrackPointExtension><gpxtpx:hr>148</gpxtpx:hr><gpxtpx:cad>84</gpxtpx:cad></gpxtpx:TrackPointExtension></extensions></trkpt>
<trkpt lat="52.3087041" lon="4.8133128"><ele>3.6</ele><time>2026-03-08T08:58:48Z</time><extensions><gpxtpx:TrackPointExtension><gpxtpx:hr>148</gpxtpx:hr><gpxtpx:cad>84</gpxtpx:cad></gpxtpx:TrackPointExtension></extensions></trkpt>
<trkpt lat="52.3086579" lon="4.8134245"><ele>3.6</ele><time>2026-03-08T08:58:51Z</time><extensions><gpxtpx:TrackPointExtension><gpxtpx:hr>148</gpxtpx:hr><gpxtpx:cad>86</gpxtpx:cad></gpxtpx:TrackPointExtension></extensions></trkpt>
<trkpt lat="52.3085873" lon="4.8134767"><ele>3.6</ele><time>2026-03-08T08:58:54Z</time><extensions><gpxtpx:TrackPointExtension><gpxtpx:hr>149</gpxtpx:hr><gpxtpx:cad>86</gpxtpx:cad></gpxtpx:TrackPointExtension></extensions></trkpt>
<trkpt lat="52.3085432" lon="4.8136089"><ele>3.7</ele><time>2026-03-08T08:58:57Z</time><extensions><gpxtpx:TrackPointExtension><gpxtpx:hr>149</gpxtpx:hr><gpxtpx:cad>84</gpxtpx:cad></gpxtpx:TrackPointExtension></extensions></trkpt>
<trkpt lat="52.3084819" lon="4.8137317"><ele>3.7</ele><time>2026-03-08T08:59:00Z</time><extensions><gpxtpx:TrackPointExtension><gpxtpx:hr>149</gpxtpx:hr><gpxtpx:cad>85</gpxtpx:cad></gpxtpx:TrackPointExtension></extensions></trkpt>
<trkpt lat="52.3084286" lon="4.8138102"><ele>3.7</ele><time>2026-03-08T08:59:03Z</time><extensions><gpxtpx:TrackPointExtension><gpxtpx:hr>150</gpxtpx:hr><gpxtpx:cad>85</gpxtpx:cad></gpxtpx:TrackPointExtension></extensions></trkpt>
<trkpt lat="52.3083813" lon="4.8138926"><ele>3.7</ele><time>2026-03-08T08:59:06Z</time><extensions><gpxtpx:TrackPointExtension><gpxtpx:hr>150</gpxtpx:hr><gpxtpx:cad>85</gpxtpx:cad></gpxtpx:TrackPointExtension></extensions></trkpt>
<trkpt lat="52.3083167" lon="4.8140157"><ele>3.8</ele><time>2026-03-08T08:59:09Z</time><extensions><gpxtpx:TrackPointExtension><gpxtpx:hr>150</gpxtpx:hr><gpxtpx:cad>85</gpxtpx:cad></gpxtpx:TrackPointExtension></extensions></trkpt>
<trkpt lat="52.3082610" lon="4.8140899"><ele>3.8</ele><time>2026-03-08T08:59:12Z</time><extensions><gpxtpx:TrackPointExtension><gpxtpx:hr>148</gpxtpx:hr><gpxtpx:cad>85</gpxtpx:cad></gpxtpx:TrackPointExtension></extensions></trkpt>
<trkpt lat="52.3082132" lon="4.8141942"><ele>3.8</ele><time>2026-03-08T08:59:15Z</time><extensions><gpxtpx:TrackPointExtension><gpxtpx:hr>149</gpxtpx:hr><gpxtpx:cad>85</gpxtpx:cad></gpxtpx:TrackPointExtension></extensions></trkpt>
<trkpt lat="52.3081705" lon="4.8143129"><ele>3.9</ele><time>2026-03-08T08:59:18Z</time><extensions><gpxtpx:TrackPointExtension><gpxtpx:hr>150</gpxtpx:hr><gpxtpx:cad>84</gpxtpx:cad></gpxtpx:TrackPointExtension></extensions></trkpt>
<trkpt lat="52.3081105" lon="4.8143933"><ele>3.9</ele><time>2026-03-08T08:59:21Z</time><extensions><gpxtpx:TrackPointExtension><gpxtpx:hr>149</gpxtpx:hr><gpxtpx:cad>85</gpxtpx:cad></gpxtpx:TrackPointExtension></extensions></trkpt>
<trkpt lat="52.3080697" lon="4.8144826"><ele>3.9</ele><time>2026-03-08T08:59:24Z</time><extensions><gpxtpx:TrackPointExtension><gpxtpx:hr>149</gpxtpx:hr><gpxtpx:cad>84</gpxtpx:cad></gpxtpx:TrackPointExtension></extensions></trkpt>
<trkpt lat="52.3080330" lon="4.8146017"><ele>3.9</ele><time>2026-03-08T08:59:27Z</time><extensions><gpxtpx:TrackPointExtension><gpxtpx:hr>149</gpxtpx:hr><gpxtpx:cad>86</gpxtpx:cad></gpxtpx:TrackPointExtension></extensions></trkpt>
<trkpt lat="52.3079560" lon="4.8146867"><ele>4.0</ele><time>2026-03-08T08:59:30Z</time><extensions><gpxtpx:TrackPointExtension><gpxtpx:hr>149</gpxtpx:hr><gpxtpx:cad>84</gpxtpx:cad></gpxtpx:TrackPointExtension></extensions></trkpt>
<trkpt lat="52.3079126" lon="4.8147892"><ele>4.0</ele><time>2026-03-08T08:59:33Z</time><extensions><gpxtpx:TrackPointExtension><gpxtpx:hr>149</gpxtpx:hr><gpxtpx:cad>83</gpxtpx:cad></gpxtpx:TrackPointExtension></extensions></trkpt>
<trkpt lat="52.3078549" lon="4.8149061"><ele>4.0</ele><time>2026-03-08T08:59:36Z</time><extensions><gpxtpx:TrackPointExtension><gpxtpx:hr>148</gpxtpx:hr><gpxtpx:cad>85</gpxtpx:cad></gpxtpx:TrackPointExtension></extensions></trkpt>
<trkpt lat="52.3078155" lon="4.8150201"><ele>4.1</ele><time>2026-03-08T08:59:39Z</time><extensions><gpxtpx:TrackPointExtension><gpxtpx:hr>149</gpxtpx:hr><gpxtpx:cad>85</gpxtpx:cad></gpxtpx:TrackPointExtension></extensions></trkpt>
<trkpt lat="52.3077634" lon="4.8151146"><ele>4.1</ele><time>2026-03-08T08:59:42Z</time><extensions><gpxtpx:TrackPointExtension><gpxtpx:hr>149</gpxtpx:hr><gpxtpx:cad>85</gpxtpx:cad></gpxtpx:TrackPointExtension></extensions></trkpt>
<trkpt lat="52.3077185" lon="4.8152057"><ele>4.1</ele><time>2026-03-08T08:59:45Z</time><extensions><gpxtpx:TrackPointExtension><gpxtpx:hr>148</gpxtpx:hr><gpxtpx:cad>86</gpxtpx:cad></gpxtpx:TrackPointExtension></extensions></trkpt>
<trkpt lat="52.3076716" lon="4.8153134"><ele>4.1</ele><time>2026-03-08T08:59:48Z</time><extensions><gpxtpx:TrackPointExtension><gpxtpx:hr>148</gpxtpx:hr><gpxtpx:cad>84</gpxtpx:cad></gpxtpx:TrackPointExtension></extensions></trkpt>
<trkpt lat="52.3076209" lon="4.8154128"><ele>4.2</ele><time>2026-03-08T08:59:51Z</time><extensions><gpxtpx:TrackPointExtension><gpxtpx:hr>148</gpxtpx:hr><gpxtpx:cad>84</gpxtpx:cad></gpxtpx:TrackPointExtension></extensions></trkpt>
<trkpt lat="52.3075618" lon="4.8154918"><ele>4.2</ele><time>2026-03-08T08:59:54Z</time><extensions><gpxtpx:TrackPointExtension><gpxtpx:hr>149</gpxtpx:hr><gpxtpx:cad>85</gpxtpx:cad></gpxtpx:TrackPointExtension></extensions></trkpt>
<trkpt lat="52.3075129" lon="4.8156058"><ele>4.2</ele><time>2026-03-08T08:59:57Z</time><extensions><gpxtpx:TrackPointExtension><gpxtpx:hr>149</gpxtpx:hr><gpxtpx:cad>85</gpxtpx:cad></gpxtpx:TrackPointExtension></extensions></trkpt>
<trkpt lat="52.3074617" lon="4.8157235"><ele>4.2</ele><time>2026-03-08T09:00:00Z</time><extensions><gpxtpx:TrackPointExtension><gpxtpx:hr>148</gpxtpx:hr><gpxtpx:cad>87</gpxtpx:cad></gpxtpx:TrackPointExtension></extensions></trkpt>
<trkpt lat="52.3074250" lon="4.8158328"><ele>4.3</ele><time>2026-03-08T09:00:03Z</time><extensions><gpxtpx:TrackPointExtension><gpxtpx:hr>147</gpxtpx:hr><gpxtpx:cad>86</gpxtpx:cad></gpxtpx:TrackPointExtension></extensions></trkpt>
<trkpt lat="52.3073616" lon="4.8159228"><ele>4.3</ele><time>2026-03-08T09:00:06Z</time><extensions><gpxtpx:TrackPointExtension><gpxtpx:hr>148</gpxtpx:hr><gpxtpx:cad>85</gpxtpx:cad></gpxtpx:TrackPointExtension></extensions></trkpt>
<trkpt lat="52.3073208" lon="4.8160281"><ele>4.3</ele><time>2026-03-08T09:00:09Z</time><extensions><gpxtpx:TrackPointExtension><gpxtpx:hr>148</gpxtpx:hr><gpxtpx:cad>85</gpxtpx:cad></gpxtpx:TrackPointExtension></extensions></trkpt>
<trkpt lat="52.3072734" lon="4.8161494"><ele>4.3</ele><time>2026-03-08T09:00:12Z</time><extensions><gpxtpx:TrackPointExtension><gpxtpx:hr>148</gpxtpx:hr><gpxtpx:cad>85</gpxtpx:cad></gpxtpx:TrackPointExtension></extensions></trkpt>
<trkpt lat="52.3072151" lon="4.8162455"><ele>4.4</ele><time>2026-03-08T09:00:15Z</time><extensions><gpxtpx:TrackPointExtension><gpxtpx:hr>149</gpxtpx:hr><gpxtpx:cad>85</gpxtpx:cad></gpxtpx:TrackPointExtension></extensions></trkpt>
<trkpt lat="52.3071718" lon="4.8163570"><ele>4.4</ele><time>2026-03-08T09:00:18Z</time><extensions><gpxtpx:TrackPointExtension><gpxtpx:hr>148</gpxtpx:hr><gpxtpx:cad>85</gpxtpx:cad></gpxtpx:TrackPointExtension></extensions></trkpt>
<trkpt lat="52.3071263" lon="4.8164391"><ele>4.4</ele><time>2026-03-08T09:00:21Z</time><extensions><gpxtpx:TrackPointExtension><gpxtpx:hr>149</gpxtpx:hr><gpxtpx:cad>84</gpxtpx:cad></gpxtpx:TrackPointExtension></extensions></trkpt>
<trkpt lat="52.3070737" lon="4.8165473"><ele>4.4</ele><time>2026-03-08T09:00:24Z</time><extensions><gpxtpx:TrackPointExtension><gpxtpx:hr>149</gpxtpx:hr><gpxtpx:cad>85</gpxtpx:cad></gpxtpx:TrackPointExtension></extensions></trkpt>
<trkpt lat="52.3070307" lon="4.8166623"><ele>4.4</ele><time>2026-03-08T09:00:27Z</time><extensions><gpxtpx:TrackPointExtension><gpxtpx:hr>149</gpxtpx:hr><gpxtpx:cad>84</gpxtpx:cad></gpxtpx:TrackPointExtension></extensions></trkpt>
<trkpt lat="52.3069743" lon="4.8167635"><ele>4.5</ele><time>2026-03-08T09:00:30Z</time><extensions><gpxtpx:TrackPointExtension><gpxtpx:hr>150</gpxtpx:hr><gpxtpx:cad>84</gpxtpx:cad></gpxtpx:TrackPointExtension></extensions></trkpt>
<trkpt lat="52.3069295" lon="4.8168489"><ele>4.5</ele><time>2026-03-08T09:00:33Z</time><extensions><gpxtpx:TrackPointExtension><gpxtpx:hr>149</gpxtpx:hr><gpxtpx:cad>85</gpxtpx:cad></gpxtpx:TrackPointExtension></extensions></trkpt>
<trkpt lat="52.3068821" lon="4.8169514"><ele>4.5</ele><time>2026-03-08T09:00:36Z</time><extensions><gpxtpx:TrackPointExtension><gpxtpx:hr>149</gpxtpx:hr><gpxtpx:cad>85</gpxtpx:cad></gpxtpx:TrackPointExtension></extensions></trkpt>
<trkpt lat="52.3068334" lon="4.8170718"><ele>4.5</ele><time>2026-03-08T09:00:39Z</time><extensions><gpxtpx:TrackPointExtension><gpxtpx:hr>148</gpxtpx:hr><gpxtpx:cad>86</gpxtpx:cad></gpxtpx:TrackPointExtension></extensions></trkpt>
<trkpt lat="52.3067817" lon="4.8171540"><ele>4.6</ele><time>2026-03-08T09:00:42Z</time><extensions><gpxtpx:TrackPointExtension><gpxtpx:hr>149</gpxtpx:hr><gpxtpx:cad>85</gpxtpx:cad></gpxtpx:TrackPointExtension></extensions></trkpt>
<trkpt lat="52.3067366" lon="4.8172649"><ele>4.6</ele><time>2026-03-08T09:00:45Z</time><extensions><gpxtpx:TrackPointExtension><gpxtpx:hr>149</gpxtpx:hr><gpxtpx:cad>84</gpxtpx:cad></gpxtpx:TrackPointExtension></extensions></trkpt>
<trkpt lat="52.3066824" lon="4.8174079"><ele>4.6</ele><time>2026-03-08T09:00:48Z</time><extensions><gpxtpx:TrackPointExtension><gpxtpx:hr>149</gpxtpx:hr><gpxtpx:cad>85</gpxtpx:cad></gpxtpx:TrackPointExtension></extensions></trkpt>
<trkpt lat="52.3066402" lon="4.8174990"><ele>4.6</ele><time>2026-03-08T09:00:51Z</time><extensions><gpxtpx:TrackPointExtension><gpxtpx:hr>148</gpxtpx:hr><gpxtpx:cad>84</gpxtpx:cad></gpxtpx:TrackPointExtension></extensions></trkpt>
<trkpt lat="52.3066068" lon="4.8175820"><ele>4.6</ele><time>2026-03-08T09:00:54Z</time><extensions><gpxtpx:TrackPointExtension><gpxtpx:hr>147</gpxtpx:hr><gpxtpx:cad>85</gpxtpx:cad></gpxtpx:TrackPointExtension></extensions></trkpt>
<trkpt lat="52.3065571" lon="4.8177033"><ele>4.6</ele><time>2026-03-08T09:00:57Z</time><extensions><gpxtpx:TrackPointExtension><gpxtpx:hr>148</gpxtpx:hr><gpxtpx:cad>84</gpxtpx:cad></gpxtpx:TrackPointExtension></extensions></trkpt>
<trkpt lat="52.3065140" lon="4.8177916"><ele>4.7</ele><time>2026-03-08T09:01:00Z</time><extensions><gpxtpx:TrackPointExtension><gpxtpx:hr>149</gpxtpx:hr><gpxtpx:cad>84</gpxtpx:cad></gpxtpx:TrackPointExtension></extensions></trkpt>
<trkpt lat="52.3064484" lon="4.8178870"><ele>4.7</ele><time>2026-03-08T09:01:03Z</time><extensions><gpxtpx:TrackPointExtension><gpxtpx:hr>150</gpxtpx:hr><gpxtpx:cad>85</gpxtpx:cad></gpxtpx:TrackPointExtension></extensions></trkpt>
<trkpt lat="52.3063996" lon="4.8179962"><ele>4.7</ele><time>2026-03-08T09:01:06Z</time><extensions><gpxtpx:TrackPointExtension><gpxtpx:hr>149</gpxtpx:hr><gpxtpx:cad>84</gpxtpx:cad></gpxtpx:TrackPointExtension></extensions></trkpt>
<trkpt lat="52.3063554" lon="4.8180907"><ele>4.7</ele><time>2026-03-08T09:01:09Z</time><extensions><gpxtpx:TrackPointExtension><gpxtpx:hr>149</gpxtpx:hr><gpxtpx:cad>83</gpxtpx:cad></gpxtpx:TrackPointExtension></extensions></trkpt>
<trkpt lat="52.3063133" lon="4.8181884"><ele>4.7</ele><time>2026-03-08T09:01:12Z</time><extensions><gpxtpx:TrackPointExtension><gpxtpx:hr>150</gpxtpx:hr><gpxtpx:cad>85</gpxtpx:cad></gpxtpx:TrackPointExtension></extensions></trkpt>
<trkpt lat="52.3062639" lon="4.8182908"><ele>4.7</ele><time>2026-03-08T09:01:15Z</time><extensions><gpxtpx:TrackPointExtension><gpxtpx:hr>149</gpxtpx:hr><gpxtpx:cad>85</gpxtpx:cad></gpxtpx:TrackPointExtension></extensions></trkpt>
<trkpt lat="52.3062070" lon="4.8184194"><ele>4.8</ele><time>2026-03-08T09:01:18Z</time><extensions><gpxtpx:TrackPointExtension><gpxtpx:hr>150</gpxtpx:hr><gpxtpx:cad>86</gpxtpx:cad></gpxtpx:TrackPointExtension></extensions></trkpt>
<trkpt lat="52.3061520" lon="4.8185030"><ele>4.8</ele><time>2026-03-08T09:01:21Z</time><extensions><gpxtpx:TrackPointExtension><gpxtpx:hr>150</gpxtpx:hr><gpxtpx:cad>84</gpxtpx:cad></gpxtpx:TrackPointExtension></extensions></trkpt>
<trkpt lat="52.3061180" lon="4.8186390"><ele>4.8</ele><time>2026-03-08T09:01:24Z</time><extensions><gpxtpx:TrackPointExtension><gpxtpx:hr>150</gpxtpx:hr><gpxtpx:cad>86</gpxtpx:cad></gpxtpx:TrackPointExtension></extensions></trkpt>
<trkpt lat="52.3060592" lon="4.8186960"><ele>4.8</ele><time>2026-03-08T09:01:27Z</time><extensions><gpxtpx:TrackPointExtension><gpxtpx:hr>150</gpxtpx:hr><gpxtpx:cad>85</gpxtpx:cad></gpxtpx:TrackPointExtension></extensions></trkpt>
<trkpt lat="52.3060215" lon="4.8188118"><ele>4.8</ele><time>2026-03-08T09:01:30Z</time><extensions><gpxtpx:TrackPointExtension><gpxtpx:hr>150</gpxtpx:hr><gpxtpx:cad>85</gpxtpx:cad></gpxtpx:TrackPointExtension></extensions></trkpt>
<trkpt lat="52.3059680" lon="4.8189107"><ele>4.8</ele><time>2026-03-08T09:01:33Z</time><extensions><gpxtpx:TrackPointExtension><gpxtpx:hr>149</gpxtpx:hr><gpxtpx:cad>86</gpxtpx:cad></gpxtpx:TrackPointExtension></extensions></trkpt>
<trkpt lat="52.3059059" lon="4.8190339"><ele>4.8</ele><time>2026-03-08T09:01:36Z</time><extensions><gpxtpx:TrackPointExtension><gpxtpx:hr>149</gpxtpx:hr><gpxtpx:cad>86</gpxtpx:cad></gpxtpx:TrackPointExtension></extensions></trkpt>
<trkpt lat="52.3058581" lon="4.8191409"><ele>4.9</ele><time>2026-03-08T09:01:39Z</time><extensions><gpxtpx:TrackPointExtension><gpxtpx:hr>150</gpxtpx:hr><gpxtpx:cad>85</gpxtpx:cad></gpxtpx:TrackPointExtension></extensions></trkpt>
<trkpt lat="52.3058198" lon="4.8192165"><ele>4.9</ele><time>2026-03-08T09:01:42Z</time><extensions><gpxtpx:TrackPointExtension><gpxtpx:hr>151</gpxtpx:hr><gpxtpx:cad>85</gpxtpx:cad></gpxtpx:TrackPointExtension></extensions></trkpt>
<trkpt lat="52.3057624" lon="4.8193203"><ele>4.9</ele><time>2026-03-08T09:01:45Z</time><extensions><gpxtpx:TrackPointExtension><gpxtpx:hr>150</gpxtpx:hr><gpxtpx:cad>85</gpxtpx:cad></gpxtpx:TrackPointExtension></extensions></trkpt>
<trkpt lat="52.3057156" lon="4.8194178"><ele>4.9</ele><time>2026-03-08T09:01:48Z</time><extensions><gpxtpx:TrackPointExtension><gpxtpx:hr>150</gpxtpx:hr><gpxtpx:cad>85</gpxtpx:cad></gpxtpx:TrackPointExtension></extensions></trkpt>
<trkpt lat="52.3056704" lon="4.8195291"><ele>4.9</ele><time>2026-03-08T09:01:51Z</time><extensions><gpxtpx:TrackPointExtension><gpxtpx:hr>151</gpxtpx:hr><gpxtpx:cad>84</gpxtpx:cad></gpxtpx:TrackPointExtension></extensions></trkpt>
<trkpt lat="52.3056165" lon="4.8196084"><ele>4.9</ele><time>2026-03-08T09:01:54Z</time><extensions><gpxtpx:TrackPointExtension><gpxtpx:hr>151</gpxtpx:hr><gpxtpx:cad>85</gpxtpx:cad></gpxtpx:TrackPointExtension></extensions></trkpt>
<trkpt lat="52.3055503" lon="4.8197349"><ele>4.9</ele><time>2026-03-08T09:01:57Z</time><extensions><gpxtpx:TrackPointExtension><gpxtpx:hr>150</gpxtpx:hr><gpxtpx:cad>85</gpxtpx:cad></gpxtpx:TrackPointExtension></extensions></trkpt>
<trkpt lat="52.3054918" lon="4.8198239"><ele>4.9</ele><time>2026-03-08T09:02:00Z</time><extensions><gpxtpx:TrackPointExtension><gpxtpx:hr>150</gpxtpx:hr><gpxtpx:cad>85</gpxtpx:cad></gpxtpx:TrackPointExtension></extensions></trkpt>
<trkpt lat="52.3054373" lon="4.8199145"><ele>4.9</ele><time>2026-03-08T09:02:03Z</time><extensions><gpxtpx:TrackPointExtension><gpxtpx:hr>150</gpxtpx:hr><gpxtpx:cad>84</gpxtpx:cad></gpxtpx:TrackPointExtension></extensions></trkpt>
<trkpt lat="52.3054063" lon="4.8200063"><ele>4.9</ele><time>2026-03-08T09:02:06Z</time><extensions><gpxtpx:TrackPointExtension><gpxtpx:hr>151</gpxtpx:hr><gpxtpx:cad>85</gpxtpx:cad></gpxtpx:TrackPointExtension></extensions></trkpt>
<trkpt lat="52.3053544" lon="4.8201109"><ele>4.9</ele><time>2026-03-08T09:02:09Z</time><extensions><gpxtpx:TrackPointExtension><gpxtpx:hr>151</gpxtpx:hr><gpxtpx:cad>85</gpxtpx:cad></gpxtpx:TrackPointExtension></extensions></trkpt>
<trkpt lat="52.3052920" lon="4.8202053"><ele>5.0</ele><time>2026-03-08T09:02:12Z</time><extensions><gpxtpx:TrackPointExtension><gpxtpx:hr>151</gpxtpx:hr><gpxtpx:cad>84</gpxtpx:cad></gpxtpx:TrackPointExtension></extensions></trkpt>
<trkpt lat="52.3052221" lon="4.8202920"><ele>5.0</ele><time>2026-03-08T09:02:15Z</time><extensions><gpxtpx:TrackPointExtension><gpxtpx:hr>151</gpxtpx:hr><gpxtpx:cad>85</gpxtpx:cad></gpxtpx:TrackPointExtension></extensions></trkpt>
<trkpt lat="52.3051828" lon="4.8203908"><ele>5.0</ele><time>2026-03-08T09:02:18Z</time><extensions><gpxtpx:TrackPointExtension><gpxtpx:hr>151</gpxtpx:hr><gpxtpx:cad>85</gpxtpx:cad></gpxtpx:TrackPointExtension></extensions></trkpt>
<trkpt lat="52.3051212" lon="4.8204898"><ele>5.0</ele><time>2026-03-08T09:02:21Z</time><extensions><gpxtpx:TrackPointExtension><gpxtpx:hr>152</gpxtpx:hr><gpxtpx:cad>84</gpxtpx:cad></gpxtpx:TrackPointExtension></extensions></trkpt>
<trkpt lat="52.3050702" lon="4.8205822"><ele>5.0</ele><time>2026-03-08T09:02:24Z</time><extensions><gpxtpx:TrackPointExtension><gpxtpx:hr>152</gpxtpx:hr><gpxtpx:cad>85</gpxtpx:cad></gpxtpx:TrackPointExtension></extensions></trkpt>
<trkpt lat="52.3050051" lon="4.8206857"><ele>5.0</ele><time>2026-03-08T09:02:27Z</time><extensions><gpxtpx:TrackPointExtension><gpxtpx:hr>151</gpxtpx:hr><gpxtpx:cad>84</gpxtpx:cad></gpxtpx:TrackPointExtension></extensions></trkpt>
<trkpt lat="52.3049549" lon="4.8207774"><ele>5.0</ele><time>2026-03-08T09:02:30Z</time><extensions><gpxtpx:TrackPointExtension><gpxtpx:hr>151</gpxtpx:hr><gpxtpx:cad>86</gpxtpx:cad></gpxtpx:TrackPointExtension></extensions></trkpt>
<trkpt lat="52.3049089" lon="4.8208719"><ele>5.0</ele><time>2026-03-08T09:02:33Z</time><extensions><gpxtpx:TrackPointExtension><gpxtpx:hr>151</gpxtpx:hr><gpxtpx:cad>83</gpxtpx:cad></gpxtpx:TrackPointExtension></extensions></trkpt>
<trkpt lat="52.3048449" lon="4.8209618"><ele>5.0</ele><time>2026-03-08T09:02:36Z</time><extensions><gpxtpx:TrackPointExtension><gpxtpx:hr>152</gpxtpx:hr><gpxtpx:cad>87</gpxtpx:cad></gpxtpx:TrackPointExtension></extensions></trkpt>
<trkpt lat="52.3047935" lon="4.8210692"><ele>5.0</ele><time>2026-03-08T09:02:39Z</time><extensions><gpxtpx:TrackPointExtension><gpxtpx:hr>151</gpxtpx:hr><gpxtpx:cad>86</gpxtpx:cad></gpxtpx:TrackPointExtension></extensions></trkpt>
<trkpt lat="52.3047391" lon="4.8211186"><ele>5.0</ele><time>2026-03-08T09:02:42Z</time><extensions><gpxtpx:TrackPointExtension><gpxtpx:hr>151</gpxtpx:hr><gpxtpx:cad>85</gpxtpx:cad></gpxtpx:TrackPointExtension></extensions></trkpt>
<trkpt lat="52.3046776" lon="4.8212321"><ele>5.0</ele><time>2026-03-08T09:02:45Z</time><extensions><gpxtpx:TrackPointExtension><gpxtpx:hr>151</gpxtpx:hr><gpxtpx:cad>86</gpxtpx:cad></gpxtpx:TrackPointExtension></extensions></trkpt>
<trkpt lat="52.3046043" lon="4.8213216"><ele>5.0</ele><time>2026-03-08T09:02:48Z</time><extensions><gpxtpx:TrackPointExtension><gpxtpx:hr>152</gpxtpx:hr><gpxtpx:cad>85</gpxtpx:cad></gpxtpx:TrackPointExtension></extensions></trkpt>
<trkpt lat="52.3045664" lon="4.8214134"><ele>5.0</ele><time>2026-03-08T09:02:51Z</time><extensions><gpxtpx:TrackPointExtension><gpxtpx:hr>151</gpxtpx:hr><gpxtpx:cad>85</gpxtpx:cad></gpxtpx:TrackPointExtension></extensions></trkpt>
<trkpt lat="52.3045070" lon="4.8215172"><ele>5.0</ele><time>2026-03-08T09:02:54Z</time><extensions><gpxtpx:TrackPointExtension><gpxtpx:hr>151</gpxtpx:hr><gpxtpx:cad>85</gpxtpx:cad></gpxtpx:TrackPointExtension></extensions></trkpt>
<trkpt lat="52.3044447" lon="4.8215895"><ele>5.0</ele><time>2026-03-08T09:02:57Z</time><extensions><gpxtpx:TrackPointExtension><gpxtpx:hr>151</gpxtpx:hr><gpxtpx:cad>85</gpxtpx:cad></gpxtpx:TrackPointExtension></extensions></trkpt>
<trkpt lat="52.3043914" lon="4.8216965"><ele>5.0</ele><time>2026-03-08T09:03:00Z</time><extensions><gpxtpx:TrackPointExtension><gpxtpx:hr>151</gpxtpx:hr><gpxtpx:cad>85</gpxtpx:cad></gpxtpx:TrackPointExtension></extensions></trkpt>
<trkpt lat="52.3043272" lon="4.8217739"><ele>5.0</ele><time>2026-03-08T09:03:03Z</time><extensions><gpxtpx:TrackPointExtension><gpxtpx:hr>151</gpxtpx:hr><gpxtpx:cad>84</gpxtpx:cad></gpxtpx:TrackPointExtension></extensions></trkpt>
<trkpt lat="52.3042631" lon="4.8218628"><ele>5.0</ele><time>2026-03-08T09:03:06Z</time><extensions><gpxtpx:TrackPointExtension><gpxtpx:hr>151</gpxtpx:hr><gpxtpx:cad>86</gpxtpx:cad></gpxtpx:TrackPointExtension></extensions></trkpt>
<trkpt lat="52.3042042" lon="4.8219543"><ele>5.0</ele><time>2026-03-08T09:03:09Z</time><extensions><gpxtpx:TrackPointExtension><gpxtpx:hr>151</gpxtpx:hr><gpxtpx:cad>85</gpxtpx:cad></gpxtpx:TrackPointExtension></extensions></trkpt>
<trkpt lat="52.3041277" lon="4.8220405"><ele>5.0</ele><time>2026-03-08T09:03:12Z</time><extensions><gpxtpx:TrackPointExtension><gpxtpx:hr>152</gpxtpx:hr><gpxtpx:cad>85</gpxtpx:cad></gpxtpx:TrackPointExtension></extensions></trkpt>
<trkpt lat="52.3040663" lon="4.8221501"><ele>4.9</ele><time>2026-03-08T09:03:15Z</time><extensions><gpxtpx:TrackPointExtension><gpxtpx:hr>152</gpxtpx:hr><gpxtpx:cad>85</gpxtpx:cad></gpxtpx:TrackPointExtension></extensions></trkpt>
<trkpt lat="52.3040202" lon="4.8222128"><ele>4.9</ele><time>2026-03-08T09:03:18Z</time><extensions><gpxtpx:TrackPointExtension><gpxtpx:hr>152</gpxtpx:hr><gpxtpx:cad>86</gpxtpx:cad></gpxtpx:TrackPointExtension></extensions></trkpt>
<trkpt lat="52.3039326" lon="4.8223049"><ele>4.9</ele><time>2026-03-08T09:03:21Z</time><extensions><gpxtpx:TrackPointExtension><gpxtpx:hr>152</gpxtpx:hr><gpxtpx:cad>86</gpxtpx:cad></gpxtpx:TrackPointExtension></extensions></trkpt>
<trkpt lat="52.3038863" lon="4.8223827"><ele>4.9</ele><time>2026-03-08T09:03:24Z</time><extensions><gpxtpx:TrackPointExtension><gpxtpx:hr>152</gpxtpx:hr><gpxtpx:cad>85</gpxtpx:cad></gpxtpx:TrackPointExtension></extensions></trkpt>
<trkpt lat="52.3038292" lon="4.8224945"><ele>4.9</ele><time>2026-03-08T09:03:27Z</time><extensions><gpxtpx:TrackPointExtension><gpxtpx:hr>152</gpxtpx:hr><gpxtpx:cad>85</gpxtpx:cad></gpxtpx:TrackPointExtension></extensions></trkpt>
<trkpt lat="52.3037769" lon="4.8225554"><ele>4.9</ele><time>2026-03-08T09:03:30Z</time><extensions><gpxtpx:TrackPointExtension><gpxtpx:hr>153</gpxtpx:hr><gpxtpx:cad>85</gpxtpx:cad></gpxtpx:TrackPointExtension></extensions></trkpt>
<trkpt lat="52.3037113" lon="4.8226650"><ele>4.9</ele><time>2026-03-08T09:03:33Z</time><extensions><gpxtpx:TrackPointExtension><gpxtpx:hr>153</gpxtpx:hr><gpxtpx:cad>85</gpxtpx:cad></gpxtpx:TrackPointExtension></extensions></trkpt>
<trkpt lat="52.3036444" lon="4.8227448"><ele>4.9</ele><time>2026-03-08T09:03:36Z</time><extensions><gpxtpx:TrackPointExtension><gpxtpx:hr>152</gpxtpx:hr><gpxtpx:cad>85</gpxtpx:cad></gpxtpx:TrackPointExtension></extensions></trkpt>
<trkpt lat="52.3035948" lon="4.8228130"><ele>4.9</ele><time>2026-03-08T09:03:39Z</time><extensions><gpxtpx:TrackPointExtension><gpxtpx:hr>152</gpxtpx:hr><gpxtpx:cad>85</gpxtpx:cad></gpxtpx:TrackPointExtension></extensions></trkpt>
<trkpt lat="52.3035248" lon="4.8228709"><ele>4.9</ele><time>2026-03-08T09:03:42Z</time><extensions><gpxtpx:TrackPointExtension><gpxtpx:hr>151</gpxtpx:hr><gpxtpx:cad>84</gpxtpx:cad></gpxtpx:TrackPointExtension></extensions></trkpt>
<trkpt lat="52.3034697" lon="4.8229745"><ele>4.9</ele><time>2026-03-08T09:03:45Z</time><extensions><gpxtpx:TrackPointExtension><gpxtpx:hr>151</gpxtpx:hr><gpxtpx:cad>86</gpxtpx:cad></gpxtpx:TrackPointExtension></extensions></trkpt>
<trkpt lat="52.3033955" lon="4.8230565"><ele>4.8</ele><time>2026-03-08T09:03:48Z</time><extensions><gpxtpx:TrackPointExtension><gpxtpx:hr>151</gpxtpx:hr><gpxtpx:cad>87</gpxtpx:cad></gpxtpx:TrackPointExtension></extensions></trkpt>
<trkpt lat="52.3033244" lon="4.8231631"><ele>4.8</ele><time>2026-03-08T09:03:51Z</time><extensions><gpxtpx:TrackPointExtension><gpxtpx:hr>151</gpxtpx:hr><gpxtpx:cad>86</gpxtpx:cad></gpxtpx:TrackPointExtension></extensions></trkpt>
<trkpt lat="52.3032674" lon="4.8232166"><ele>4.8</ele><time>2026-03-08T09:03:54Z</time><extensions><gpxtpx:TrackPointExtension><gpxtpx:hr>152</gpxtpx:hr><gpxtpx:cad>85</gpxtpx:cad></gpxtpx:TrackPointExtension></extensions></trkpt>
<trkpt lat="52.3032113" lon="4.8233351"><ele>4.8</ele><time>2026-03-08T09:03:57Z</time><extensions><gpxtpx:TrackPointExtension><gpxtpx:hr>152</gpxtpx:hr><gpxtpx:cad>85</gpxtpx:cad></gpxtpx:TrackPointExtension></extensions></trkpt>
<trkpt lat="52.3031461" lon="4.8233846"><ele>4.8</ele><time>2026-03-08T09:04:00Z</time><extensions><gpxtpx:TrackPointExtension><gpxtpx:hr>152</gpxtpx:hr><gpxtpx:cad>85</gpxtpx:cad></gpxtpx:TrackPointExtension></extensions></trkpt>
<trkpt lat="52.3030797" lon="4.8234958"><ele>4.8</ele><time>2026-03-08T09:04:03Z</time><extensions><gpxtpx:TrackPointExtension><gpxtpx:hr>152</gpxtpx:hr><gpxtpx:cad>86</gpxtpx:cad></gpxtpx:TrackPointExtension></extensions></trkpt>
<trkpt lat="52.3030289" lon="4.8235735"><ele>4.8</ele><time>2026-03-08T09:04:06Z</time><extensions><gpxtpx:TrackPointExtension><gpxtpx:hr>153</gpxtpx:hr><gpxtpx:cad>85</gpxtpx:cad></gpxtpx:TrackPointExtension></extensions></trkpt>
<trkpt lat="52.3029603" lon="4.8236356"><ele>4.7</ele><time>2026-03-08T09:04:09Z</time><extensions><gpxtpx:TrackPointExtension><gpxtpx:hr>153</gpxtpx:hr><gpxtpx:cad>85</gpxtpx:cad></gpxtpx:TrackPointExtension></extensions></trkpt>
<trkpt lat="52.3028901" lon="4.8237296"><ele>4.7</ele><time>2026-03-08T09:04:12Z</time><extensions><gpxtpx:TrackPointExtension><gpxtpx:hr>153</gpxtpx:hr><gpxtpx:cad>85</gpxtpx:cad></gpxtpx:TrackPointExtension></extensions></trkpt>
<trkpt lat="52.3028082" lon="4.8237948"><ele>4.7</ele><time>2026-03-08T09:04:15Z</time><extensions><gpxtpx:TrackPointExtension><gpxtpx:hr>152</gpxtpx:hr><gpxtpx:cad>84</gpxtpx:cad></gpxtpx:TrackPointExtension></extensions></trkpt>
<trkpt lat="52.3027608" lon="4.8238877"><ele>4.7</ele><time>2026-03-08T09:04:18Z</time><extensions><gpxtpx:TrackPointExtension><gpxtpx:hr>151</gpxtpx:hr><gpxtpx:cad>86</gpxtpx:cad></gpxtpx:TrackPointExtension></extensions></trkpt>
<trkpt lat="52.3027028" lon="4.8239737"><ele>4.7</ele><time>2026-03-08T09:04:21Z</time><extensions><gpxtpx:TrackPointExtension><gpxtpx:hr>152</gpxtpx:hr><gpxtpx:cad>86</gpxtpx:cad></gpxtpx:TrackPointExtension></extensions></trkpt>
<trkpt lat="52.3026348" lon="4.8240733"><ele>4.6</ele><time>2026-03-08T09:04:24Z</time><extensions><gpxtpx:TrackPointExtension><gpxtpx:hr>152</gpxtpx:hr><gpxtpx:cad>84</gpxtpx:cad></gpxtpx:TrackPointExtension></extensions></trkpt>
<trkpt lat="52.3025721" lon="4.8241471"><ele>4.6</ele><time>2026-03-08T09:04:27Z</time><extensions><gpxtpx:TrackPointExtension><gpxtpx:hr>151</gpxtpx:hr><gpxtpx:cad>85</gpxtpx:cad></gpxtpx:TrackPointExtension></extensions></trkpt>
<trkpt lat="52.3025129" lon="4.8242281"><ele>4.6</ele><time>2026-03-08T09:04:30Z</time><extensions><gpxtpx:TrackPointExtension><gpxtpx:hr>151</gpxtpx:hr><gpxtpx:cad>85</gpxtpx:cad></gpxtpx:TrackPointExtension></extensions></trkpt>
<trkpt lat="52.3024525" lon="4.8243116"><ele>4.6</ele><time>2026-03-08T09:04:33Z</time><extensions><gpxtpx:TrackPointExtension><gpxtpx:hr>150</gpxtpx:hr><gpxtpx:cad>84</gpxtpx:cad></gpxtpx:TrackPointExtension></extensions></trkpt>
<trkpt lat="52.3023884" lon="4.8243997"><ele>4.6</ele><time>2026-03-08T09:04:36Z</time><extensions><gpxtpx:TrackPointExtension><gpxtpx:hr>150</gpxtpx:hr><gpxtpx:cad>85</gpxtpx:cad></gpxtpx:TrackPointExtension></extensions></trkpt>
<trkpt lat="52.3023268" lon="4.8244858"><ele>4.5</ele><time>2026-03-08T09:04:39Z</time><extensions><gpxtpx:TrackPointExtension><gpxtpx:hr>151</gpxtpx:hr><gpxtpx:cad>85</gpxtpx:cad></gpxtpx:TrackPointExtension></extensions></trkpt>
<trkpt lat="52.3022483" lon="4.8245543"><ele>4.5</ele><time>2026-03-08T09:04:42Z</time><extensions><gpxtpx:TrackPointExtension><gpxtpx:hr>151</gpxtpx:hr><gpxtpx:cad>85</gpxtpx:cad></gpxtpx:TrackPointExtension></extensions></trkpt>
<trkpt lat="52.3021958" lon="4.8246418"><ele>4.5</ele><time>2026-03-08T09:04:45Z</time><extensions><gpxtpx:TrackPointExtension><gpxtpx:hr>150</gpxtpx:hr><gpxtpx:cad>84</gpxtpx:cad></gpxtpx:TrackPointExtension></extensions></trkpt>
<trkpt lat="52.3021256" lon="4.8247077"><ele>4.5</ele><time>2026-03-08T09:04:48Z</time><extensions><gpxtpx:TrackPointExtension><gpxtpx:hr>151</gpxtpx:hr><gpxtpx:cad>86</gpxtpx:cad></gpxtpx:TrackPointExtension></extensions></trkpt>
<trkpt lat="52.3020456" lon="4.8247892"><ele>4.5</ele><time>2026-03-08T09:04:51Z</time><extensions><gpxtpx:TrackPointExtension><gpxtpx:hr>152</gpxtpx:hr><gpxtpx:cad>86</gpxtpx:cad></gpxtpx:TrackPointExtension></extensions></trkpt>
<trkpt lat="52.3020044" lon="4.8248830"><ele>4.4</ele><time>2026-03-08T09:04:54Z</time><extensions><gpxtpx:TrackPointExtension><gpxtpx:hr>152</gpxtpx:hr><gpxtpx:cad>85</gpxtpx:cad></gpxtpx:TrackPointExtension></extensions></trkpt>
<trkpt lat="52.3019524" lon="4.8249499"><ele>4.4</ele><time>2026-03-08T09:04:57Z</time><extensions><gpxtpx:TrackPointExtension><gpxtpx:hr>151</gpxtpx:hr><gpxtpx:cad>85</gpxtpx:cad></gpxtpx:TrackPointExtension></extensions></trkpt>
<trkpt lat="52.3018548" lon="4.8250359"><ele>4.4</ele><time>2026-03-08T09:05:00Z</time><extensions><gpxtpx:TrackPointExtension><gpxtpx:hr>151</gpxtpx:hr><gpxtpx:cad>86</gpxtpx:cad></gpxtpx:TrackPointExtension></extensions></trkpt>
<trkpt lat="52.3017978" lon="4.8251458"><ele>4.4</ele><time>2026-03-08T09:05:03Z</time><extensions><gpxtpx:TrackPointExtension><gpxtpx:hr>150</gpxtpx:hr><gpxtpx:cad>85</gpxtpx:cad></gpxtpx:TrackPointExtension></extensions></trkpt>
<trkpt lat="52.3017272" lon="4.8252108"><ele>4.3</ele><time>2026-03-08T09:05:06Z</time><extensions><gpxtpx:TrackPointExtension><gpxtpx:hr>151</gpxtpx:hr><gpxtpx:cad>85</gpxtpx:cad></gpxtpx:TrackPointExtension></extensions></trkpt>
<trkpt lat="52.3016837" lon="4.8253008"><ele>4.3</ele><time>2026-03-08T09:05:09Z</time><extensions><gpxtpx:TrackPointExtension><gpxtpx:hr>151</gpxtpx:hr><gpxtpx:cad>86</gpxtpx:cad></gpxtpx:TrackPointExtension></extensions></trkpt>
<trkpt lat="52.3016167" lon="4.8253802"><ele>4.3</ele><time>2026-03-08T09:05:12Z</time><extensions><gpxtpx:TrackPointExtension><gpxtpx:hr>150</gpxtpx:hr><gpxtpx:cad>85</gpxtpx:cad></gpxtpx:TrackPointExtension></extensions></trkpt>
<trkpt lat="52.3015519" lon="4.8254381"><ele>4.3</ele><time>2026-03-08T09:05:15Z</time><extensions><gpxtpx:TrackPointExtension><gpxtpx:hr>150</gpxtpx:hr><gpxtpx:cad>85</gpxtpx:cad></gpxtpx:TrackPointExtension></extensions></trkpt>
<trkpt lat="52.3014932" lon="4.8255542"><ele>4.2</ele><time>2026-03-08T09:05:18Z</time><extensions><gpxtpx:TrackPointExtension><gpxtpx:hr>150</gpxtpx:hr><gpxtpx:cad>86</gpxtpx:cad></gpxtpx:TrackPointExtension></extensions></trkpt>
<trkpt lat="52.3014236" lon="4.8256480"><ele>4.2</ele><time>2026-03-08T09:05:21Z</time><extensions><gpxtpx:TrackPointExtension><gpxtpx:hr>150</gpxtpx:hr><gpxtpx:cad>86</gpxtpx:cad></gpxtpx:TrackPointExtension></extensions></trkpt>
<trkpt lat="52.3013643" lon="4.8257212"><ele>4.2</ele><time>2026-03-08T09:05:24Z</time><extensions><gpxtpx:TrackPointExtension><gpxtpx:hr>149</gpxtpx:hr><gpxtpx:cad>86</gpxtpx:cad></gpxtpx:TrackPointExtension></extensions></trkpt>
<trkpt lat="52.3013077" lon="4.8257881"><ele>4.1</ele><time>2026-03-08T09:05:27Z</time><extensions><gpxtpx:TrackPointExtension><gpxtpx:hr>150</gpxtpx:hr><gpxtpx:cad>85</gpxtpx:cad></gpxtpx:TrackPointExtension></extensions></trkpt>
<trkpt lat="52.3012475" lon="4.8258904"><ele>4.1</ele><time>2026-03-08T09:05:30Z</time><extensions><gpxtpx:TrackPointExtension><gpxtpx:hr>150</gpxtpx:hr><gpxtpx:cad>86</gpxtpx:cad></gpxtpx:TrackPointExtension></extensions></trkpt>
<trkpt lat="52.3011724" lon="4.8259508"><ele>4.1</ele><time>2026-03-08T09:05:33Z</time><extensions><gpxtpx:TrackPointExtension><gpxtpx:hr>151</gpxtpx:hr><gpxtpx:cad>85</gpxtpx:cad></gpxtpx:TrackPointExtension></extensions></trkpt>
<trkpt lat="52.3011067" lon="4.8260477"><ele>4.1</ele><time>2026-03-08T09:05:36Z</time><extensions><gpxtpx:TrackPointExtension><gpxtpx:hr>151</gpxtpx:hr><gpxtpx:cad>85</gpxtpx:cad></gpxtpx:TrackPointExtension></extensions></trkpt>
<trkpt lat="52.3010547" lon="4.8261396"><ele>4.0</ele><time>2026-03-08T09:05:39Z</time><extensions><gpxtpx:TrackPointExtension><gpxtpx:hr>150</gpxtpx:hr><gpxtpx:cad>86</gpxtpx:cad></gpxtpx:TrackPointExtension></extensions></trkpt>
<trkpt lat="52.3009963" lon="4.8262226"><ele>4.0</ele><time>2026-03-08T09:05:42Z</time><extensions><gpxtpx:TrackPointExtension><gpxtpx:hr>150</gpxtpx:hr><gpxtpx:cad>85</gpxtpx:cad></gpxtpx:TrackPointExtension></extensions></trkpt>
<trkpt lat="52.3009320" lon="4.8263134"><ele>4.0</ele><time>2026-03-08T09:05:45Z</time><extensions><gpxtpx:TrackPointExtension><gpxtpx:hr>150</gpxtpx:hr><gpxtpx:cad>85</gpxtpx:cad></gpxtpx:TrackPointExtension></extensions></trkpt>
<trkpt lat="52.3008633" lon="4.8263999"><ele>3.9</ele><time>2026-03-08T09:05:48Z</time><extensions><gpxtpx:TrackPointExtension><gpxtpx:hr>151</gpxtpx:hr><gpxtpx:cad>85</gpxtpx:cad></gpxtpx:TrackPointExtension></extensions></trkpt>
<trkpt lat="52.3008141" lon="4.8264947"><ele>3.9</ele><time>2026-03-08T09:05:51Z</time><extensions><gpxtpx:TrackPointExtension><gpxtpx:hr>150</gpxtpx:hr><gpxtpx:cad>86</gpxtpx:cad></gpxtpx:TrackPointExtension></extensions></trkpt>
<trkpt lat="52.3007580" lon="4.8265638"><ele>3.9</ele><time>2026-03-08T09:05:54Z</time><extensions><gpxtpx:TrackPointExtension><gpxtpx:hr>150</gpxtpx:hr><gpxtpx:cad>86</gpxtpx:cad></gpxtpx:TrackPointExtension></extensions></trkpt>
<trkpt lat="52.3006983" lon="4.8266548"><ele>3.8</ele><time>2026-03-08T09:05:57Z</time><extensions><gpxtpx:TrackPointExtension><gpxtpx:hr>148</gpxtpx:hr><gpxtpx:cad>85</gpxtpx:cad></gpxtpx:TrackPointExtension></extensions></trkpt>
<trkpt lat="52.3006315" lon="4.8267696"><ele>3.8</ele><time>2026-03-08T09:06:00Z</time><extensions><gpxtpx:TrackPointExtension><gpxtpx:hr>149</gpxtpx:hr><gpxtpx:cad>86</gpxtpx:cad></gpxtpx:TrackPointExtension></extensions></trkpt>
<trkpt lat="52.3005702" lon="4.8268362"><ele>3.8</ele><time>2026-03-08T09:06:03Z</time><extensions><gpxtpx:TrackPointExtension><gpxtpx:hr>148</gpxtpx:hr><gpxtpx:cad>85</gpxtpx:cad></gpxtpx:TrackPointExtension></extensions></trkpt>
<trkpt lat="52.3004994" lon="4.8269410"><ele>3.8</ele><time>2026-03-08T09:06:06Z</time><extensions><gpxtpx:TrackPointExtension><gpxtpx:hr>148</gpxtpx:hr><gpxtpx:cad>84</gpxtpx:cad></gpxtpx:TrackPointExtension></extensions></trkpt>
<trkpt lat="52.3004586" lon="4.8270189"><ele>3.7</ele><time>2026-03-08T09:06:09Z</time><extensions><gpxtpx:TrackPointExtension><gpxtpx:hr>149</gpxtpx:hr><gpxtpx:cad>85</gpxtpx:cad></gpxtpx:TrackPointExtension></extensions></trkpt>
<trkpt lat="52.3003948" lon="4.8270986"><ele>3.7</ele><time>2026-03-08T09:06:12Z</time><extensions><gpxtpx:TrackPointExtension><gpxtpx:hr>149</gpxtpx:hr><gpxtpx:cad>85</gpxtpx:cad></gpxtpx:TrackPointExtension></extensions></trkpt>
<trkpt lat="52.3003346" lon="4.8272044"><ele>3.7</ele><time>2026-03-08T09:06:15Z</time><extensions><gpxtpx:TrackPointExtension><gpxtpx:hr>150</gpxtpx:hr><gpxtpx:cad>86</gpxtpx:cad></gpxtpx:TrackPointExtension></extensions></trkpt>
<trkpt lat="52.3002693" lon="4.8272892"><ele>3.6</ele><time>2026-03-08T09:06:18Z</time><extensions><gpxtpx:TrackPointExtension><gpxtpx:hr>150</gpxtpx:hr><gpxtpx:cad>86</gpxtpx:cad></gpxtpx:TrackPointExtension></extensions></trkpt>
<trkpt lat="52.3002003" lon="4.8273808"><ele>3.6</ele><time>2026-03-08T09:06:21Z</time><extensions><gpxtpx:TrackPointExtension><gpxtpx:hr>149</gpxtpx:hr><gpxtpx:cad>85</gpxtpx:cad></gpxtpx:TrackPointExtension></extensions></trkpt>
<trkpt lat="52.3001454" lon="4.8274947"><ele>3.6</ele><time>2026-03-08T09:06:24Z</time><extensions><gpxtpx:TrackPointExtension><gpxtpx:hr>149</gpxtpx:hr><gpxtpx:cad>84</gpxtpx:cad></gpxtpx:TrackPointExtension></extensions></trkpt>
<trkpt lat="52.3000977" lon="4.8275851"><ele>3.5</ele><time>2026-03-08T09:06:27Z</time><extensions><gpxtpx:TrackPointExtension><gpxtpx:hr>149</gpxtpx:hr><gpxtpx:cad>86</gpxtpx:cad></gpxtpx:TrackPointExtension></extensions></trkpt>
<trkpt lat="52.3000352" lon="4.8276544"><ele>3.5</ele><time>2026-03-08T09:06:30Z</time><extensions><gpxtpx:TrackPointExtension><gpxtpx:hr>149</gpxtpx:hr><gpxtpx:cad>85</gpxtpx:cad></gpxtpx:TrackPointExtension></extensions></trkpt>
<trkpt lat="52.2999771" lon="4.8277683"><ele>3.5</ele><time>2026-03-08T09:06:33Z</time><extensions><gpxtpx:TrackPointExtension><gpxtpx:hr>149</gpxtpx:hr><gpxtpx:cad>86</gpxtpx:cad></gpxtpx:TrackPointExtension></extensions></trkpt>
<trkpt lat="52.2999163" lon="4.8278371"><ele>3.4</ele><time>2026-03-08T09:06:36Z</time><extensions><gpxtpx:TrackPointExtension><gpxtpx:hr>150</gpxtpx:hr><gpxtpx:cad>85</gpxtpx:cad></gpxtpx:TrackPointExtension></extensions></trkpt>
<trkpt lat="52.2998611" lon="4.8279372"><ele>3.4</ele><time>2026-03-08T09:06:39Z</time><extensions><gpxtpx:TrackPointExtension><gpxtpx:hr>151</gpxtpx:hr><gpxtpx:cad>85</gpxtpx:cad></gpxtpx:TrackPointExtension></extensions></trkpt>
<trkpt lat="52.2997938" lon="4.8280131"><ele>3.4</ele><time>2026-03-08T09:06:42Z</time><extensions><gpxtpx:TrackPointExtension><gpxtpx:hr>152</gpxtpx:hr><gpxtpx:cad>85</gpxtpx:cad></gpxtpx:TrackPointExtension></extensions></trkpt>
<trkpt lat="52.2997376" lon="4.8281332"><ele>3.3</ele><time>2026-03-08T09:06:45Z</time><extensions><gpxtpx:TrackPointExtension><gpxtpx:hr>152</gpxtpx:hr><gpxtpx:cad>85</gpxtpx:cad></gpxtpx:TrackPointExtension></extensions></trkpt>
<trkpt lat="52.2996888" lon="4.8282357"><ele>3.3</ele><time>2026-03-08T09:06:48Z</time><extensions><gpxtpx:TrackPointExtension><gpxtpx:hr>152</gpxtpx:hr><gpxtpx:cad>85</gpxtpx:cad></gpxtpx:TrackPointExtension></extensions></trkpt>
<trkpt lat="52.2996317" lon="4.8283333"><ele>3.3</ele><time>2026-03-08T09:06:51Z</time><extensions><gpxtpx:TrackPointExtension><gpxtpx:hr>151</gpxtpx:hr><gpxtpx:cad>86</gpxtpx:cad></gpxtpx:TrackPointExtension></extensions></trkpt>
<trkpt lat="52.2995831" lon="4.8284111"><ele>3.2</ele><time>2026-03-08T09:06:54Z</time><extensions><gpxtpx:TrackPointExtension><gpxtpx:hr>151</gpxtpx:hr><gpxtpx:cad>85</gpxtpx:cad></gpxtpx:TrackPointExtension></extensions></trkpt>
<trkpt lat="52.2995137" lon="4.8285056"><ele>3.2</ele><time>2026-03-08T09:06:57Z</time><extensions><gpxtpx:TrackPointExtension><gpxtpx:hr>151</gpxtpx:hr><gpxtpx:cad>85</gpxtpx:cad></gpxtpx:TrackPointExtension></extensions></trkpt>
<trkpt lat="52.2994618" lon="4.8286087"><ele>3.2</ele><time>2026-03-08T09:07:00Z</time><extensions><gpxtpx:TrackPointExtension><gpxtpx:hr>152</gpxtpx:hr><gpxtpx:cad>85</gpxtpx:cad></gpxtpx:TrackPointExtension></extensions></trkpt>
<trkpt lat="52.2994113" lon="4.8287249"><ele>3.1</ele><time>2026-03-08T09:07:03Z</time><extensions><gpxtpx:TrackPointExtension><gpxtpx:hr>151</gpxtpx:hr><gpxtpx:cad>86</gpxtpx:cad></gpxtpx:TrackPointExtension></extensions></trkpt>
<trkpt lat="52.2993368" lon="4.8288247"><ele>3.1</ele><time>2026-03-08T09:07:06Z</time><extensions><gpxtpx:TrackPointExtension><gpxtpx:hr>151</gpxtpx:hr><gpxtpx:cad>85</gpxtpx:cad></gpxtpx:TrackPointExtension></extensions></trkpt>
<trkpt lat="52.2992915" lon="4.8289298"><ele>3.1</ele><time>2026-03-08T09:07:09Z</time><extensions><gpxtpx:TrackPointExtension><gpxtpx:hr>151</gpxtpx:hr><gpxtpx:cad>86</gpxtpx:cad></gpxtpx:TrackPointExtension></extensions></trkpt>
<trkpt lat="52.2992310" lon="4.8290218"><ele>3.0</ele><time>2026-03-08T09:07:12Z</time><extensions><gpxtpx:TrackPointExtension><gpxtpx:hr>151</gpxtpx:hr><gpxtpx:cad>86</gpxtpx:cad></gpxtpx:TrackPointExtension></extensions></trkpt>
<trkpt lat="52.2991905" lon="4.8291112"><ele>3.0</ele><time>2026-03-08T09:07:15Z</time><extensions><gpxtpx:TrackPointExtension><gpxtpx:hr>150</gpxtpx:hr><gpxtpx:cad>85</gpxtpx:cad></gpxtpx:TrackPointExtension></extensions></trkpt>
<trkpt lat="52.2991331" lon="4.8292237"><ele>3.0</ele><time>2026-03-08T09:07:18Z</time><extensions><gpxtpx:TrackPointExtension><gpxtpx:hr>150</gpxtpx:hr><gpxtpx:cad>86</gpxtpx:cad></gpxtpx:TrackPointExtension></extensions></trkpt>
<trkpt lat="52.2990738" lon="4.8293280"><ele>2.9</ele><time>2026-03-08T09:07:21Z</time><extensions><gpxtpx:TrackPointExtension><gpxtpx:hr>150</gpxtpx:hr><gpxtpx:cad>85</gpxtpx:cad></gpxtpx:TrackPointExtension></extensions></trkpt>
<trkpt lat="52.2990403" lon="4.8293964"><ele>2.9</ele><time>2026-03-08T09:07:24Z</time><extensions><gpxtpx:TrackPointExtension><gpxtpx:hr>150</gpxtpx:hr><gpxtpx:cad>85</gpxtpx:cad></gpxtpx:TrackPointExtension></extensions></trkpt>
<trkpt lat="52.2989841" lon="4.8295059"><ele>2.9</ele><time>2026-03-08T09:07:27Z</time><extensions><gpxtpx:TrackPointExtension><gpxtpx:hr>151</gpxtpx:hr><gpxtpx:cad>85</gpxtpx:cad></gpxtpx:TrackPointExtension></extensions></trkpt>
<trkpt lat="52.2989298" lon="4.8296117"><ele>2.8</ele><time>2026-03-08T09:07:30Z</time><extensions><gpxtpx:TrackPointExtension><gpxtpx:hr>151</gpxtpx:hr><gpxtpx:cad>86</gpxtpx:cad></gpxtpx:TrackPointExtension></extensions></trkpt>
<trkpt lat="52.2988767" lon="4.8296926"><ele>2.8</ele><time>2026-03-08T09:07:33Z</time><extensions><gpxtpx:TrackPointExtension><gpxtpx:hr>150</gpxtpx:hr><gpxtpx:cad>85</gpxtpx:cad></gpxtpx:TrackPointExtension></extensions></trkpt>
<trkpt lat="52.2988228" lon="4.8298010"><ele>2.8</ele><time>2026-03-08T09:07:36Z</time><extensions><gpxtpx:TrackPointExtension><gpxtpx:hr>151</gpxtpx:hr><gpxtpx:cad>84</gpxtpx:cad></gpxtpx:TrackPointExtension></extensions></trkpt>
<trkpt lat="52.2987775" lon="4.8299153"><ele>2.7</ele><time>2026-03-08T09:07:39Z</time><extensions><gpxtpx:TrackPointExtension><gpxtpx:hr>151</gpxtpx:hr><gpxtpx:cad>85</gpxtpx:cad></gpxtpx:TrackPointExtension></extensions></trkpt>
<trkpt lat="52.2987335" lon="4.8300236"><ele>2.7</ele><time>2026-03-08T09:07:42Z</time><extensions><gpxtpx:TrackPointExtension><gpxtpx:hr>151</gpxtpx:hr><gpxtpx:cad>84</gpxtpx:cad></gpxtpx:TrackPointExtension></extensions></trkpt>
<trkpt lat="52.2986784" lon="4.8301267"><ele>2.7</ele><time>2026-03-08T09:07:45Z</time><extensions><gpxtpx:TrackPointExtension><gpxtpx:hr>151</gpxtpx:hr><gpxtpx:cad>84</gpxtpx:cad></gpxtpx:TrackPointExtension></extensions></trkpt>
<trkpt lat="52.2986376" lon="4.8302421"><ele>2.6</ele><time>2026-03-08T09:07:48Z</time><extensions><gpxtpx:TrackPointExtension><gpxtpx:hr>151</gpxtpx:hr><gpxtpx:cad>85</gpxtpx:cad></gpxtpx:TrackPointExtension></extensions></trkpt>
<trkpt lat="52.2985738" lon="4.8303305"><ele>2.6</ele><time>2026-03-08T09:07:51Z</time><extensions><gpxtpx:TrackPointExtension><gpxtpx:hr>151</gpxtpx:hr><gpxtpx:cad>86</gpxtpx:cad></gpxtpx:TrackPointExtension></extensions></trkpt>
<trkpt lat="52.2985244" lon="4.8304446"><ele>2.6</ele><time>2026-03-08T09:07:54Z</time><extensions><gpxtpx:TrackPointExtension><gpxtpx:hr>152</gpxtpx:hr><gpxtpx:cad>86</gpxtpx:cad></gpxtpx:TrackPointExtension></extensions></trkpt>
<trkpt lat="52.2984884" lon="4.8305267"><ele>2.5</ele><time>2026-03-08T09:07:57Z</time><extensions><gpxtpx:TrackPointExtension><gpxtpx:hr>153</gpxtpx:hr><gpxtpx:cad>86</gpxtpx:cad></gpxtpx:TrackPointExtension></extensions></trkpt>
<trkpt lat="52.2984218" lon="4.8306251"><ele>2.5</ele><time>2026-03-08T09:08:00Z</time><extensions><gpxtpx:TrackPointExtension><gpxtpx:hr>153</gpxtpx:hr><gpxtpx:cad>85</gpxtpx:cad></gpxtpx:TrackPointExtension></extensions></trkpt>
<trkpt lat="52.2983754" lon="4.8307651"><ele>2.5</ele><time>2026-03-08T09:08:03Z</time><extensions><gpxtpx:TrackPointExtension><gpxtpx:hr>153</gpxtpx:hr><gpxtpx:cad>85</gpxtpx:cad></gpxtpx:TrackPointExtension></extensions></trkpt>
<trkpt lat="52.2983361" lon="4.8308754"><ele>2.4</ele><time>2026-03-08T09:08:06Z</time><extensions><gpxtpx:TrackPointExtension><gpxtpx:hr>152</gpxtpx:hr><gpxtpx:cad>87</gpxtpx:cad></gpxtpx:TrackPointExtension></extensions></trkpt>
<trkpt lat="52.2982984" lon="4.8309778"><ele>2.4</ele><time>2026-03-08T09:08:09Z</time><extensions><gpxtpx:TrackPointExtension><gpxtpx:hr>152</gpxtpx:hr><gpxtpx:cad>85</gpxtpx:cad></gpxtpx:TrackPointExtension></extensions></trkpt>
<trkpt lat="52.2982562" lon="4.8310633"><ele>2.4</ele><time>2026-03-08T09:08:12Z</time><extensions><gpxtpx:TrackPointExtension><gpxtpx:hr>152</gpxtpx:hr><gpxtpx:cad>86</gpxtpx:cad></gpxtpx:TrackPointExtension></extensions></trkpt>
<trkpt lat="52.2982073" lon="4.8311886"><ele>2.3</ele><time>2026-03-08T09:08:15Z</time><extensions><gpxtpx:TrackPointExtension><gpxtpx:hr>152</gpxtpx:hr><gpxtpx:cad>85</gpxtpx:cad></gpxtpx:TrackPointExtension></extensions></trkpt>
<trkpt lat="52.2981457" lon="4.8312970"><ele>2.3</ele><time>2026-03-08T09:08:18Z</time><extensions><gpxtpx:TrackPointExtension><gpxtpx:hr>152</gpxtpx:hr><gpxtpx:cad>85</gpxtpx:cad></gpxtpx:TrackPointExtension></extensions></trkpt>
<trkpt lat="52.2981055" lon="4.8314147"><ele>2.3</ele><time>2026-03-08T09:08:21Z</time><extensions><gpxtpx:TrackPointExtension><gpxtpx:hr>153</gpxtpx:hr><gpxtpx:cad>85</gpxtpx:cad></gpxtpx:TrackPointExtension></extensions></trkpt>
<trkpt lat="52.2980696" lon="4.8315096"><ele>2.2</ele><time>2026-03-08T09:08:24Z</time><extensions><gpxtpx:TrackPointExtension><gpxtpx:hr>152</gpxtpx:hr><gpxtpx:cad>85</gpxtpx:cad></gpxtpx:TrackPointExtension></extensions></trkpt>
<trkpt lat="52.2980274" lon="4.8316411"><ele>2.2</ele><time>2026-03-08T09:08:27Z</time><extensions><gpxtpx:TrackPointExtension><gpxtpx:hr>152</gpxtpx:hr><gpxtpx:cad>86</gpxtpx:cad></gpxtpx:TrackPointExtension></extensions></trkpt>
<trkpt lat="52.2979755" lon="4.8317399"><ele>2.2</ele><time>2026-03-08T09:08:30Z</time><extensions><gpxtpx:TrackPointExtension><gpxtpx:hr>152</gpxtpx:hr><gpxtpx:cad>85</gpxtpx:cad></gpxtpx:TrackPointExtension></extensions></trkpt>
<trkpt lat="52.2979303" lon="4.8318608"><ele>2.2</ele><time>2026-03-08T09:08:33Z</time><extensions><gpxtpx:TrackPointExtension><gpxtpx:hr>151</gpxtpx:hr><gpxtpx:cad>85</gpxtpx:cad></gpxtpx:TrackPointExtension></extensions></trkpt>
<trkpt lat="52.2978815" lon="4.8319692"><ele>2.1</ele><time>2026-03-08T09:08:36Z</time><extensions><gpxtpx:TrackPointExtension><gpxtpx:hr>151</gpxtpx:hr><gpxtpx:cad>86</gpxtpx:cad></gpxtpx:TrackPointExtension></extensions></trkpt>
<trkpt lat="52.2978444" lon="4.8320901"><ele>2.1</ele><time>2026-03-08T09:08:39Z</time><extensions><gpxtpx:TrackPointExtension><gpxtpx:hr>151</gpxtpx:hr><gpxtpx:cad>86</gpxtpx:cad></gpxtpx:TrackPointExtension></extensions></trkpt>
<trkpt lat="52.2978123" lon="4.8322051"><ele>2.1</ele><time>2026-03-08T09:08:42Z</time><extensions><gpxtpx:TrackPointExtension><gpxtpx:hr>151</gpxtpx:hr><gpxtpx:cad>85</gpxtpx:cad></gpxtpx:TrackPointExtension></extensions></trkpt>
<trkpt lat="52.2977807" lon="4.8322739"><ele>2.0</ele><time>2026-03-08T09:08:45Z</time><extensions><gpxtpx:TrackPointExtension><gpxtpx:hr>149</gpxtpx:hr><gpxtpx:cad>85</gpxtpx:cad></gpxtpx:TrackPointExtension></extensions></trkpt>
<trkpt lat="52.2977313" lon="4.8324136"><ele>2.0</ele><time>2026-03-08T09:08:48Z</time><extensions><gpxtpx:TrackPointExtension><gpxtpx:hr>150</gpxtpx:hr><gpxtpx:cad>85</gpxtpx:cad></gpxtpx:TrackPointExtension></extensions></trkpt>
<trkpt lat="52.2976853" lon="4.8325231"><ele>2.0</ele><time>2026-03-08T09:08:51Z</time><extensions><gpxtpx:TrackPointExtension><gpxtpx:hr>150</gpxtpx:hr><gpxtpx:cad>85</gpxtpx:cad></gpxtpx:TrackPointExtension></extensions></trkpt>
<trkpt lat="52.2976374" lon="4.8326397"><ele>2.0</ele><time>2026-03-08T09:08:54Z</time><extensions><gpxtpx:TrackPointExtension><gpxtpx:hr>151</gpxtpx:hr><gpxtpx:cad>84</gpxtpx:cad></gpxtpx:TrackPointExtension></extensions></trkpt>
<trkpt lat="52.2976048" lon="4.8327833"><ele>1.9</ele><time>2026-03-08T09:08:57Z</time><extensions><gpxtpx:TrackPointExtension><gpxtpx:hr>151</gpxtpx:hr><gpxtpx:cad>84</gpxtpx:cad></gpxtpx:TrackPointExtension></extensions></trkpt>
<trkpt lat="52.2975664" lon="4.8328784"><ele>1.9</ele><time>2026-03-08T09:09:00Z</time><extensions><gpxtpx:TrackPointExtension><gpxtpx:hr>151</gpxtpx:hr><gpxtpx:cad>84</gpxtpx:cad></gpxtpx:TrackPointExtension></extensions></trkpt>
<trkpt lat="52.2975337" lon="4.8329935"><ele>1.9</ele><time>2026-03-08T09:09:03Z</time><extensions><gpxtpx:TrackPointExtension><gpxtpx:hr>151</gpxtpx:hr><gpxtpx:cad>86</gpxtpx:cad></gpxtpx:TrackPointExtension></extensions></trkpt>
<trkpt lat="52.2974886" lon="4.8330903"><ele>1.9</ele><time>2026-03-08T09:09:06Z</time><extensions><gpxtpx:TrackPointExtension><gpxtpx:hr>152</gpxtpx:hr><gpxtpx:cad>84</gpxtpx:cad></gpxtpx:TrackPointExtension></extensions></trkpt>
<trkpt lat="52.2974521" lon="4.8332322"><ele>1.8</ele><time>2026-03-08T09:09:09Z</time><extensions><gpxtpx:TrackPointExtension><gpxtpx:hr>153</gpxtpx:hr><gpxtpx:cad>85</gpxtpx:cad></gpxtpx:TrackPointExtension></extensions></trkpt>
<trkpt lat="52.2974287" lon="4.8333383"><ele>1.8</ele><time>2026-03-08T09:09:12Z</time><extensions><gpxtpx:TrackPointExtension><gpxtpx:hr>152</gpxtpx:hr><gpxtpx:cad>84</gpxtpx:cad></gpxtpx:TrackPointExtension></extensions></trkpt>
<trkpt lat="52.2973648" lon="4.8334611"><ele>1.8</ele><time>2026-03-08T09:09:15Z</time><extensions><gpxtpx:TrackPointExtension><gpxtpx:hr>152</gpxtpx:hr><gpxtpx:cad>85</gpxtpx:cad></gpxtpx:TrackPointExtension></extensions></trkpt>
<trkpt lat="52.2973440" lon="4.8335654"><ele>1.8</ele><time>2026-03-08T09:09:18Z</time><extensions><gpxtpx:TrackPointExtension><gpxtpx:hr>152</gpxtpx:hr><gpxtpx:cad>85</gpxtpx:cad></gpxtpx:TrackPointExtension></extensions></trkpt>
<trkpt lat="52.2973120" lon="4.8337117"><ele>1.7</ele><time>2026-03-08T09:09:21Z</time><extensions><gpxtpx:TrackPointExtension><gpxtpx:hr>153</gpxtpx:hr><gpxtpx:cad>86</gpxtpx:cad></gpxtpx:TrackPointExtension></extensions></trkpt>
<trkpt lat="52.2972752" lon="4.8338031"><ele>1.7</ele><time>2026-03-08T09:09:24Z</time><extensions><gpxtpx:TrackPointExtension><gpxtpx:hr>152</gpxtpx:hr><gpxtpx:cad>86</gpxtpx:cad></gpxtpx:TrackPointExtension></extensions></trkpt>
<trkpt lat="52.2972508" lon="4.8339339"><ele>1.7</ele><time>2026-03-08T09:09:27Z</time><extensions><gpxtpx:TrackPointExtension><gpxtpx:hr>151</gpxtpx:hr><gpxtpx:cad>85</gpxtpx:cad></gpxtpx:TrackPointExtension></extensions></trkpt>
<trkpt lat="52.2972148" lon="4.8340535"><ele>1.7</ele><time>2026-03-08T09:09:30Z</time><extensions><gpxtpx:TrackPointExtension><gpxtpx:hr>152</gpxtpx:hr><gpxtpx:cad>85</gpxtpx:cad></gpxtpx:TrackPointExtension></extensions></trkpt>
<trkpt lat="52.2971744" lon="4.8341690"><ele>1.6</ele><time>2026-03-08T09:09:33Z</time><extensions><gpxtpx:TrackPointExtension><gpxtpx:hr>152</gpxtpx:hr><gpxtpx:cad>86</gpxtpx:cad></gpxtpx:TrackPointExtension></extensions></trkpt>
<trkpt lat="52.2971406" lon="4.8342858"><ele>1.6</ele><time>2026-03-08T09:09:36Z</time><extensions><gpxtpx:TrackPointExtension><gpxtpx:hr>153</gpxtpx:hr><gpxtpx:cad>85</gpxtpx:cad></gpxtpx:TrackPointExtension></extensions></trkpt>
<trkpt lat="52.2971189" lon="4.8344155"><ele>1.6</ele><time>2026-03-08T09:09:39Z</time><extensions><gpxtpx:TrackPointExtension><gpxtpx:hr>154</gpxtpx:hr><gpxtpx:cad>84</gpxtpx:cad></gpxtpx:TrackPointExtension></extensions></trkpt>
<trkpt lat="52.2970808" lon="4.8345320"><ele>1.6</ele><time>2026-03-08T09:09:42Z</time><extensions><gpxtpx:TrackPointExtension><gpxtpx:hr>154</gpxtpx:hr><gpxtpx:cad>85</gpxtpx:cad></gpxtpx:TrackPointExtension></extensions></trkpt>
<trkpt lat="52.2970453" lon="4.8346701"><ele>1.5</ele><time>2026-03-08T09:09:45Z</time><extensions><gpxtpx:TrackPointExtension><gpxtpx:hr>152</gpxtpx:hr><gpxtpx:cad>85</gpxtpx:cad></gpxtpx:TrackPointExtension></extensions></trkpt>
<trkpt lat="52.2970172" lon="4.8347654"><ele>1.5</ele><time>2026-03-08T09:09:48Z</time><extensions><gpxtpx:TrackPointExtension><gpxtpx:hr>152</gpxtpx:hr><gpxtpx:cad>87</gpxtpx:cad></gpxtpx:TrackPointExtension></extensions></trkpt>
<trkpt lat="52.2969815" lon="4.8348868"><ele>1.5</ele><time>2026-03-08T09:09:51Z</time><extensions><gpxtpx:TrackPointExtension><gpxtpx:hr>152</gpxtpx:hr><gpxtpx:cad>83</gpxtpx:cad></gpxtpx:TrackPointExtension></extensions></trkpt>
<trkpt lat="52.2969690" lon="4.8349927"><ele>1.5</ele><time>2026-03-08T09:09:54Z</time><extensions><gpxtpx:TrackPointExtension><gpxtpx:hr>152</gpxtpx:hr><gpxtpx:cad>85</gpxtpx:cad></gpxtpx:TrackPointExtension></extensions></trkpt>
<trkpt lat="52.2969392" lon="4.8351507"><ele>1.5</ele><time>2026-03-08T09:09:57Z</time><extensions><gpxtpx:TrackPointExtension><gpxtpx:hr>153</gpxtpx:hr><gpxtpx:cad>85</gpxtpx:cad></gpxtpx:TrackPointExtension></extensions></trkpt>
<trkpt lat="52.2969012" lon="4.8352645"><ele>1.4</ele><time>2026-03-08T09:10:00Z</time><extensions><gpxtpx:TrackPointExtension><gpxtpx:hr>152</gpxtpx:hr><gpxtpx:cad>85</gpxtpx:cad></gpxtpx:TrackPointExtension></extensions></trkpt>
<trkpt lat="52.2968795" lon="4.8354137"><ele>1.4</ele><time>2026-03-08T09:10:03Z</time><extensions><gpxtpx:TrackPointExtension><gpxtpx:hr>152</gpxtpx:hr><gpxtpx:cad>85</gpxtpx:cad></gpxtpx:TrackPointExtension></extensions></trkpt>
<trkpt lat="52.2968520" lon="4.8355059"><ele>1.4</ele><time>2026-03-08T09:10:06Z</time><extensions><gpxtpx:TrackPointExtension><gpxtpx:hr>152</gpxtpx:hr><gpxtpx:cad>84</gpxtpx:cad></gpxtpx:TrackPointExtension></extensions></trkpt>
<trkpt lat="52.2968229" lon="4.8356345"><ele>1.4</ele><time>2026-03-08T09:10:09Z</time><extensions><gpxtpx:TrackPointExtension><gpxtpx:hr>152</gpxtpx:hr><gpxtpx:cad>85</gpxtpx:cad></gpxtpx:TrackPointExtension></extensions></trkpt>
<trkpt lat="52.2967988" lon="4.8357506"><ele>1.4</ele><time>2026-03-08T09:10:12Z</time><extensions><gpxtpx:TrackPointExtension><gpxtpx:hr>152</gpxtpx:hr><gpxtpx:cad>86</gpxtpx:cad></gpxtpx:TrackPointExtension></extensions></trkpt>
<trkpt lat="52.2967731" lon="4.8358719"><ele>1.3</ele><time>2026-03-08T09:10:15Z</time><extensions><gpxtpx:TrackPointExtension><gpxtpx:hr>153</gpxtpx:hr><gpxtpx:cad>85</gpxtpx:cad></gpxtpx:TrackPointExtension></extensions></trkpt>
<trkpt lat="52.2967552" lon="4.8360312"><ele>1.3</ele><time>2026-03-08T09:10:18Z</time><extensions><gpxtpx:TrackPointExtension><gpxtpx:hr>153</gpxtpx:hr><gpxtpx:cad>84</gpxtpx:cad></gpxtpx:TrackPointExtension></extensions></trkpt>
<trkpt lat="52.2967431" lon="4.8361135"><ele>1.3</ele><time>2026-03-08T09:10:21Z</time><extensions><gpxtpx:TrackPointExtension><gpxtpx:hr>153</gpxtpx:hr><gpxtpx:cad>84</gpxtpx:cad></gpxtpx:TrackPointExtension></extensions></trkpt>
<trkpt lat="52.2967147" lon="4.8362711"><ele>1.3</ele><time>2026-03-08T09:10:24Z</time><extensions><gpxtpx:TrackPointExtension><gpxtpx:hr>152</gpxtpx:hr><gpxtpx:cad>84</gpxtpx:cad></gpxtpx:TrackPointExtension></extensions></trkpt>
<trkpt lat="52.2966823" lon="4.8363714"><ele>1.3</ele><time>2026-03-08T09:10:27Z</time><extensions><gpxtpx:TrackPointExtension><gpxtpx:hr>152</gpxtpx:hr><gpxtpx:cad>85</gpxtpx:cad></gpxtpx:TrackPointExtension></extensions></trkpt>
<trkpt lat="52.2966774" lon="4.8365132"><ele>1.3</ele><time>2026-03-08T09:10:30Z</time><extensions><gpxtpx:TrackPointExtension><gpxtpx:hr>152</gpxtpx:hr><gpxtpx:cad>85</gpxtpx:cad></gpxtpx:TrackPointExtension></extensions></trkpt>
<trkpt lat="52.2966421" lon="4.8366382"><ele>1.3</ele><time>2026-03-08T09:10:33Z</time><extensions><gpxtpx:TrackPointExtension><gpxtpx:hr>151</gpxtpx:hr><gpxtpx:cad>87</gpxtpx:cad></gpxtpx:TrackPointExtension></extensions></trkpt>
<trkpt lat="52.2966136" lon="4.8367661"><ele>1.2</ele><time>2026-03-08T09:10:36Z</time><extensions><gpxtpx:TrackPointExtension><gpxtpx:hr>151</gpxtpx:hr><gpxtpx:cad>84</gpxtpx:cad></gpxtpx:TrackPointExtension></extensions></trkpt>
<trkpt lat="52.2966045" lon="4.8368588"><ele>1.2</ele><time>2026-03-08T09:10:39Z</time><extensions><gpxtpx:TrackPointExtension><gpxtpx:hr>151</gpxtpx:hr><gpxtpx:cad>85</gpxtpx:cad></gpxtpx:TrackPointExtension></extensions></trkpt>
<trkpt lat="52.2965947" lon="4.8370177"><ele>1.2</ele><time>2026-03-08T09:10:42Z</time><extensions><gpxtpx:TrackPointExtension><gpxtpx:hr>151</gpxtpx:hr><gpxtpx:cad>85</gpxtpx:cad></gpxtpx:TrackPointExtension></extensions></trkpt>
<trkpt lat="52.2965551" lon="4.8371283"><ele>1.2</ele><time>2026-03-08T09:10:45Z</time><extensions><gpxtpx:TrackPointExtension><gpxtpx:hr>152</gpxtpx:hr><gpxtpx:cad>86</gpxtpx:cad></gpxtpx:TrackPointExtension></extensions></trkpt>
<trkpt lat="52.2965433" lon="4.8372627"><ele>1.2</ele><time>2026-03-08T09:10:48Z</time><extensions><gpxtpx:TrackPointExtension><gpxtpx:hr>152</gpxtpx:hr><gpxtpx:cad>85</gpxtpx:cad></gpxtpx:TrackPointExtension></extensions></trkpt>
<trkpt lat="52.2965183" lon="4.8373810"><ele>1.2</ele><time>2026-03-08T09:10:51Z</time><extensions><gpxtpx:TrackPointExtension><gpxtpx:hr>153</gpxtpx:hr><gpxtpx:cad>86</gpxtpx:cad></gpxtpx:TrackPointExtension></extensions></trkpt>
<trkpt lat="52.2965083" lon="4.8375244"><ele>1.2</ele><time>2026-03-08T09:10:54Z</time><extensions><gpxtpx:TrackPointExtension><gpxtpx:hr>152</gpxtpx:hr><gpxtpx:cad>84</gpxtpx:cad></gpxtpx:TrackPointExtension></extensions></trkpt>
<trkpt lat="52.2964969" lon="4.8376508"><ele>1.1</ele><time>2026-03-08T09:10:57Z</time><extensions><gpxtpx:TrackPointExtension><gpxtpx:hr>151</gpxtpx:hr><gpxtpx:cad>85</gpxtpx:cad></gpxtpx:TrackPointExtension></extensions></trkpt>
<trkpt lat="52.2964651" lon="4.8377598"><ele>1.1</ele><time>2026-03-08T09:11:00Z</time><extensions><gpxtpx:TrackPointExtension><gpxtpx:hr>152</gpxtpx:hr><gpxtpx:cad>85</gpxtpx:cad></gpxtpx:TrackPointExtension></extensions></trkpt>
<trkpt lat="52.2964626" lon="4.8378903"><ele>1.1</ele><time>2026-03-08T09:11:03Z</time><extensions><gpxtpx:TrackPointExtension><gpxtpx:hr>151</gpxtpx:hr><gpxtpx:cad>84</gpxtpx:cad></gpxtpx:TrackPointExtension></extensions></trkpt>
<trkpt lat="52.2964518" lon="4.8380284"><ele>1.1</ele><time>2026-03-08T09:11:06Z</time><extensions><gpxtpx:TrackPointExtension><gpxtpx:hr>151</gpxtpx:hr><gpxtpx:cad>84</gpxtpx:cad></gpxtpx:TrackPointExtension></extensions></trkpt>
<trkpt lat="52.2964387" lon="4.8381599"><ele>1.1</ele><time>2026-03-08T09:11:09Z</time><extensions><gpxtpx:TrackPointExtension><gpxtpx:hr>151</gpxtpx:hr><gpxtpx:cad>85</gpxtpx:cad></gpxtpx:TrackPointExtension></extensions></trkpt>
<trkpt lat="52.2964090" lon="4.8382930"><ele>1.1</ele><time>2026-03-08T09:11:12Z</time><extensions><gpxtpx:TrackPointExtension><gpxtpx:hr>151</gpxtpx:hr><gpxtpx:cad>85</gpxtpx:cad></gpxtpx:TrackPointExtension></extensions></trkpt>
<trkpt lat="52.2963939" lon="4.8384214"><ele>1.1</ele><time>2026-03-08T09:11:15Z</time><extensions><gpxtpx:TrackPointExtension><gpxtpx:hr>151</gpxtpx:hr><gpxtpx:cad>85</gpxtpx:cad></gpxtpx:TrackPointExtension></extensions></trkpt>
<trkpt lat="52.2963998" lon="4.8385443"><ele>1.1</ele><time>2026-03-08T09:11:18Z</time><extensions><gpxtpx:TrackPointExtension><gpxtpx:hr>151</gpxtpx:hr><gpxtpx:cad>84</gpxtpx:cad></gpxtpx:TrackPointExtension></extensions></trkpt>
<trkpt lat="52.2963969" lon="4.8386593"><ele>1.1</ele><time>2026-03-08T09:11:21Z</time><extensions><gpxtpx:TrackPointExtension><gpxtpx:hr>151</gpxtpx:hr><gpxtpx:cad>85</gpxtpx:cad></gpxtpx:TrackPointExtension></extensions></trkpt>
<trkpt lat="52.2963728" lon="4.8387943"><ele>1.1</ele><time>2026-03-08T09:11:24Z</time><extensions><gpxtpx:TrackPointExtension><gpxtpx:hr>151</gpxtpx:hr><gpxtpx:cad>85</gpxtpx:cad></gpxtpx:TrackPointExtension></extensions></trkpt>
<trkpt lat="52.2963678" lon="4.8389430"><ele>1.1</ele><time>2026-03-08T09:11:27Z</time><extensions><gpxtpx:TrackPointExtension><gpxtpx:hr>150</gpxtpx:hr><gpxtpx:cad>86</gpxtpx:cad></gpxtpx:TrackPointExtension></extensions></trkpt>
<trkpt lat="52.2963517" lon="4.8390622"><ele>1.0</ele><time>2026-03-08T09:11:30Z</time><extensions><gpxtpx:TrackPointExtension><gpxtpx:hr>150</gpxtpx:hr><gpxtpx:cad>84</gpxtpx:cad></gpxtpx:TrackPointExtension></extensions></trkpt>
<trkpt lat="52.2963527" lon="4.8391891"><ele>1.0</ele><time>2026-03-08T09:11:33Z</time><extensions><gpxtpx:TrackPointExtension><gpxtpx:hr>150</gpxtpx:hr><gpxtpx:cad>85</gpxtpx:cad></gpxtpx:TrackPointExtension></extensions></trkpt>
<trkpt lat="52.2963319" lon="4.8393450"><ele>1.0</ele><time>2026-03-08T09:11:36Z</time><extensions><gpxtpx:TrackPointExtension><gpxtpx:hr>151</gpxtpx:hr><gpxtpx:cad>85</gpxtpx:cad></gpxtpx:TrackPointExtension></extensions></trkpt>
<trkpt lat="52.2963236" lon="4.8394497"><ele>1.0</ele><time>2026-03-08T09:11:39Z</time><extensions><gpxtpx:TrackPointExtension><gpxtpx:hr>150</gpxtpx:hr><gpxtpx:cad>84</gpxtpx:cad></gpxtpx:TrackPointExtension></extensions></trkpt>
<trkpt lat="52.2963403" lon="4.8395922"><ele>1.0</ele><time>2026-03-08T09:11:42Z</time><extensions><gpxtpx:TrackPointExtension><gpxtpx:hr>150</gpxtpx:hr><gpxtpx:cad>86</gpxtpx:cad></gpxtpx:TrackPointExtension></extensions></trkpt>
<trkpt lat="52.2963203" lon="4.8397060"><ele>1.0</ele><time>2026-03-08T09:11:45Z</time><extensions><gpxtpx:TrackPointExtension><gpxtpx:hr>151</gpxtpx:hr><gpxtpx:cad>85</gpxtpx:cad></gpxtpx:TrackPointExtension></extensions></trkpt>
<trkpt lat="52.2963079" lon="4.8398191"><ele>1.0</ele><time>2026-03-08T09:11:48Z</time><extensions><gpxtpx:TrackPointExtension><gpxtpx:hr>151</gpxtpx:hr><gpxtpx:cad>85</gpxtpx:cad></gpxtpx:TrackPointExtension></extensions></trkpt>
<trkpt lat="52.2963264" lon="4.8399879"><ele>1.0</ele><time>2026-03-08T09:11:51Z</time><extensions><gpxtpx:TrackPointExtension><gpxtpx:hr>151</gpxtpx:hr><gpxtpx:cad>84</gpxtpx:cad></gpxtpx:TrackPointExtension></extensions></trkpt>
<trkpt lat="52.2963129" lon="4.8401253"><ele>1.0</ele><time>2026-03-08T09:11:54Z</time><extensions><gpxtpx:TrackPointExtension><gpxtpx:hr>151</gpxtpx:hr><gpxtpx:cad>85</gpxtpx:cad></gpxtpx:TrackPointExtension></extensions></trkpt>
<trkpt lat="52.2963164" lon="4.8402369"><ele>1.0</ele><time>2026-03-08T09:11:57Z</time><extensions><gpxtpx:TrackPointExtension><gpxtpx:hr>152</gpxtpx:hr><gpxtpx:cad>85</gpxtpx:cad></gpxtpx:TrackPointExtension></extensions></trkpt>
<trkpt lat="52.2963062" lon="4.8403582"><ele>1.0</ele><time>2026-03-08T09:12:00Z</time><extensions><gpxtpx:TrackPointExtension><gpxtpx:hr>152</gpxtpx:hr><gpxtpx:cad>85</gpxtpx:cad></gpxtpx:TrackPointExtension></extensions></trkpt>
<trkpt lat="52.2963050" lon="4.8404934"><ele>1.0</ele><time>2026-03-08T09:12:03Z</time><extensions><gpxtpx:TrackPointExtension><gpxtpx:hr>151</gpxtpx:hr><gpxtpx:cad>85</gpxtpx:cad></gpxtpx:TrackPointExtension></extensions></trkpt>
<trkpt lat="52.2963017" lon="4.8406230"><ele>1.0</ele><time>2026-03-08T09:12:06Z</time><extensions><gpxtpx:TrackPointExtension><gpxtpx:hr>150</gpxtpx:hr><gpxtpx:cad>85</gpxtpx:cad></gpxtpx:TrackPointExtension></extensions></trkpt>
<trkpt lat="52.2963047" lon="4.8407349"><ele>1.0</ele><time>2026-03-08T09:12:09Z</time><extensions><gpxtpx:TrackPointExtension><gpxtpx:hr>151</gpxtpx:hr><gpxtpx:cad>84</gpxtpx:cad></gpxtpx:TrackPointExtension></extensions></trkpt>
<trkpt lat="52.2963044" lon="4.8409047"><ele>1.0</ele><time>2026-03-08T09:12:12Z</time><extensions><gpxtpx:TrackPointExtension><gpxtpx:hr>150</gpxtpx:hr><gpxtpx:cad>85</gpxtpx:cad></gpxtpx:TrackPointExtension></extensions></trkpt>
<trkpt lat="52.2963192" lon="4.8410251"><ele>1.0</ele><time>2026-03-08T09:12:15Z</time><extensions><gpxtpx:TrackPointExtension><gpxtpx:hr>150</gpxtpx:hr><gpxtpx:cad>86</gpxtpx:cad></gpxtpx:TrackPointExtension></extensions></trkpt>
<trkpt lat="52.2962930" lon="4.8411492"><ele>1.0</ele><time>2026-03-08T09:12:18Z</time><extensions><gpxtpx:TrackPointExtension><gpxtpx:hr>150</gpxtpx:hr><gpxtpx:cad>85</gpxtpx:cad></gpxtpx:TrackPointExtension></extensions></trkpt>
<trkpt lat="52.2963147" lon="4.8412867"><ele>1.0</ele><time>2026-03-08T09:12:21Z</time><extensions><gpxtpx:TrackPointExtension><gpxtpx:hr>150</gpxtpx:hr><gpxtpx:cad>85</gpxtpx:cad></gpxtpx:TrackPointExtension></extensions></trkpt>
<trkpt lat="52.2963123" lon="4.8414029"><ele>1.0</ele><time>2026-03-08T09:12:24Z</time><extensions><gpxtpx:TrackPointExtension><gpxtpx:hr>151</gpxtpx:hr><gpxtpx:cad>85</gpxtpx:cad></gpxtpx:TrackPointExtension></extensions></trkpt>
<trkpt lat="52.2963172" lon="4.8415241"><ele>1.0</ele><time>2026-03-08T09:12:27Z</time><extensions><gpxtpx:TrackPointExtension><gpxtpx:hr>151</gpxtpx:hr><gpxtpx:cad>86</gpxtpx:cad></gpxtpx:TrackPointExtension></extensions></trkpt>
<trkpt lat="52.2963168" lon="4.8416775"><ele>1.0</ele><time>2026-03-08T09:12:30Z</time><extensions><gpxtpx:TrackPointExtension><gpxtpx:hr>151</gpxtpx:hr><gpxtpx:cad>85</gpxtpx:cad></gpxtpx:TrackPointExtension></extensions></trkpt>
<trkpt lat="52.2963283" lon="4.8417892"><ele>1.0</ele><time>2026-03-08T09:12:33Z</time><extensions><gpxtpx:TrackPointExtension><gpxtpx:hr>151</gpxtpx:hr><gpxtpx:cad>84</gpxtpx:cad></gpxtpx:TrackPointExtension></extensions></trkpt>
<trkpt lat="52.2963310" lon="4.8419342"><ele>1.0</ele><time>2026-03-08T09:12:36Z</time><extensions><gpxtpx:TrackPointExtension><gpxtpx:hr>151</gpxtpx:hr><gpxtpx:cad>84</gpxtpx:cad></gpxtpx:TrackPointExtension></extensions></trkpt>
<trkpt lat="52.2963388" lon="4.8420758"><ele>1.0</ele><time>2026-03-08T09:12:39Z</time><extensions><gpxtpx:TrackPointExtension><gpxtpx:hr>152</gpxtpx:hr><gpxtpx:cad>86</gpxtpx:cad></gpxtpx:TrackPointExtension></extensions></trkpt>
<trkpt lat="52.2963410" lon="4.8421973"><ele>1.0</ele><time>2026-03-08T09:12:42Z</time><extensions><gpxtpx:TrackPointExtension><gpxtpx:hr>152</gpxtpx:hr><gpxtpx:cad>85</gpxtpx:cad></gpxtpx:TrackPointExtension></extensions></trkpt>
<trkpt lat="52.2963559" lon="4.8423127"><ele>1.0</ele><time>2026-03-08T09:12:45Z</time><extensions><gpxtpx:TrackPointExtension><gpxtpx:hr>151</gpxtpx:hr><gpxtpx:cad>85</gpxtpx:cad></gpxtpx:TrackPointExtension></extensions></trkpt>
<trkpt lat="52.2963678" lon="4.8424321"><ele>1.0</ele><time>2026-03-08T09:12:48Z</time><extensions><gpxtpx:TrackPointExtension><gpxtpx:hr>151</gpxtpx:hr><gpxtpx:cad>84</gpxtpx:cad></gpxtpx:TrackPointExtension></extensions></trkpt>
<trkpt lat="52.2963724" lon="4.8425646"><ele>1.0</ele><time>2026-03-08T09:12:51Z</time><extensions><gpxtpx:TrackPointExtension><gpxtpx:hr>151</gpxtpx:hr><gpxtpx:cad>84</gpxtpx:cad></gpxtpx:TrackPointExtension></extensions></trkpt>
<trkpt lat="52.2963689" lon="4.8427066"><ele>1.0</ele><time>2026-03-08T09:12:54Z</time><extensions><gpxtpx:TrackPointExtension><gpxtpx:hr>151</gpxtpx:hr><gpxtpx:cad>86</gpxtpx:cad></gpxtpx:TrackPointExtension></extensions></trkpt>
<trkpt lat="52.2963869" lon="4.8428638"><ele>1.0</ele><time>2026-03-08T09:12:57Z</time><extensions><gpxtpx:TrackPointExtension><gpxtpx:hr>151</gpxtpx:hr><gpxtpx:cad>86</gpxtpx:cad></gpxtpx:TrackPointExtension></extensions></trkpt>
<trkpt lat="52.2964051" lon="4.8429591"><ele>1.0</ele><time>2026-03-08T09:13:00Z</time><extensions><gpxtpx:TrackPointExtension><gpxtpx:hr>152</gpxtpx:hr><gpxtpx:cad>84</gpxtpx:cad></gpxtpx:TrackPointExtension></extensions></trkpt>
<trkpt lat="52.2964271" lon="4.8430910"><ele>1.0</ele><time>2026-03-08T09:13:03Z</time><extensions><gpxtpx:TrackPointExtension><gpxtpx:hr>152</gpxtpx:hr><gpxtpx:cad>84</gpxtpx:cad></gpxtpx:TrackPointExtension></extensions></trkpt>
<trkpt lat="52.2964332" lon="4.8432087"><ele>1.0</ele><time>2026-03-08T09:13:06Z</time><extensions><gpxtpx:TrackPointExtension><gpxtpx:hr>153</gpxtpx:hr><gpxtpx:cad>85</gpxtpx:cad></gpxtpx:TrackPointExtension></extensions></trkpt>
<trkpt lat="52.2964499" lon="4.8433155"><ele>1.0</ele><time>2026-03-08T09:13:09Z</time><extensions><gpxtpx:TrackPointExtension><gpxtpx:hr>152</gpxtpx:hr><gpxtpx:cad>83</gpxtpx:cad></gpxtpx:TrackPointExtension></extensions></trkpt>
<trkpt lat="52.2964521" lon="4.8434540"><ele>1.0</ele><time>2026-03-08T09:13:12Z</time><extensions><gpxtpx:TrackPointExtension><gpxtpx:hr>153</gpxtpx:hr><gpxtpx:cad>85</gpxtpx:cad></gpxtpx:TrackPointExtension></extensions></trkpt>
<trkpt lat="52.2964647" lon="4.8436113"><ele>1.0</ele><time>2026-03-08T09:13:15Z</time><extensions><gpxtpx:TrackPointExtension><gpxtpx:hr>152</gpxtpx:hr><gpxtpx:cad>85</gpxtpx:cad></gpxtpx:TrackPointExtension></extensions></trkpt>
<trkpt lat="52.2964778" lon="4.8437189"><ele>1.0</ele><time>2026-03-08T09:13:18Z</time><extensions><gpxtpx:TrackPointExtension><gpxtpx:hr>152</gpxtpx:hr><gpxtpx:cad>84</gpxtpx:cad></gpxtpx:TrackPointExtension></extensions></trkpt>
<trkpt lat="52.2965054" lon="4.8438649"><ele>1.0</ele><time>2026-03-08T09:13:21Z</time><extensions><gpxtpx:TrackPointExtension><gpxtpx:hr>152</gpxtpx:hr><gpxtpx:cad>85</gpxtpx:cad></gpxtpx:TrackPointExtension></extensions></trkpt>
<trkpt lat="52.2965205" lon="4.8439740"><ele>1.0</ele><time>2026-03-08T09:13:24Z</time><extensions><gpxtpx:TrackPointExtension><gpxtpx:hr>153</gpxtpx:hr><gpxtpx:cad>84</gpxtpx:cad></gpxtpx:TrackPointExtension></extensions></trkpt>
<trkpt lat="52.2965277" lon="4.8441020"><ele>1.0</ele><time>2026-03-08T09:13:27Z</time><extensions><gpxtpx:TrackPointExtension><gpxtpx:hr>153</gpxtpx:hr><gpxtpx:cad>85</gpxtpx:cad></gpxtpx:TrackPointExtension></extensions></trkpt>
<trkpt lat="52.2965603" lon="4.8442392"><ele>1.0</ele><time>2026-03-08T09:13:30Z</time><extensions><gpxtpx:TrackPointExtension><gpxtpx:hr>151</gpxtpx:hr><gpxtpx:cad>84</gpxtpx:cad></gpxtpx:TrackPointExtension></extensions></trkpt>
<trkpt lat="52.2965740" lon="4.8443571"><ele>1.0</ele><time>2026-03-08T09:13:33Z</time><extensions><gpxtpx:TrackPointExtension><gpxtpx:hr>152</gpxtpx:hr><gpxtpx:cad>85</gpxtpx:cad></gpxtpx:TrackPointExtension></extensions></trkpt>
<trkpt lat="52.2965893" lon="4.8444727"><ele>1.0</ele><time>2026-03-08T09:13:36Z</time><extensions><gpxtpx:TrackPointExtension><gpxtpx:hr>151</gpxtpx:hr><gpxtpx:cad>85</gpxtpx:cad></gpxtpx:TrackPointExtension></extensions></trkpt>
<trkpt lat="52.2966202" lon="4.8446182"><ele>1.0</ele><time>2026-03-08T09:13:39Z</time><extensions><gpxtpx:TrackPointExtension><gpxtpx:hr>151</gpxtpx:hr><gpxtpx:cad>85</gpxtpx:cad></gpxtpx:TrackPointExtension></extensions></trkpt>
<trkpt lat="52.2966217" lon="4.8447347"><ele>1.1</ele><time>2026-03-08T09:13:42Z</time><extensions><gpxtpx:TrackPointExtension><gpxtpx:hr>150</gpxtpx:hr><gpxtpx:cad>85</gpxtpx:cad></gpxtpx:TrackPointExtension></extensions></trkpt>
<trkpt lat="52.2966524" lon="4.8448676"><ele>1.1</ele><time>2026-03-08T09:13:45Z</time><extensions><gpxtpx:TrackPointExtension><gpxtpx:hr>151</gpxtpx:hr><gpxtpx:cad>84</gpxtpx:cad></gpxtpx:TrackPointExtension></extensions></trkpt>
<trkpt lat="52.2966847" lon="4.8449893"><ele>1.1</ele><time>2026-03-08T09:13:48Z</time><extensions><gpxtpx:TrackPointExtension><gpxtpx:hr>151</gpxtpx:hr><gpxtpx:cad>86</gpxtpx:cad></gpxtpx:TrackPointExtension></extensions></trkpt>
<trkpt lat="52.2967120" lon="4.8450988"><ele>1.1</ele><time>2026-03-08T09:13:51Z</time><extensions><gpxtpx:TrackPointExtension><gpxtpx:hr>151</gpxtpx:hr><gpxtpx:cad>85</gpxtpx:cad></gpxtpx:TrackPointExtension></extensions></trkpt>
<trkpt lat="52.2967235" lon="4.8452358"><ele>1.1</ele><time>2026-03-08T09:13:54Z</time><extensions><gpxtpx:TrackPointExtension><gpxtpx:hr>152</gpxtpx:hr><gpxtpx:cad>84</gpxtpx:cad></gpxtpx:TrackPointExtension></extensions></trkpt>
<trkpt lat="52.2967387" lon="4.8453431"><ele>1.1</ele><time>2026-03-08T09:13:57Z</time><extensions><gpxtpx:TrackPointExtension><gpxtpx:hr>151</gpxtpx:hr><gpxtpx:cad>84</gpxtpx:cad></gpxtpx:TrackPointExtension></extensions></trkpt>
<trkpt lat="52.2967592" lon="4.8454814"><ele>1.1</ele><time>2026-03-08T09:14:00Z</time><extensions><gpxtpx:TrackPointExtension><gpxtpx:hr>152</gpxtpx:hr><gpxtpx:cad>84</gpxtpx:cad></gpxtpx:TrackPointExtension></extensions></trkpt>
<trkpt lat="52.2968100" lon="4.8455948"><ele>1.1</ele><time>2026-03-08T09:14:03Z</time><extensions><gpxtpx:TrackPointExtension><gpxtpx:hr>152</gpxtpx:hr><gpxtpx:cad>84</gpxtpx:cad></gpxtpx:TrackPointExtension></extensions></trkpt>
<trkpt lat="52.2968346" lon="4.8457282"><ele>1.1</ele><time>2026-03-08T09:14:06Z</time><extensions><gpxtpx:TrackPointExtension><gpxtpx:hr>152</gpxtpx:hr><gpxtpx:cad>85</gpxtpx:cad></gpxtpx:TrackPointExtension></extensions></trkpt>
<trkpt lat="52.2968640" lon="4.8458484"><ele>1.1</ele><time>2026-03-08T09:14:09Z</time><extensions><gpxtpx:TrackPointExtension><gpxtpx:hr>151</gpxtpx:hr><gpxtpx:cad>85</gpxtpx:cad></gpxtpx:TrackPointExtension></extensions></trkpt>
<trkpt lat="52.2968829" lon="4.8459793"><ele>1.1</ele><time>2026-03-08T09:14:12Z</time><extensions><gpxtpx:TrackPointExtension><gpxtpx:hr>151</gpxtpx:hr><gpxtpx:cad>85</gpxtpx:cad></gpxtpx:TrackPointExtension></extensions></trkpt>
<trkpt lat="52.2969101" lon="4.8460869"><ele>1.1</ele><time>2026-03-08T09:14:15Z</time><extensions><gpxtpx:TrackPointExtension><gpxtpx:hr>152</gpxtpx:hr><gpxtpx:cad>85</gpxtpx:cad></gpxtpx:TrackPointExtension></extensions></trkpt>
<trkpt lat="52.2969438" lon="4.8462158"><ele>1.1</ele><time>2026-03-08T09:14:18Z</time><extensions><gpxtpx:TrackPointExtension><gpxtpx:hr>151</gpxtpx:hr><gpxtpx:cad>85</gpxtpx:cad></gpxtpx:TrackPointExtension></extensions></trkpt>
<trkpt lat="52.2969618" lon="4.8463382"><ele>1.1</ele><time>2026-03-08T09:14:21Z</time><extensions><gpxtpx:TrackPointExtension><gpxtpx:hr>152</gpxtpx:hr><gpxtpx:cad>85</gpxtpx:cad></gpxtpx:TrackPointExtension></extensions></trkpt>
<trkpt lat="52.2970048" lon="4.8464445"><ele>1.1</ele><time>2026-03-08T09:14:24Z</time><extensions><gpxtpx:TrackPointExtension><gpxtpx:hr>152</gpxtpx:hr><gpxtpx:cad>83</gpxtpx:cad></gpxtpx:TrackPointExtension></extensions></trkpt>
<trkpt lat="52.2970320" lon="4.8465555"><ele>1.1</ele><time>2026-03-08T09:14:27Z</time><extensions><gpxtpx:TrackPointExtension><gpxtpx:hr>153</gpxtpx:hr><gpxtpx:cad>83</gpxtpx:cad></gpxtpx:TrackPointExtension></extensions></trkpt>
<trkpt lat="52.2970779" lon="4.8466827"><ele>1.1</ele><time>2026-03-08T09:14:30Z</time><extensions><gpxtpx:TrackPointExtension><gpxtpx:hr>153</gpxtpx:hr><gpxtpx:cad>84</gpxtpx:cad></gpxtpx:TrackPointExtension></extensions></trkpt>
<trkpt lat="52.2971021" lon="4.8468210"><ele>1.2</ele><time>2026-03-08T09:14:33Z</time><extensions><gpxtpx:TrackPointExtension><gpxtpx:hr>154</gpxtpx:hr><gpxtpx:cad>84</gpxtpx:cad></gpxtpx:TrackPointExtension></extensions></trkpt>
<trkpt lat="52.2971272" lon="4.8469200"><ele>1.2</ele><time>2026-03-08T09:14:36Z</time><extensions><gpxtpx:TrackPointExtension><gpxtpx:hr>153</gpxtpx:hr><gpxtpx:cad>84</gpxtpx:cad></gpxtpx:TrackPointExtension></extensions></trkpt>
<trkpt lat="52.2971738" lon="4.8470282"><ele>1.2</ele><time>2026-03-08T09:14:39Z</time><extensions><gpxtpx:TrackPointExtension><gpxtpx:hr>153</gpxtpx:hr><gpxtpx:cad>86</gpxtpx:cad></gpxtpx:TrackPointExtension></extensions></trkpt>
<trkpt lat="52.2972106" lon="4.8471645"><ele>1.2</ele><time>2026-03-08T09:14:42Z</time><extensions><gpxtpx:TrackPointExtension><gpxtpx:hr>153</gpxtpx:hr><gpxtpx:cad>85</gpxtpx:cad></gpxtpx:TrackPointExtension></extensions></trkpt>
<trkpt lat="52.2972511" lon="4.8472992"><ele>1.2</ele><time>2026-03-08T09:14:45Z</time><extensions><gpxtpx:TrackPointExtension><gpxtpx:hr>153</gpxtpx:hr><gpxtpx:cad>85</gpxtpx:cad></gpxtpx:TrackPointExtension></extensions></trkpt>
<trkpt lat="52.2972866" lon="4.8473999"><ele>1.2</ele><time>2026-03-08T09:14:48Z</time><extensions><gpxtpx:TrackPointExtension><gpxtpx:hr>153</gpxtpx:hr><gpxtpx:cad>85</gpxtpx:cad></gpxtpx:TrackPointExtension></extensions></trkpt>
<trkpt lat="52.2973138" lon="4.8475087"><ele>1.2</ele><time>2026-03-08T09:14:51Z</time><extensions><gpxtpx:TrackPointExtension><gpxtpx:hr>153</gpxtpx:hr><gpxtpx:cad>84</gpxtpx:cad></gpxtpx:TrackPointExtension></extensions></trkpt>
<trkpt lat="52.2973401" lon="4.8476431"><ele>1.2</ele><time>2026-03-08T09:14:54Z</time><extensions><gpxtpx:TrackPointExtension><gpxtpx:hr>153</gpxtpx:hr><gpxtpx:cad>85</gpxtpx:cad></gpxtpx:TrackPointExtension></extensions></trkpt>
<trkpt lat="52.2973805" lon="4.8477484"><ele>1.2</ele><time>2026-03-08T09:14:57Z</time><extensions><gpxtpx:TrackPointExtension><gpxtpx:hr>153</gpxtpx:hr><gpxtpx:cad>85</gpxtpx:cad></gpxtpx:TrackPointExtension></extensions></trkpt>
<trkpt lat="52.2974360" lon="4.8478442"><ele>1.2</ele><time>2026-03-08T09:15:00Z</time><extensions><gpxtpx:TrackPointExtension><gpxtpx:hr>152</gpxtpx:hr><gpxtpx:cad>85</gpxtpx:cad></gpxtpx:TrackPointExtension></extensions></trkpt>
<trkpt lat="52.2974679" lon="4.8479523"><ele>1.2</ele><time>2026-03-08T09:15:03Z</time><extensions><gpxtpx:TrackPointExtension><gpxtpx:hr>152</gpxtpx:hr><gpxtpx:cad>85</gpxtpx:cad></gpxtpx:TrackPointExtension></extensions></trkpt>
<trkpt lat="52.2975111" lon="4.8480620"><ele>1.2</ele><time>2026-03-08T09:15:06Z</time><extensions><gpxtpx:TrackPointExtension><gpxtpx:hr>154</gpxtpx:hr><gpxtpx:cad>85</gpxtpx:cad></gpxtpx:TrackPointExtension></extensions></trkpt>
<trkpt lat="52.2975345" lon="4.8481731"><ele>1.2</ele><time>2026-03-08T09:15:09Z</time><extensions><gpxtpx:TrackPointExtension><gpxtpx:hr>154</gpxtpx:hr><gpxtpx:cad>84</gpxtpx:cad></gpxtpx:TrackPointExtension></extensions></trkpt>
<trkpt lat="52.2975809" lon="4.8482867"><ele>1.2</ele><time>2026-03-08T09:15:12Z</time><extensions><gpxtpx:TrackPointExtension><gpxtpx:hr>154</gpxtpx:hr><gpxtpx:cad>84</gpxtpx:cad></gpxtpx:TrackPointExtension></extensions></trkpt>
<trkpt lat="52.2976232" lon="4.8484232"><ele>1.2</ele><time>2026-03-08T09:15:15Z</time><extensions><gpxtpx:TrackPointExtension><gpxtpx:hr>154</gpxtpx:hr><gpxtpx:cad>86</gpxtpx:cad></gpxtpx:TrackPointExtension></extensions></trkpt>
<trkpt lat="52.2976720" lon="4.8485385"><ele>1.2</ele><time>2026-03-08T09:15:18Z</time><extensions><gpxtpx:TrackPointExtension><gpxtpx:hr>154</gpxtpx:hr><gpxtpx:cad>84</gpxtpx:cad></gpxtpx:TrackPointExtension></extensions></trkpt>
<trkpt lat="52.2977075" lon="4.8486408"><ele>1.2</ele><time>2026-03-08T09:15:21Z</time><extensions><gpxtpx:TrackPointExtension><gpxtpx:hr>154</gpxtpx:hr><gpxtpx:cad>84</gpxtpx:cad></gpxtpx:TrackPointExtension></extensions></trkpt>
<trkpt lat="52.2977582" lon="4.8487322"><ele>1.2</ele><time>2026-03-08T09:15:24Z</time><extensions><gpxtpx:TrackPointExtension><gpxtpx:hr>154</gpxtpx:hr><gpxtpx:cad>84</gpxtpx:cad></gpxtpx:TrackPointExtension></extensions></trkpt>
<trkpt lat="52.2977904" lon="4.8488714"><ele>1.3</ele><time>2026-03-08T09:15:27Z</time><extensions><gpxtpx:TrackPointExtension><gpxtpx:hr>154</gpxtpx:hr><gpxtpx:cad>85</gpxtpx:cad></gpxtpx:TrackPointExtension></extensions></trkpt>
<trkpt lat="52.2978487" lon="4.8489652"><ele>1.3</ele><time>2026-03-08T09:15:30Z</time><extensions><gpxtpx:TrackPointExtension><gpxtpx:hr>154</gpxtpx:hr><gpxtpx:cad>84</gpxtpx:cad></gpxtpx:TrackPointExtension></extensions></trkpt>
<trkpt lat="52.2978938" lon="4.8490739"><ele>1.3</ele><time>2026-03-08T09:15:33Z</time><extensions><gpxtpx:TrackPointExtension><gpxtpx:hr>154</gpxtpx:hr><gpxtpx:cad>85</gpxtpx:cad></gpxtpx:TrackPointExtension></extensions></trkpt>
<trkpt lat="52.2979447" lon="4.8491952"><ele>1.3</ele><time>2026-03-08T09:15:36Z</time><extensions><gpxtpx:TrackPointExtension><gpxtpx:hr>153</gpxtpx:hr><gpxtpx:cad>86</gpxtpx:cad></gpxtpx:TrackPointExtension></extensions></trkpt>
<trkpt lat="52.2979912" lon="4.8492828"><ele>1.3</ele><time>2026-03-08T09:15:39Z</time><extensions><gpxtpx:TrackPointExtension><gpxtpx:hr>153</gpxtpx:hr><gpxtpx:cad>86</gpxtpx:cad></gpxtpx:TrackPointExtension></extensions></trkpt>
<trkpt lat="52.2980239" lon="4.8493660"><ele>1.3</ele><time>2026-03-08T09:15:42Z</time><extensions><gpxtpx:TrackPointExtension><gpxtpx:hr>153</gpxtpx:hr><gpxtpx:cad>86</gpxtpx:cad></gpxtpx:TrackPointExtension></extensions></trkpt>
<trkpt lat="52.2980868" lon="4.8494825"><ele>1.3</ele><time>2026-03-08T09:15:45Z</time><extensions><gpxtpx:TrackPointExtension><gpxtpx:hr>153</gpxtpx:hr><gpxtpx:cad>84</gpxtpx:cad></gpxtpx:TrackPointExtension></extensions></trkpt>
<trkpt lat="52.2981227" lon="4.8495955"><ele>1.3</ele><time>2026-03-08T09:15:48Z</time><extensions><gpxtpx:TrackPointExtension><gpxtpx:hr>153</gpxtpx:hr><gpxtpx:cad>85</gpxtpx:cad></gpxtpx:TrackPointExtension></extensions></trkpt>
<trkpt lat="52.2981885" lon="4.8496904"><ele>1.3</ele><time>2026-03-08T09:15:51Z</time><extensions><gpxtpx:TrackPointExtension><gpxtpx:hr>152</gpxtpx:hr><gpxtpx:cad>83</gpxtpx:cad></gpxtpx:TrackPointExtension></extensions></trkpt>
<trkpt lat="52.2982225" lon="4.8498210"><ele>1.3</ele><time>2026-03-08T09:15:54Z</time><extensions><gpxtpx:TrackPointExtension><gpxtpx:hr>151</gpxtpx:hr><gpxtpx:cad>85</gpxtpx:cad></gpxtpx:TrackPointExtension></extensions></trkpt>
<trkpt lat="52.2982662" lon="4.8498893"><ele>1.3</ele><time>2026-03-08T09:15:57Z</time><extensions><gpxtpx:TrackPointExtension><gpxtpx:hr>152</gpxtpx:hr><gpxtpx:cad>85</gpxtpx:cad></gpxtpx:TrackPointExtension></extensions></trkpt>
<trkpt lat="52.2983183" lon="4.8499899"><ele>1.3</ele><time>2026-03-08T09:16:00Z</time><extensions><gpxtpx:TrackPointExtension><gpxtpx:hr>151</gpxtpx:hr><gpxtpx:cad>85</gpxtpx:cad></gpxtpx:TrackPointExtension></extensions></trkpt>
<trkpt lat="52.2983669" lon="4.8501253"><ele>1.3</ele><time>2026-03-08T09:16:03Z</time><extensions><gpxtpx:TrackPointExtension><gpxtpx:hr>152</gpxtpx:hr><gpxtpx:cad>85</gpxtpx:cad></gpxtpx:TrackPointExtension></extensions></trkpt>
<trkpt lat="52.2984109" lon="4.8501896"><ele>1.3</ele><time>2026-03-08T09:16:06Z</time><extensions><gpxtpx:TrackPointExtension><gpxtpx:hr>152</gpxtpx:hr><gpxtpx:cad>84</gpxtpx:cad></gpxtpx:TrackPointExtension></extensions></trkpt>
<trkpt lat="52.2984673" lon="4.8503065"><ele>1.3</ele><time>2026-03-08T09:16:09Z</time><extensions><gpxtpx:TrackPointExtension><gpxtpx:hr>153</gpxtpx:hr><gpxtpx:cad>84</gpxtpx:cad></gpxtpx:TrackPointExtension></extensions></trkpt>
<trkpt lat="52.2985200" lon="4.8503748"><ele>1.3</ele><time>2026-03-08T09:16:12Z</time><extensions><gpxtpx:TrackPointExtension><gpxtpx:hr>152</gpxtpx:hr><gpxtpx:cad>86</gpxtpx:cad></gpxtpx:TrackPointExtension></extensions></trkpt>
<trkpt lat="52.2985893" lon="4.8504877"><ele>1.3</ele><time>2026-03-08T09:16:15Z</time><extensions><gpxtpx:TrackPointExtension><gpxtpx:hr>152</gpxtpx:hr><gpxtpx:cad>85</gpxtpx:cad></gpxtpx:TrackPointExtension></extensions></trkpt>
<trkpt lat="52.2986435" lon="4.8505723"><ele>1.3</ele><time>2026-03-08T09:16:18Z</time><extensions><gpxtpx:TrackPointExtension><gpxtpx:hr>152</gpxtpx:hr><gpxtpx:cad>85</gpxtpx:cad></gpxtpx:TrackPointExtension></extensions></trkpt>
<trkpt lat="52.2986802" lon="4.8506724"><ele>1.3</ele><time>2026-03-08T09:16:21Z</time><extensions><gpxtpx:TrackPointExtension><gpxtpx:hr>152</gpxtpx:hr><gpxtpx:cad>85</gpxtpx:cad></gpxtpx:TrackPointExtension></extensions></trkpt>
<trkpt lat="52.2987404" lon="4.8507706"><ele>1.3</ele><time>2026-03-08T09:16:24Z</time><extensions><gpxtpx:TrackPointExtension><gpxtpx:hr>152</gpxtpx:hr><gpxtpx:cad>85</gpxtpx:cad></gpxtpx:TrackPointExtension></extensions></trkpt>
<trkpt lat="52.2987825" lon="4.8508519"><ele>1.3</ele><time>2026-03-08T09:16:27Z</time><extensions><gpxtpx:TrackPointExtension><gpxtpx:hr>152</gpxtpx:hr><gpxtpx:cad>86</gpxtpx:cad></gpxtpx:TrackPointExtension></extensions></trkpt>
<trkpt lat="52.2988490" lon="4.8509817"><ele>1.3</ele><time>2026-03-08T09:16:30Z</time><extensions><gpxtpx:TrackPointExtension><gpxtpx:hr>153</gpxtpx:hr><gpxtpx:cad>83</gpxtpx:cad></gpxtpx:TrackPointExtension></extensions></trkpt>
<trkpt lat="52.2989085" lon="4.8510462"><ele>1.3</ele><time>2026-03-08T09:16:33Z</time><extensions><gpxtpx:TrackPointExtension><gpxtpx:hr>153</gpxtpx:hr><gpxtpx:cad>85</gpxtpx:cad></gpxtpx:TrackPointExtension></extensions></trkpt>
<trkpt lat="52.2989691" lon="4.8511363"><ele>1.3</ele><time>2026-03-08T09:16:36Z</time><extensions><gpxtpx:TrackPointExtension><gpxtpx:hr>154</gpxtpx:hr><gpxtpx:cad>85</gpxtpx:cad></gpxtpx:TrackPointExtension></extensions></trkpt>
<trkpt lat="52.2990250" lon="4.8512364"><ele>1.3</ele><time>2026-03-08T09:16:39Z</time><extensions><gpxtpx:TrackPointExtension><gpxtpx:hr>153</gpxtpx:hr><gpxtpx:cad>84</gpxtpx:cad></gpxtpx:TrackPointExtension></extensions></trkpt>
<trkpt lat="52.2990614" lon="4.8513203"><ele>1.3</ele><time>2026-03-08T09:16:42Z</time><extensions><gpxtpx:TrackPointExtension><gpxtpx:hr>152</gpxtpx:hr><gpxtpx:cad>86</gpxtpx:cad></gpxtpx:TrackPointExtension></extensions></trkpt>
<trkpt lat="52.2991365" lon="4.8513913"><ele>1.3</ele><time>2026-03-08T09:16:45Z</time><extensions><gpxtpx:TrackPointExtension><gpxtpx:hr>153</gpxtpx:hr><gpxtpx:cad>85</gpxtpx:cad></gpxtpx:TrackPointExtension></extensions></trkpt>
<trkpt lat="52.2991841" lon="4.8514922"><ele>1.3</ele><time>2026-03-08T09:16:48Z</time><extensions><gpxtpx:TrackPointExtension><gpxtpx:hr>152</gpxtpx:hr><gpxtpx:cad>85</gpxtpx:cad></gpxtpx:TrackPointExtension></extensions></trkpt>
<trkpt lat="52.2992475" lon="4.8515769"><ele>1.3</ele><time>2026-03-08T09:16:51Z</time><extensions><gpxtpx:TrackPointExtension><gpxtpx:hr>153</gpxtpx:hr><gpxtpx:cad>85</gpxtpx:cad></gpxtpx:TrackPointExtension></extensions></trkpt>
<trkpt lat="52.2992995" lon="4.8516877"><ele>1.3</ele><time>2026-03-08T09:16:54Z</time><extensions><gpxtpx:TrackPointExtension><gpxtpx:hr>153</gpxtpx:hr><gpxtpx:cad>86</gpxtpx:cad></gpxtpx:TrackPointExtension></extensions></trkpt>
<trkpt lat="52.2993643" lon="4.8517792"><ele>1.3</ele><time>2026-03-08T09:16:57Z</time><extensions><gpxtpx:TrackPointExtension><gpxtpx:hr>152</gpxtpx:hr><gpxtpx:cad>86</gpxtpx:cad></gpxtpx:TrackPointExtension></extensions></trkpt>
<trkpt lat="52.2994108" lon="4.8518612"><ele>1.3</ele><time>2026-03-08T09:17:00Z</time><extensions><gpxtpx:TrackPointExtension><gpxtpx:hr>152</gpxtpx:hr><gpxtpx:cad>86</gpxtpx:cad></gpxtpx:TrackPointExtension></extensions></trkpt>
<trkpt lat="52.2994969" lon="4.8519264"><ele>1.3</ele><time>2026-03-08T09:17:03Z</time><extensions><gpxtpx:TrackPointExtension><gpxtpx:hr>152</gpxtpx:hr><gpxtpx:cad>86</gpxtpx:cad></gpxtpx:TrackPointExtension></extensions></trkpt>
<trkpt lat="52.2995397" lon="4.8520182"><ele>1.3</ele><time>2026-03-08T09:17:06Z</time><extensions><gpxtpx:TrackPointExtension><gpxtpx:hr>151</gpxtpx:hr><gpxtpx:cad>85</gpxtpx:cad></gpxtpx:TrackPointExtension></extensions></trkpt>
<trkpt lat="52.2996197" lon="4.8521311"><ele>1.3</ele><time>2026-03-08T09:17:09Z</time><extensions><gpxtpx:TrackPointExtension><gpxtpx:hr>151</gpxtpx:hr><gpxtpx:cad>85</gpxtpx:cad></gpxtpx:TrackPointExtension></extensions></trkpt>
<trkpt lat="52.2996832" lon="4.8522099"><ele>1.3</ele><time>2026-03-08T09:17:12Z</time><extensions><gpxtpx:TrackPointExtension><gpxtpx:hr>151</gpxtpx:hr><gpxtpx:cad>86</gpxtpx:cad></gpxtpx:TrackPointExtension></extensions></trkpt>
<trkpt lat="52.2997427" lon="4.8522732"><ele>1.3</ele><time>2026-03-08T09:17:15Z</time><extensions><gpxtpx:TrackPointExtension><gpxtpx:hr>152</gpxtpx:hr><gpxtpx:cad>86</gpxtpx:cad></gpxtpx:TrackPointExtension></extensions></trkpt>
<trkpt lat="52.2997932" lon="4.8523571"><ele>1.3</ele><time>2026-03-08T09:17:18Z</time><extensions><gpxtpx:TrackPointExtension><gpxtpx:hr>153</gpxtpx:hr><gpxtpx:cad>86</gpxtpx:cad></gpxtpx:TrackPointExtension></extensions></trkpt>
<trkpt lat="52.2998668" lon="4.8524455"><ele>1.3</ele><time>2026-03-08T09:17:21Z</time><extensions><gpxtpx:TrackPointExtension><gpxtpx:hr>152</gpxtpx:hr><gpxtpx:cad>86</gpxtpx:cad></gpxtpx:TrackPointExtension></extensions></trkpt>
<trkpt lat="52.2999322" lon="4.8525349"><ele>1.3</ele><time>2026-03-08T09:17:24Z</time><extensions><gpxtpx:TrackPointExtension><gpxtpx:hr>152</gpxtpx:hr><gpxtpx:cad>85</gpxtpx:cad></gpxtpx:TrackPointExtension></extensions></trkpt>
<trkpt lat="52.3000038" lon="4.8526267"><ele>1.3</ele><time>2026-03-08T09:17:27Z</time><extensions><gpxtpx:TrackPointExtension><gpxtpx:hr>152</gpxtpx:hr><gpxtpx:cad>84</gpxtpx:cad></gpxtpx:TrackPointExtension></extensions></trkpt>
<trkpt lat="52.3000484" lon="4.8526934"><ele>1.3</ele><time>2026-03-08T09:17:30Z</time><extensions><gpxtpx:TrackPointExtension><gpxtpx:hr>153</gpxtpx:hr><gpxtpx:cad>83</gpxtpx:cad></gpxtpx:TrackPointExtension></extensions></trkpt>
<trkpt lat="52.3001285" lon="4.8527731"><ele>1.3</ele><time>2026-03-08T09:17:33Z</time><extensions><gpxtpx:TrackPointExtension><gpxtpx:hr>153</gpxtpx:hr><gpxtpx:cad>86</gpxtpx:cad></gpxtpx:TrackPointExtension></extensions></trkpt>
<trkpt lat="52.3001831" lon="4.8528262"><ele>1.3</ele><time>2026-03-08T09:17:36Z</time><extensions><gpxtpx:TrackPointExtension><gpxtpx:hr>154</gpxtpx:hr><gpxtpx:cad>85</gpxtpx:cad></gpxtpx:TrackPointExtension></extensions></trkpt>
<trkpt lat="52.3002576" lon="4.8528987"><ele>1.3</ele><time>2026-03-08T09:17:39Z</time><extensions><gpxtpx:TrackPointExtension><gpxtpx:hr>154</gpxtpx:hr><gpxtpx:cad>85</gpxtpx:cad></gpxtpx:TrackPointExtension></extensions></trkpt>
<trkpt lat="52.3003149" lon="4.8529764"><ele>1.2</ele><time>2026-03-08T09:17:42Z</time><extensions><gpxtpx:TrackPointExtension><gpxtpx:hr>154</gpxtpx:hr><gpxtpx:cad>85</gpxtpx:cad></gpxtpx:TrackPointExtension></extensions></trkpt>
<trkpt lat="52.3003722" lon="4.8530701"><ele>1.2</ele><time>2026-03-08T09:17:45Z</time><extensions><gpxtpx:TrackPointExtension><gpxtpx:hr>154</gpxtpx:hr><gpxtpx:cad>85</gpxtpx:cad></gpxtpx:TrackPointExtension></extensions></trkpt>
<trkpt lat="52.3004497" lon="4.8531486"><ele>1.2</ele><time>2026-03-08T09:17:48Z</time><extensions><gpxtpx:TrackPointExtension><gpxtpx:hr>153</gpxtpx:hr><gpxtpx:cad>84</gpxtpx:cad></gpxtpx:TrackPointExtension></extensions></trkpt>
<trkpt lat="52.3005124" lon="4.8532149"><ele>1.2</ele><time>2026-03-08T09:17:51Z</time><extensions><gpxtpx:TrackPointExtension><gpxtpx:hr>153</gpxtpx:hr><gpxtpx:cad>85</gpxtpx:cad></gpxtpx:TrackPointExtension></extensions></trkpt>
<trkpt lat="52.3005824" lon="4.8532610"><ele>1.2</ele><time>2026-03-08T09:17:54Z</time><extensions><gpxtpx:TrackPointExtension><gpxtpx:hr>152</gpxtpx:hr><gpxtpx:cad>85</gpxtpx:cad></gpxtpx:TrackPointExtension></extensions></trkpt>
<trkpt lat="52.3006486" lon="4.8533537"><ele>1.2</ele><time>2026-03-08T09:17:57Z</time><extensions><gpxtpx:TrackPointExtension><gpxtpx:hr>152</gpxtpx:hr><gpxtpx:cad>85</gpxtpx:cad></gpxtpx:TrackPointExtension></extensions></trkpt>
<trkpt lat="52.3007366" lon="4.8534006"><ele>1.2</ele><time>2026-03-08T09:18:00Z</time><extensions><gpxtpx:TrackPointExtension><gpxtpx:hr>152</gpxtpx:hr><gpxtpx:cad>87</gpxtpx:cad></gpxtpx:TrackPointExtension></extensions></trkpt>
<trkpt lat="52.3007928" lon="4.8534812"><ele>1.2</ele><time>2026-03-08T09:18:03Z</time><extensions><gpxtpx:TrackPointExtension><gpxtpx:hr>152</gpxtpx:hr><gpxtpx:cad>84</gpxtpx:cad></gpxtpx:TrackPointExtension></extensions></trkpt>
<trkpt lat="52.3008520" lon="4.8535565"><ele>1.2</ele><time>2026-03-08T09:18:06Z</time><extensions><gpxtpx:TrackPointExtension><gpxtpx:hr>152</gpxtpx:hr><gpxtpx:cad>85</gpxtpx:cad></gpxtpx:TrackPointExtension></extensions></trkpt>
<trkpt lat="52.3009225" lon="4.8536299"><ele>1.2</ele><time>2026-03-08T09:18:09Z</time><extensions><gpxtpx:TrackPointExtension><gpxtpx:hr>153</gpxtpx:hr><gpxtpx:cad>86</gpxtpx:cad></gpxtpx:TrackPointExtension></extensions></trkpt>
<trkpt lat="52.3009983" lon="4.8536991"><ele>1.2</ele><time>2026-03-08T09:18:12Z</time><extensions><gpxtpx:TrackPointExtension><gpxtpx:hr>152</gpxtpx:hr><gpxtpx:cad>83</gpxtpx:cad></gpxtpx:TrackPointExtension></extensions></trkpt>
<trkpt lat="52.3010683" lon="4.8537810"><ele>1.2</ele><time>2026-03-08T09:18:15Z</time><extensions><gpxtpx:TrackPointExtension><gpxtpx:hr>152</gpxtpx:hr><gpxtpx:cad>85</gpxtpx:cad></gpxtpx:TrackPointExtension></extensions></trkpt>
<trkpt lat="52.3011444" lon="4.8538351"><ele>1.1</ele><time>2026-03-08T09:18:18Z</time><extensions><gpxtpx:TrackPointExtension><gpxtpx:hr>153</gpxtpx:hr><gpxtpx:cad>85</gpxtpx:cad></gpxtpx:TrackPointExtension></extensions></trkpt>
<trkpt lat="52.3012018" lon="4.8538720"><ele>1.1</ele><time>2026-03-08T09:18:21Z</time><extensions><gpxtpx:TrackPointExtension><gpxtpx:hr>152</gpxtpx:hr><gpxtpx:cad>85</gpxtpx:cad></gpxtpx:TrackPointExtension></extensions></trkpt>
<trkpt lat="52.3012744" lon="4.8539506"><ele>1.1</ele><time>2026-03-08T09:18:24Z</time><extensions><gpxtpx:TrackPointExtension><gpxtpx:hr>153</gpxtpx:hr><gpxtpx:cad>84</gpxtpx:cad></gpxtpx:TrackPointExtension></extensions></trkpt>
<trkpt lat="52.3013585" lon="4.8540221"><ele>1.1</ele><time>2026-03-08T09:18:27Z</time><extensions><gpxtpx:TrackPointExtension><gpxtpx:hr>154</gpxtpx:hr><gpxtpx:cad>86</gpxtpx:cad></gpxtpx:TrackPointExtension></extensions></trkpt>
<trkpt lat="52.3014088" lon="4.8541096"><ele>1.1</ele><time>2026-03-08T09:18:30Z</time><extensions><gpxtpx:TrackPointExtension><gpxtpx:hr>154</gpxtpx:hr><gpxtpx:cad>86</gpxtpx:cad></gpxtpx:TrackPointExtension></extensions></trkpt>
<trkpt lat="52.3014874" lon="4.8541560"><ele>1.1</ele><time>2026-03-08T09:18:33Z</time><extensions><gpxtpx:TrackPointExtension><gpxtpx:hr>153</gpxtpx:hr><gpxtpx:cad>86</gpxtpx:cad></gpxtpx:TrackPointExtension></extensions></trkpt>
<trkpt lat="52.3015371" lon="4.8542345"><ele>1.1</ele><time>2026-03-08T09:18:36Z</time><extensions><gpxtpx:TrackPointExtension><gpxtpx:hr>153</gpxtpx:hr><gpxtpx:cad>85</gpxtpx:cad></gpxtpx:TrackPointExtension></extensions></trkpt>
<trkpt lat="52.3016239" lon="4.8542765"><ele>1.1</ele><time>2026-03-08T09:18:39Z</time><extensions><gpxtpx:TrackPointExtension><gpxtpx:hr>154</gpxtpx:hr><gpxtpx:cad>85</gpxtpx:cad></gpxtpx:TrackPointExtension></extensions></trkpt>
<trkpt lat="52.3017105" lon="4.8543396"><ele>1.0</ele><time>2026-03-08T09:18:42Z</time><extensions><gpxtpx:TrackPointExtension><gpxtpx:hr>154</gpxtpx:hr><gpxtpx:cad>84</gpxtpx:cad></gpxtpx:TrackPointExtension></extensions></trkpt>
<trkpt lat="52.3017781" lon="4.8544026"><ele>1.0</ele><time>2026-03-08T09:18:45Z</time><extensions><gpxtpx:TrackPointExtension><gpxtpx:hr>153</gpxtpx:hr><gpxtpx:cad>86</gpxtpx:cad></gpxtpx:TrackPointExtension></extensions></trkpt>
<trkpt lat="52.3018443" lon="4.8544697"><ele>1.0</ele><time>2026-03-08T09:18:48Z</time><extensions><gpxtpx:TrackPointExtension><gpxtpx:hr>153</gpxtpx:hr><gpxtpx:cad>85</gpxtpx:cad></gpxtpx:TrackPointExtension></extensions></trkpt>
<trkpt lat="52.3019284" lon="4.8545089"><ele>1.0</ele><time>2026-03-08T09:18:51Z</time><extensions><gpxtpx:TrackPointExtension><gpxtpx:hr>154</gpxtpx:hr><gpxtpx:cad>85</gpxtpx:cad></gpxtpx:TrackPointExtension></extensions></trkpt>
<trkpt lat="52.3020035" lon="4.8545698"><ele>1.0</ele><time>2026-03-08T09:18:54Z</time><extensions><gpxtpx:TrackPointExtension><gpxtpx:hr>154</gpxtpx:hr><gpxtpx:cad>85</gpxtpx:cad></gpxtpx:TrackPointExtension></extensions></trkpt>
<trkpt lat="52.3020747" lon="4.8546092"><ele>1.0</ele><time>2026-03-08T09:18:57Z</time><extensions><gpxtpx:TrackPointExtension><gpxtpx:hr>154</gpxtpx:hr><gpxtpx:cad>84</gpxtpx:cad></gpxtpx:TrackPointExtension></extensions></trkpt>
<trkpt lat="52.3021223" lon="4.8546774"><ele>1.0</ele><time>2026-03-08T09:19:00Z</time><extensions><gpxtpx:TrackPointExtension><gpxtpx:hr>154</gpxtpx:hr><gpxtpx:cad>85</gpxtpx:cad></gpxtpx:TrackPointExtension></extensions></trkpt>
<trkpt lat="52.3022223" lon="4.8547384"><ele>1.0</ele><time>2026-03-08T09:19:03Z</time><extensions><gpxtpx:TrackPointExtension><gpxtpx:hr>154</gpxtpx:hr><gpxtpx:cad>85</gpxtpx:cad></gpxtpx:TrackPointExtension></extensions></trkpt>
<trkpt lat="52.3022926" lon="4.8547885"><ele>0.9</ele><time>2026-03-08T09:19:06Z</time><extensions><gpxtpx:TrackPointExtension><gpxtpx:hr>154</gpxtpx:hr><gpxtpx:cad>85</gpxtpx:cad></gpxtpx:TrackPointExtension></extensions></trkpt>
<trkpt lat="52.3023463" lon="4.8548548"><ele>0.9</ele><time>2026-03-08T09:19:09Z</time><extensions><gpxtpx:TrackPointExtension><gpxtpx:hr>154</gpxtpx:hr><gpxtpx:cad>87</gpxtpx:cad></gpxtpx:TrackPointExtension></extensions></trkpt>
<trkpt lat="52.3024277" lon="4.8549247"><ele>0.9</ele><time>2026-03-08T09:19:12Z</time><extensions><gpxtpx:TrackPointExtension><gpxtpx:hr>153</gpxtpx:hr><gpxtpx:cad>85</gpxtpx:cad></gpxtpx:TrackPointExtension></extensions></trkpt>
<trkpt lat="52.3025116" lon="4.8549569"><ele>0.9</ele><time>2026-03-08T09:19:15Z</time><extensions><gpxtpx:TrackPointExtension><gpxtpx:hr>151</gpxtpx:hr><gpxtpx:cad>84</gpxtpx:cad></gpxtpx:TrackPointExtension></extensions></trkpt>
<trkpt lat="52.3025934" lon="4.8550183"><ele>0.9</ele><time>2026-03-08T09:19:18Z</time><extensions><gpxtpx:TrackPointExtension><gpxtpx:hr>152</gpxtpx:hr><gpxtpx:cad>85</gpxtpx:cad></gpxtpx:TrackPointExtension></extensions></trkpt>
<trkpt lat="52.3026585" lon="4.8550746"><ele>0.9</ele><time>2026-03-08T09:19:21Z</time><extensions><gpxtpx:TrackPointExtension><gpxtpx:hr>152</gpxtpx:hr><gpxtpx:cad>84</gpxtpx:cad></gpxtpx:TrackPointExtension></extensions></trkpt>
<trkpt lat="52.3027265" lon="4.8551144"><ele>0.8</ele><time>2026-03-08T09:19:24Z</time><extensions><gpxtpx:TrackPointExtension><gpxtpx:hr>154</gpxtpx:hr><gpxtpx:cad>85</gpxtpx:cad></gpxtpx:TrackPointExtension></extensions></trkpt>
<trkpt lat="52.3027996" lon="4.8551611"><ele>0.8</ele><time>2026-03-08T09:19:27Z</time><extensions><gpxtpx:TrackPointExtension><gpxtpx:hr>154</gpxtpx:hr><gpxtpx:cad>85</gpxtpx:cad></gpxtpx:TrackPointExtension></extensions></trkpt>
<trkpt lat="52.3028627" lon="4.8552314"><ele>0.8</ele><time>2026-03-08T09:19:30Z</time><extensions><gpxtpx:TrackPointExtension><gpxtpx:hr>153</gpxtpx:hr><gpxtpx:cad>86</gpxtpx:cad></gpxtpx:TrackPointExtension></extensions></trkpt>
<trkpt lat="52.3029572" lon="4.8552898"><ele>0.8</ele><time>2026-03-08T09:19:33Z</time><extensions><gpxtpx:TrackPointExtension><gpxtpx:hr>153</gpxtpx:hr><gpxtpx:cad>85</gpxtpx:cad></gpxtpx:TrackPointExtension></extensions></trkpt>
<trkpt lat="52.3030113" lon="4.8553121"><ele>0.8</ele><time>2026-03-08T09:19:36Z</time><extensions><gpxtpx:TrackPointExtension><gpxtpx:hr>154</gpxtpx:hr><gpxtpx:cad>86</gpxtpx:cad></gpxtpx:TrackPointExtension></extensions></trkpt>
<trkpt lat="52.3030902" lon="4.8553761"><ele>0.8</ele><time>2026-03-08T09:19:39Z</time><extensions><gpxtpx:TrackPointExtension><gpxtpx:hr>154</gpxtpx:hr><gpxtpx:cad>84</gpxtpx:cad></gpxtpx:TrackPointExtension></extensions></trkpt>
<trkpt lat="52.3031679" lon="4.8554075"><ele>0.7</ele><time>2026-03-08T09:19:42Z</time><extensions><gpxtpx:TrackPointExtension><gpxtpx:hr>154</gpxtpx:hr><gpxtpx:cad>85</gpxtpx:cad></gpxtpx:TrackPointExtension></extensions></trkpt>
<trkpt lat="52.3032458" lon="4.8554747"><ele>0.7</ele><time>2026-03-08T09:19:45Z</time><extensions><gpxtpx:TrackPointExtension><gpxtpx:hr>155</gpxtpx:hr><gpxtpx:cad>86</gpxtpx:cad></gpxtpx:TrackPointExtension></extensions></trkpt>
<trkpt lat="52.3033167" lon="4.8555148"><ele>0.7</ele><time>2026-03-08T09:19:48Z</time><extensions><gpxtpx:TrackPointExtension><gpxtpx:hr>155</gpxtpx:hr><gpxtpx:cad>85</gpxtpx:cad></gpxtpx:TrackPointExtension></extensions></trkpt>
<trkpt lat="52.3033874" lon="4.8555677"><ele>0.7</ele><time>2026-03-08T09:19:51Z</time><extensions><gpxtpx:TrackPointExtension><gpxtpx:hr>154</gpxtpx:hr><gpxtpx:cad>84</gpxtpx:cad></gpxtpx:TrackPointExtension></extensions></trkpt>
<trkpt lat="52.3034868" lon="4.8556172"><ele>0.7</ele><time>2026-03-08T09:19:54Z</time><extensions><gpxtpx:TrackPointExtension><gpxtpx:hr>155</gpxtpx:hr><gpxtpx:cad>84</gpxtpx:cad></gpxtpx:TrackPointExtension></extensions></trkpt>
<trkpt lat="52.3035521" lon="4.8556526"><ele>0.7</ele><time>2026-03-08T09:19:57Z</time><extensions><gpxtpx:TrackPointExtension><gpxtpx:hr>156</gpxtpx:hr><gpxtpx:cad>86</gpxtpx:cad></gpxtpx:TrackPointExtension></extensions></trkpt>
<trkpt lat="52.3036348" lon="4.8557140"><ele>0.6</ele><time>2026-03-08T09:20:00Z</time><extensions><gpxtpx:TrackPointExtension><gpxtpx:hr>156</gpxtpx:hr><gpxtpx:cad>85</gpxtpx:cad></gpxtpx:TrackPointExtension></extensions></trkpt>
<trkpt lat="52.3036982" lon="4.8557682"><ele>0.6</ele><time>2026-03-08T09:20:03Z</time><extensions><gpxtpx:TrackPointExtension><gpxtpx:hr>156</gpxtpx:hr><gpxtpx:cad>86</gpxtpx:cad></gpxtpx:TrackPointExtension></extensions></trkpt>
<trkpt lat="52.3037761" lon="4.8558108"><ele>0.6</ele><time>2026-03-08T09:20:06Z</time><extensions><gpxtpx:TrackPointExtension><gpxtpx:hr>155</gpxtpx:hr><gpxtpx:cad>85</gpxtpx:cad></gpxtpx:TrackPointExtension></extensions></trkpt>
<trkpt lat="52.3038569" lon="4.8558454"><ele>0.6</ele><time>2026-03-08T09:20:09Z</time><extensions><gpxtpx:TrackPointExtension><gpxtpx:hr>155</gpxtpx:hr><gpxtpx:cad>85</gpxtpx:cad></gpxtpx:TrackPointExtension></extensions></trkpt>
<trkpt lat="52.3039265" lon="4.8559099"><ele>0.6</ele><time>2026-03-08T09:20:12Z</time><extensions><gpxtpx:TrackPointExtension><gpxtpx:hr>156</gpxtpx:hr><gpxtpx:cad>86</gpxtpx:cad></gpxtpx:TrackPointExtension></extensions></trkpt>
<trkpt lat="52.3040000" lon="4.8559484"><ele>0.5</ele><time>2026-03-08T09:20:15Z</time><extensions><gpxtpx:TrackPointExtension><gpxtpx:hr>156</gpxtpx:hr><gpxtpx:cad>84</gpxtpx:cad></gpxtpx:TrackPointExtension></extensions></trkpt>
<trkpt lat="52.3040810" lon="4.8559845"><ele>0.5</ele><time>2026-03-08T09:20:18Z</time><extensions><gpxtpx:TrackPointExtension><gpxtpx:hr>156</gpxtpx:hr><gpxtpx:cad>86</gpxtpx:cad></gpxtpx:TrackPointExtension></extensions></trkpt>
<trkpt lat="52.3041567" lon="4.8560191"><ele>0.5</ele><time>2026-03-08T09:20:21Z</time><extensions><gpxtpx:TrackPointExtension><gpxtpx:hr>156</gpxtpx:hr><gpxtpx:cad>85</gpxtpx:cad></gpxtpx:TrackPointExtension></extensions></trkpt>
<trkpt lat="52.3042329" lon="4.8560806"><ele>0.5</ele><time>2026-03-08T09:20:24Z</time><extensions><gpxtpx:TrackPointExtension><gpxtpx:hr>155</gpxtpx:hr><gpxtpx:cad>85</gpxtpx:cad></gpxtpx:TrackPointExtension></extensions></trkpt>
<trkpt lat="52.3043190" lon="4.8561300"><ele>0.5</ele><time>2026-03-08T09:20:27Z</time><extensions><gpxtpx:TrackPointExtension><gpxtpx:hr>155</gpxtpx:hr><gpxtpx:cad>84</gpxtpx:cad></gpxtpx:TrackPointExtension></extensions></trkpt>
<trkpt lat="52.3043683" lon="4.8561657"><ele>0.4</ele><time>2026-03-08T09:20:30Z</time><extensions><gpxtpx:TrackPointExtension><gpxtpx:hr>154</gpxtpx:hr><gpxtpx:cad>85</gpxtpx:cad></gpxtpx:TrackPointExtension></extensions></trkpt>
<trkpt lat="52.3044565" lon="4.8562339"><ele>0.4</ele><time>2026-03-08T09:20:33Z</time><extensions><gpxtpx:TrackPointExtension><gpxtpx:hr>153</gpxtpx:hr><gpxtpx:cad>85</gpxtpx:cad></gpxtpx:TrackPointExtension></extensions></trkpt>
<trkpt lat="52.3045396" lon="4.8562732"><ele>0.4</ele><time>2026-03-08T09:20:36Z</time><extensions><gpxtpx:TrackPointExtension><gpxtpx:hr>153</gpxtpx:hr><gpxtpx:cad>85</gpxtpx:cad></gpxtpx:TrackPointExtension></extensions></trkpt>
<trkpt lat="52.3046147" lon="4.8563168"><ele>0.4</ele><time>2026-03-08T09:20:39Z</time><extensions><gpxtpx:TrackPointExtension><gpxtpx:hr>153</gpxtpx:hr><gpxtpx:cad>87</gpxtpx:cad></gpxtpx:TrackPointExtension></extensions></trkpt>
<trkpt lat="52.3046783" lon="4.8563468"><ele>0.4</ele><time>2026-03-08T09:20:42Z</time><extensions><gpxtpx:TrackPointExtension><gpxtpx:hr>152</gpxtpx:hr><gpxtpx:cad>85</gpxtpx:cad></gpxtpx:TrackPointExtension></extensions></trkpt>
<trkpt lat="52.3047614" lon="4.8564003"><ele>0.3</ele><time>2026-03-08T09:20:45Z</time><extensions><gpxtpx:TrackPointExtension><gpxtpx:hr>153</gpxtpx:hr><gpxtpx:cad>85</gpxtpx:cad></gpxtpx:TrackPointExtension></extensions></trkpt>
<trkpt lat="52.3048435" lon="4.8564564"><ele>0.3</ele><time>2026-03-08T09:20:48Z</time><extensions><gpxtpx:TrackPointExtension><gpxtpx:hr>154</gpxtpx:hr><gpxtpx:cad>85</gpxtpx:cad></gpxtpx:TrackPointExtension></extensions></trkpt>
<trkpt lat="52.3049039" lon="4.8564751"><ele>0.3</ele><time>2026-03-08T09:20:51Z</time><extensions><gpxtpx:TrackPointExtension><gpxtpx:hr>154</gpxtpx:hr><gpxtpx:cad>85</gpxtpx:cad></gpxtpx:TrackPointExtension></extensions></trkpt>
<trkpt lat="52.3049826" lon="4.8565489"><ele>0.3</ele><time>2026-03-08T09:20:54Z</time><extensions><gpxtpx:TrackPointExtension><gpxtpx:hr>154</gpxtpx:hr><gpxtpx:cad>85</gpxtpx:cad></gpxtpx:TrackPointExtension></extensions></trkpt>
<trkpt lat="52.3050637" lon="4.8566024"><ele>0.3</ele><time>2026-03-08T09:20:57Z</time><extensions><gpxtpx:TrackPointExtension><gpxtpx:hr>154</gpxtpx:hr><gpxtpx:cad>85</gpxtpx:cad></gpxtpx:TrackPointExtension></extensions></trkpt>
<trkpt lat="52.3051471" lon="4.8566486"><ele>0.2</ele><time>2026-03-08T09:21:00Z</time><extensions><gpxtpx:TrackPointExtension><gpxtpx:hr>153</gpxtpx:hr><gpxtpx:cad>87</gpxtpx:cad></gpxtpx:TrackPointExtension></extensions></trkpt>
<trkpt lat="52.3052131" lon="4.8566965"><ele>0.2</ele><time>2026-03-08T09:21:03Z</time><extensions><gpxtpx:TrackPointExtension><gpxtpx:hr>152</gpxtpx:hr><gpxtpx:cad>84</gpxtpx:cad></gpxtpx:TrackPointExtension></extensions></trkpt>
<trkpt lat="52.3052916" lon="4.8567416"><ele>0.2</ele><time>2026-03-08T09:21:06Z</time><extensions><gpxtpx:TrackPointExtension><gpxtpx:hr>153</gpxtpx:hr><gpxtpx:cad>85</gpxtpx:cad></gpxtpx:TrackPointExtension></extensions></trkpt>
<trkpt lat="52.3053651" lon="4.8568025"><ele>0.2</ele><time>2026-03-08T09:21:09Z</time><extensions><gpxtpx:TrackPointExtension><gpxtpx:hr>152</gpxtpx:hr><gpxtpx:cad>84</gpxtpx:cad></gpxtpx:TrackPointExtension></extensions></trkpt>
<trkpt lat="52.3054532" lon="4.8568564"><ele>0.2</ele><time>2026-03-08T09:21:12Z</time><extensions><gpxtpx:TrackPointExtension><gpxtpx:hr>152</gpxtpx:hr><gpxtpx:cad>85</gpxtpx:cad></gpxtpx:TrackPointExtension></extensions></trkpt>
<trkpt lat="52.3055275" lon="4.8569065"><ele>0.1</ele><time>2026-03-08T09:21:15Z</time><extensions><gpxtpx:TrackPointExtension><gpxtpx:hr>152</gpxtpx:hr><gpxtpx:cad>84</gpxtpx:cad></gpxtpx:TrackPointExtension></extensions></trkpt>
<trkpt lat="52.3055942" lon="4.8569546"><ele>0.1</ele><time>2026-03-08T09:21:18Z</time><extensions><gpxtpx:TrackPointExtension><gpxtpx:hr>152</gpxtpx:hr><gpxtpx:cad>85</gpxtpx:cad></gpxtpx:TrackPointExtension></extensions></trkpt>
<trkpt lat="52.3056729" lon="4.8570181"><ele>0.1</ele><time>2026-03-08T09:21:21Z</time><extensions><gpxtpx:TrackPointExtension><gpxtpx:hr>152</gpxtpx:hr><gpxtpx:cad>85</gpxtpx:cad></gpxtpx:TrackPointExtension></extensions></trkpt>
<trkpt lat="52.3057504" lon="4.8570799"><ele>0.1</ele><time>2026-03-08T09:21:24Z</time><extensions><gpxtpx:TrackPointExtension><gpxtpx:hr>154</gpxtpx:hr><gpxtpx:cad>85</gpxtpx:cad></gpxtpx:TrackPointExtension></extensions></trkpt>
<trkpt lat="52.3058123" lon="4.8571282"><ele>0.1</ele><time>2026-03-08T09:21:27Z</time><extensions><gpxtpx:TrackPointExtension><gpxtpx:hr>153</gpxtpx:hr><gpxtpx:cad>85</gpxtpx:cad></gpxtpx:TrackPointExtension></extensions></trkpt>
<trkpt lat="52.3058890" lon="4.8571628"><ele>0.1</ele><time>2026-03-08T09:21:30Z</time><extensions><gpxtpx:TrackPointExtension><gpxtpx:hr>152</gpxtpx:hr><gpxtpx:cad>86</gpxtpx:cad></gpxtpx:TrackPointExtension></extensions></trkpt>
<trkpt lat="52.3059584" lon="4.8572140"><ele>0.0</ele><time>2026-03-08T09:21:33Z</time><extensions><gpxtpx:TrackPointExtension><gpxtpx:hr>151</gpxtpx:hr><gpxtpx:cad>85</gpxtpx:cad></gpxtpx:TrackPointExtension></extensions></trkpt>
<trkpt lat="52.3060376" lon="4.8572766"><ele>0.0</ele><time>2026-03-08T09:21:36Z</time><extensions><gpxtpx:TrackPointExtension><gpxtpx:hr>151</gpxtpx:hr><gpxtpx:cad>85</gpxtpx:cad></gpxtpx:TrackPointExtension></extensions></trkpt>
<trkpt lat="52.3060871" lon="4.8573514"><ele>-0.0</ele><time>2026-03-08T09:21:39Z</time><extensions><gpxtpx:TrackPointExtension><gpxtpx:hr>151</gpxtpx:hr><gpxtpx:cad>85</gpxtpx:cad></gpxtpx:TrackPointExtension></extensions></trkpt>
<trkpt lat="52.3061797" lon="4.8574238"><ele>-0.0</ele><time>2026-03-08T09:21:42Z</time><extensions><gpxtpx:TrackPointExtension><gpxtpx:hr>153</gpxtpx:hr><gpxtpx:cad>85</gpxtpx:cad></gpxtpx:TrackPointExtension></extensions></trkpt>
<trkpt lat="52.3062565" lon="4.8574713"><ele>-0.0</ele><time>2026-03-08T09:21:45Z</time><extensions><gpxtpx:TrackPointExtension><gpxtpx:hr>153</gpxtpx:hr><gpxtpx:cad>86</gpxtpx:cad></gpxtpx:TrackPointExtension></extensions></trkpt>
<trkpt lat="52.3063263" lon="4.8575408"><ele>-0.1</ele><time>2026-03-08T09:21:48Z</time><extensions><gpxtpx:TrackPointExtension><gpxtpx:hr>154</gpxtpx:hr><gpxtpx:cad>85</gpxtpx:cad></gpxtpx:TrackPointExtension></extensions></trkpt>
<trkpt lat="52.3063908" lon="4.8576049"><ele>-0.1</ele><time>2026-03-08T09:21:51Z</time><extensions><gpxtpx:TrackPointExtension><gpxtpx:hr>154</gpxtpx:hr><gpxtpx:cad>85</gpxtpx:cad></gpxtpx:TrackPointExtension></extensions></trkpt>
<trkpt lat="52.3064738" lon="4.8576857"><ele>-0.1</ele><time>2026-03-08T09:21:54Z</time><extensions><gpxtpx:TrackPointExtension><gpxtpx:hr>155</gpxtpx:hr><gpxtpx:cad>85</gpxtpx:cad></gpxtpx:TrackPointExtension></extensions></trkpt>
<trkpt lat="52.3065248" lon="4.8577512"><ele>-0.1</ele><time>2026-03-08T09:21:57Z</time><extensions><gpxtpx:TrackPointExtension><gpxtpx:hr>155</gpxtpx:hr><gpxtpx:cad>85</gpxtpx:cad></gpxtpx:TrackPointExtension></extensions></trkpt>
<trkpt lat="52.3066028" lon="4.8577983"><ele>-0.1</ele><time>2026-03-08T09:22:00Z</time><extensions><gpxtpx:TrackPointExtension><gpxtpx:hr>154</gpxtpx:hr><gpxtpx:cad>84</gpxtpx:cad></gpxtpx:TrackPointExtension></extensions></trkpt>
<trkpt lat="52.3066663" lon="4.8578925"><ele>-0.1</ele><time>2026-03-08T09:22:03Z</time><extensions><gpxtpx:TrackPointExtension><gpxtpx:hr>154</gpxtpx:hr><gpxtpx:cad>84</gpxtpx:cad></gpxtpx:TrackPointExtension></extensions></trkpt>
<trkpt lat="52.3067441" lon="4.8579477"><ele>-0.2</ele><time>2026-03-08T09:22:06Z</time><extensions><gpxtpx:TrackPointExtension><gpxtpx:hr>154</gpxtpx:hr><gpxtpx:cad>84</gpxtpx:cad></gpxtpx:TrackPointExtension></extensions></trkpt>
<trkpt lat="52.3067872" lon="4.8580369"><ele>-0.2</ele><time>2026-03-08T09:22:09Z</time><extensions><gpxtpx:TrackPointExtension><gpxtpx:hr>154</gpxtpx:hr><gpxtpx:cad>85</gpxtpx:cad></gpxtpx:TrackPointExtension></extensions></trkpt>
<trkpt lat="52.3068614" lon="4.8581096"><ele>-0.2</ele><time>2026-03-08T09:22:12Z</time><extensions><gpxtpx:TrackPointExtension><gpxtpx:hr>153</gpxtpx:hr><gpxtpx:cad>86</gpxtpx:cad></gpxtpx:TrackPointExtension></extensions></trkpt>
<trkpt lat="52.3069363" lon="4.8581908"><ele>-0.2</ele><time>2026-03-08T09:22:15Z</time><extensions><gpxtpx:TrackPointExtension><gpxtpx:hr>154</gpxtpx:hr><gpxtpx:cad>84</gpxtpx:cad></gpxtpx:TrackPointExtension></extensions></trkpt>
<trkpt lat="52.3069990" lon="4.8582807"><ele>-0.2</ele><time>2026-03-08T09:22:18Z</time><extensions><gpxtpx:TrackPointExtension><gpxtpx:hr>154</gpxtpx:hr><gpxtpx:cad>86</gpxtpx:cad></gpxtpx:TrackPointExtension></extensions></trkpt>
<trkpt lat="52.3070576" lon="4.8583669"><ele>-0.2</ele><time>2026-03-08T09:22:21Z</time><extensions><gpxtpx:TrackPointExtension><gpxtpx:hr>154</gpxtpx:hr><gpxtpx:cad>84</gpxtpx:cad></gpxtpx:TrackPointExtension></extensions></trkpt>
<trkpt lat="52.3071252" lon="4.8584518"><ele>-0.3</ele><time>2026-03-08T09:22:24Z</time><extensions><gpxtpx:TrackPointExtension><gpxtpx:hr>155</gpxtpx:hr><gpxtpx:cad>85</gpxtpx:cad></gpxtpx:TrackPointExtension></extensions></trkpt>
<trkpt lat="52.3071790" lon="4.8585150"><ele>-0.3</ele><time>2026-03-08T09:22:27Z</time><extensions><gpxtpx:TrackPointExtension><gpxtpx:hr>155</gpxtpx:hr><gpxtpx:cad>85</gpxtpx:cad></gpxtpx:TrackPointExtension></extensions></trkpt>
<trkpt lat="52.3072431" lon="4.8586003"><ele>-0.3</ele><time>2026-03-08T09:22:30Z</time><extensions><gpxtpx:TrackPointExtension><gpxtpx:hr>155</gpxtpx:hr><gpxtpx:cad>85</gpxtpx:cad></gpxtpx:TrackPointExtension></extensions></trkpt>
<trkpt lat="52.3072884" lon="4.8587090"><ele>-0.3</ele><time>2026-03-08T09:22:33Z</time><extensions><gpxtpx:TrackPointExtension><gpxtpx:hr>156</gpxtpx:hr><gpxtpx:cad>85</gpxtpx:cad></gpxtpx:TrackPointExtension></extensions></trkpt>
<trkpt lat="52.3073665" lon="4.8587850"><ele>-0.3</ele><time>2026-03-08T09:22:36Z</time><extensions><gpxtpx:TrackPointExtension><gpxtpx:hr>156</gpxtpx:hr><gpxtpx:cad>86</gpxtpx:cad></gpxtpx:TrackPointExtension></extensions></trkpt>
<trkpt lat="52.3074233" lon="4.8588889"><ele>-0.3</ele><time>2026-03-08T09:22:39Z</time><extensions><gpxtpx:TrackPointExtension><gpxtpx:hr>156</gpxtpx:hr><gpxtpx:cad>86</gpxtpx:cad></gpxtpx:TrackPointExtension></extensions></trkpt>
<trkpt lat="52.3074792" lon="4.8590122"><ele>-0.3</ele><time>2026-03-08T09:22:42Z</time><extensions><gpxtpx:TrackPointExtension><gpxtpx:hr>156</gpxtpx:hr><gpxtpx:cad>84</gpxtpx:cad></gpxtpx:TrackPointExtension></extensions></trkpt>
<trkpt lat="52.3075241" lon="4.8590589"><ele>-0.4</ele><time>2026-03-08T09:22:45Z</time><extensions><gpxtpx:TrackPointExtension><gpxtpx:hr>156</gpxtpx:hr><gpxtpx:cad>85</gpxtpx:cad></gpxtpx:TrackPointExtension></extensions></trkpt>
<trkpt lat="52.3075869" lon="4.8591787"><ele>-0.4</ele><time>2026-03-08T09:22:48Z</time><extensions><gpxtpx:TrackPointExtension><gpxtpx:hr>155</gpxtpx:hr><gpxtpx:cad>86</gpxtpx:cad></gpxtpx:TrackPointExtension></extensions></trkpt>
<trkpt lat="52.3076361" lon="4.8592715"><ele>-0.4</ele><time>2026-03-08T09:22:51Z</time><extensions><gpxtpx:TrackPointExtension><gpxtpx:hr>154</gpxtpx:hr><gpxtpx:cad>85</gpxtpx:cad></gpxtpx:TrackPointExtension></extensions></trkpt>
<trkpt lat="52.3076986" lon="4.8593698"><ele>-0.4</ele><time>2026-03-08T09:22:54Z</time><extensions><gpxtpx:TrackPointExtension><gpxtpx:hr>154</gpxtpx:hr><gpxtpx:cad>85</gpxtpx:cad></gpxtpx:TrackPointExtension></extensions></trkpt>
<trkpt lat="52.3077355" lon="4.8594729"><ele>-0.4</ele><time>2026-03-08T09:22:57Z</time><extensions><gpxtpx:TrackPointExtension><gpxtpx:hr>153</gpxtpx:hr><gpxtpx:cad>86</gpxtpx:cad></gpxtpx:TrackPointExtension></extensions></trkpt>
<trkpt lat="52.3078070" lon="4.8595640"><ele>-0.4</ele><time>2026-03-08T09:23:00Z</time><extensions><gpxtpx:TrackPointExtension><gpxtpx:hr>153</gpxtpx:hr><gpxtpx:cad>85</gpxtpx:cad></gpxtpx:TrackPointExtension></extensions></trkpt>
<trkpt lat="52.3078516" lon="4.8596640"><ele>-0.4</ele><time>2026-03-08T09:23:03Z</time><extensions><gpxtpx:TrackPointExtension><gpxtpx:hr>154</gpxtpx:hr><gpxtpx:cad>86</gpxtpx:cad></gpxtpx:TrackPointExtension></extensions></trkpt>
<trkpt lat="52.3079091" lon="4.8597733"><ele>-0.4</ele><time>2026-03-08T09:23:06Z</time><extensions><gpxtpx:TrackPointExtension><gpxtpx:hr>153</gpxtpx:hr><gpxtpx:cad>85</gpxtpx:cad></gpxtpx:TrackPointExtension></extensions></trkpt>
<trkpt lat="52.3079544" lon="4.8598914"><ele>-0.4</ele><time>2026-03-08T09:23:09Z</time><extensions><gpxtpx:TrackPointExtension><gpxtpx:hr>154</gpxtpx:hr><gpxtpx:cad>86</gpxtpx:cad></gpxtpx:TrackPointExtension></extensions></trkpt>
<trkpt lat="52.3080044" lon="4.8600208"><ele>-0.5</ele><time>2026-03-08T09:23:12Z</time><extensions><gpxtpx:TrackPointExtension><gpxtpx:hr>153</gpxtpx:hr><gpxtpx:cad>87</gpxtpx:cad></gpxtpx:TrackPointExtension></extensions></trkpt>
<trkpt lat="52.3080528" lon="4.8600957"><ele>-0.5</ele><time>2026-03-08T09:23:15Z</time><extensions><gpxtpx:TrackPointExtension><gpxtpx:hr>153</gpxtpx:hr><gpxtpx:cad>84</gpxtpx:cad></gpxtpx:TrackPointExtension></extensions></trkpt>
<trkpt lat="52.3080958" lon="4.8602120"><ele>-0.5</ele><time>2026-03-08T09:23:18Z</time><extensions><gpxtpx:TrackPointExtension><gpxtpx:hr>153</gpxtpx:hr><gpxtpx:cad>86</gpxtpx:cad></gpxtpx:TrackPointExtension></extensions></trkpt>
<trkpt lat="52.3081502" lon="4.8602974"><ele>-0.5</ele><time>2026-03-08T09:23:21Z</time><extensions><gpxtpx:TrackPointExtension><gpxtpx:hr>153</gpxtpx:hr><gpxtpx:cad>85</gpxtpx:cad></gpxtpx:TrackPointExtension></extensions></trkpt>
<trkpt lat="52.3081867" lon="4.8604259"><ele>-0.5</ele><time>2026-03-08T09:23:24Z</time><extensions><gpxtpx:TrackPointExtension><gpxtpx:hr>153</gpxtpx:hr><gpxtpx:cad>85</gpxtpx:cad></gpxtpx:TrackPointExtension></extensions></trkpt>
<trkpt lat="52.3082417" lon="4.8605377"><ele>-0.5</ele><time>2026-03-08T09:23:27Z</time><extensions><gpxtpx:TrackPointExtension><gpxtpx:hr>153</gpxtpx:hr><gpxtpx:cad>86</gpxtpx:cad></gpxtpx:TrackPointExtension></extensions></trkpt>
<trkpt lat="52.3082953" lon="4.8606303"><ele>-0.5</ele><time>2026-03-08T09:23:30Z</time><extensions><gpxtpx:TrackPointExtension><gpxtpx:hr>153</gpxtpx:hr><gpxtpx:cad>85</gpxtpx:cad></gpxtpx:TrackPointExtension></extensions></trkpt>
<trkpt lat="52.3083353" lon="4.8607544"><ele>-0.5</ele><time>2026-03-08T09:23:33Z</time><extensions><gpxtpx:TrackPointExtension><gpxtpx:hr>153</gpxtpx:hr><gpxtpx:cad>86</gpxtpx:cad></gpxtpx:TrackPointExtension></extensions></trkpt>
<trkpt lat="52.3083676" lon="4.8608633"><ele>-0.5</ele><time>2026-03-08T09:23:36Z</time><extensions><gpxtpx:TrackPointExtension><gpxtpx:hr>153</gpxtpx:hr><gpxtpx:cad>84</gpxtpx:cad></gpxtpx:TrackPointExtension></extensions></trkpt>
<trkpt lat="52.3084091" lon="4.8609605"><ele>-0.5</ele><time>2026-03-08T09:23:39Z</time><extensions><gpxtpx:TrackPointExtension><gpxtpx:hr>154</gpxtpx:hr><gpxtpx:cad>85</gpxtpx:cad></gpxtpx:TrackPointExtension></extensions></trkpt>
<trkpt lat="52.3084534" lon="4.8610915"><ele>-0.5</ele><time>2026-03-08T09:23:42Z</time><extensions><gpxtpx:TrackPointExtension><gpxtpx:hr>153</gpxtpx:hr><gpxtpx:cad>85</gpxtpx:cad></gpxtpx:TrackPointExtension></extensions></trkpt>
<trkpt lat="52.3085097" lon="4.8611959"><ele>-0.5</ele><time>2026-03-08T09:23:45Z</time><extensions><gpxtpx:TrackPointExtension><gpxtpx:hr>154</gpxtpx:hr><gpxtpx:cad>86</gpxtpx:cad></gpxtpx:TrackPointExtension></extensions></trkpt>
<trkpt lat="52.3085565" lon="4.8613151"><ele>-0.5</ele><time>2026-03-08T09:23:48Z</time><extensions><gpxtpx:TrackPointExtension><gpxtpx:hr>155</gpxtpx:hr><gpxtpx:cad>85</gpxtpx:cad></gpxtpx:TrackPointExtension></extensions></trkpt>
<trkpt lat="52.3085799" lon="4.8614396"><ele>-0.5</ele><time>2026-03-08T09:23:51Z</time><extensions><gpxtpx:TrackPointExtension><gpxtpx:hr>155</gpxtpx:hr><gpxtpx:cad>85</gpxtpx:cad></gpxtpx:TrackPointExtension></extensions></trkpt>
<trkpt lat="52.3086226" lon="4.8615437"><ele>-0.5</ele><time>2026-03-08T09:23:54Z</time><extensions><gpxtpx:TrackPointExtension><gpxtpx:hr>156</gpxtpx:hr><gpxtpx:cad>84</gpxtpx:cad></gpxtpx:TrackPointExtension></extensions></trkpt>
<trkpt lat="52.3086525" lon="4.8616656"><ele>-0.5</ele><time>2026-03-08T09:23:57Z</time><extensions><gpxtpx:TrackPointExtension><gpxtpx:hr>156</gpxtpx:hr><gpxtpx:cad>84</gpxtpx:cad></gpxtpx:TrackPointExtension></extensions></trkpt>
<trkpt lat="52.3087113" lon="4.8617846"><ele>-0.5</ele><time>2026-03-08T09:24:00Z</time><extensions><gpxtpx:TrackPointExtension><gpxtpx:hr>156</gpxtpx:hr><gpxtpx:cad>84</gpxtpx:cad></gpxtpx:TrackPointExtension></extensions></trkpt>
<trkpt lat="52.3087571" lon="4.8619091"><ele>-0.5</ele><time>2026-03-08T09:24:03Z</time><extensions><gpxtpx:TrackPointExtension><gpxtpx:hr>156</gpxtpx:hr><gpxtpx:cad>86</gpxtpx:cad></gpxtpx:TrackPointExtension></extensions></trkpt>
<trkpt lat="52.3087907" lon="4.8620046"><ele>-0.5</ele><time>2026-03-08T09:24:06Z</time><extensions><gpxtpx:TrackPointExtension><gpxtpx:hr>157</gpxtpx:hr><gpxtpx:cad>85</gpxtpx:cad></gpxtpx:TrackPointExtension></extensions></trkpt>
<trkpt lat="52.3088158" lon="4.8620936"><ele>-0.5</ele><time>2026-03-08T09:24:09Z</time><extensions><gpxtpx:TrackPointExtension><gpxtpx:hr>157</gpxtpx:hr><gpxtpx:cad>85</gpxtpx:cad></gpxtpx:TrackPointExtension></extensions></trkpt>
<trkpt lat="52.3088745" lon="4.8622306"><ele>-0.5</ele><time>2026-03-08T09:24:12Z</time><extensions><gpxtpx:TrackPointExtension><gpxtpx:hr>158</gpxtpx:hr><gpxtpx:cad>85</gpxtpx:cad></gpxtpx:TrackPointExtension></extensions></trkpt>
<trkpt lat="52.3088922" lon="4.8623558"><ele>-0.5</ele><time>2026-03-08T09:24:15Z</time><extensions><gpxtpx:TrackPointExtension><gpxtpx:hr>158</gpxtpx:hr><gpxtpx:cad>86</gpxtpx:cad></gpxtpx:TrackPointExtension></extensions></trkpt>
<trkpt lat="52.3089481" lon="4.8624834"><ele>-0.5</ele><time>2026-03-08T09:24:18Z</time><extensions><gpxtpx:TrackPointExtension><gpxtpx:hr>159</gpxtpx:hr><gpxtpx:cad>85</gpxtpx:cad></gpxtpx:TrackPointExtension></extensions></trkpt>
<trkpt lat="52.3089973" lon="4.8625821"><ele>-0.5</ele><time>2026-03-08T09:24:21Z</time><extensions><gpxtpx:TrackPointExtension><gpxtpx:hr>159</gpxtpx:hr><gpxtpx:cad>85</gpxtpx:cad></gpxtpx:TrackPointExtension></extensions></trkpt>
<trkpt lat="52.3090213" lon="4.8627225"><ele>-0.5</ele><time>2026-03-08T09:24:24Z</time><extensions><gpxtpx:TrackPointExtension><gpxtpx:hr>157</gpxtpx:hr><gpxtpx:cad>86</gpxtpx:cad></gpxtpx:TrackPointExtension></extensions></trkpt>
<trkpt lat="52.3090563" lon="4.8628381"><ele>-0.5</ele><time>2026-03-08T09:24:27Z</time><extensions><gpxtpx:TrackPointExtension><gpxtpx:hr>157</gpxtpx:hr><gpxtpx:cad>85</gpxtpx:cad></gpxtpx:TrackPointExtension></extensions></trkpt>
<trkpt lat="52.3091047" lon="4.8629243"><ele>-0.5</ele><time>2026-03-08T09:24:30Z</time><extensions><gpxtpx:TrackPointExtension><gpxtpx:hr>157</gpxtpx:hr><gpxtpx:cad>84</gpxtpx:cad></gpxtpx:TrackPointExtension></extensions></trkpt>
<trkpt lat="52.3091425" lon="4.8630345"><ele>-0.5</ele><time>2026-03-08T09:24:33Z</time><extensions><gpxtpx:TrackPointExtension><gpxtpx:hr>157</gpxtpx:hr><gpxtpx:cad>85</gpxtpx:cad></gpxtpx:TrackPointExtension></extensions></trkpt>
<trkpt lat="52.3091671" lon="4.8631702"><ele>-0.5</ele><time>2026-03-08T09:24:36Z</time><extensions><gpxtpx:TrackPointExtension><gpxtpx:hr>156</gpxtpx:hr><gpxtpx:cad>84</gpxtpx:cad></gpxtpx:TrackPointExtension></extensions></trkpt>
<trkpt lat="52.3092158" lon="4.8633022"><ele>-0.5</ele><time>2026-03-08T09:24:39Z</time><extensions><gpxtpx:TrackPointExtension><gpxtpx:hr>156</gpxtpx:hr><gpxtpx:cad>85</gpxtpx:cad></gpxtpx:TrackPointExtension></extensions></trkpt>
<trkpt lat="52.3092410" lon="4.8634120"><ele>-0.5</ele><time>2026-03-08T09:24:42Z</time><extensions><gpxtpx:TrackPointExtension><gpxtpx:hr>156</gpxtpx:hr><gpxtpx:cad>85</gpxtpx:cad></gpxtpx:TrackPointExtension></extensions></trkpt>
<trkpt lat="52.3092877" lon="4.8635021"><ele>-0.5</ele><time>2026-03-08T09:24:45Z</time><extensions><gpxtpx:TrackPointExtension><gpxtpx:hr>155</gpxtpx:hr><gpxtpx:cad>86</gpxtpx:cad></gpxtpx:TrackPointExtension></extensions></trkpt>
<trkpt lat="52.3093382" lon="4.8636150"><ele>-0.5</ele><time>2026-03-08T09:24:48Z</time><extensions><gpxtpx:TrackPointExtension><gpxtpx:hr>154</gpxtpx:hr><gpxtpx:cad>85</gpxtpx:cad></gpxtpx:TrackPointExtension></extensions></trkpt>
<trkpt lat="52.3093686" lon="4.8637414"><ele>-0.5</ele><time>2026-03-08T09:24:51Z</time><extensions><gpxtpx:TrackPointExtension><gpxtpx:hr>153</gpxtpx:hr><gpxtpx:cad>84</gpxtpx:cad></gpxtpx:TrackPointExtension></extensions></trkpt>
<trkpt lat="52.3094208" lon="4.8638498"><ele>-0.5</ele><time>2026-03-08T09:24:54Z</time><extensions><gpxtpx:TrackPointExtension><gpxtpx:hr>154</gpxtpx:hr><gpxtpx:cad>85</gpxtpx:cad></gpxtpx:TrackPointExtension></extensions></trkpt>
<trkpt lat="52.3094538" lon="4.8639890"><ele>-0.5</ele><time>2026-03-08T09:24:57Z</time><extensions><gpxtpx:TrackPointExtension><gpxtpx:hr>154</gpxtpx:hr><gpxtpx:cad>85</gpxtpx:cad></gpxtpx:TrackPointExtension></extensions></trkpt>
<trkpt lat="52.3095022" lon="4.8640890"><ele>-0.5</ele><time>2026-03-08T09:25:00Z</time><extensions><gpxtpx:TrackPointExtension><gpxtpx:hr>154</gpxtpx:hr><gpxtpx:cad>85</gpxtpx:cad></gpxtpx:TrackPointExtension></extensions></trkpt>
<trkpt lat="52.3095346" lon="4.8642261"><ele>-0.5</ele><time>2026-03-08T09:25:03Z</time><extensions><gpxtpx:TrackPointExtension><gpxtpx:hr>154</gpxtpx:hr><gpxtpx:cad>85</gpxtpx:cad></gpxtpx:TrackPointExtension></extensions></trkpt>
<trkpt lat="52.3095650" lon="4.8643055"><ele>-0.5</ele><time>2026-03-08T09:25:06Z</time><extensions><gpxtpx:TrackPointExtension><gpxtpx:hr>154</gpxtpx:hr><gpxtpx:cad>85</gpxtpx:cad></gpxtpx:TrackPointExtension></extensions></trkpt>
<trkpt lat="52.3095994" lon="4.8644351"><ele>-0.4</ele><time>2026-03-08T09:25:09Z</time><extensions><gpxtpx:TrackPointExtension><gpxtpx:hr>154</gpxtpx:hr><gpxtpx:cad>85</gpxtpx:cad></gpxtpx:TrackPointExtension></extensions></trkpt>
<trkpt lat="52.3096450" lon="4.8645433"><ele>-0.4</ele><time>2026-03-08T09:25:12Z</time><extensions><gpxtpx:TrackPointExtension><gpxtpx:hr>155</gpxtpx:hr><gpxtpx:cad>85</gpxtpx:cad></gpxtpx:TrackPointExtension></extensions></trkpt>
<trkpt lat="52.3096879" lon="4.8646705"><ele>-0.4</ele><time>2026-03-08T09:25:15Z</time><extensions><gpxtpx:TrackPointExtension><gpxtpx:hr>155</gpxtpx:hr><gpxtpx:cad>85</gpxtpx:cad></gpxtpx:TrackPointExtension></extensions></trkpt>
<trkpt lat="52.3097209" lon="4.8647881"><ele>-0.4</ele><time>2026-03-08T09:25:18Z</time><extensions><gpxtpx:TrackPointExtension><gpxtpx:hr>155</gpxtpx:hr><gpxtpx:cad>86</gpxtpx:cad></gpxtpx:TrackPointExtension></extensions></trkpt>
<trkpt lat="52.3097662" lon="4.8648892"><ele>-0.4</ele><time>2026-03-08T09:25:21Z</time><extensions><gpxtpx:TrackPointExtension><gpxtpx:hr>156</gpxtpx:hr><gpxtpx:cad>84</gpxtpx:cad></gpxtpx:TrackPointExtension></extensions></trkpt>
<trkpt lat="52.3097987" lon="4.8650188"><ele>-0.4</ele><time>2026-03-08T09:25:24Z</time><extensions><gpxtpx:TrackPointExtension><gpxtpx:hr>156</gpxtpx:hr><gpxtpx:cad>85</gpxtpx:cad></gpxtpx:TrackPointExtension></extensions></trkpt>
<trkpt lat="52.3098476" lon="4.8651421"><ele>-0.4</ele><time>2026-03-08T09:25:27Z</time><extensions><gpxtpx:TrackPointExtension><gpxtpx:hr>156</gpxtpx:hr><gpxtpx:cad>84</gpxtpx:cad></gpxtpx:TrackPointExtension></extensions></trkpt>
<trkpt lat="52.3098722" lon="4.8652249"><ele>-0.4</ele><time>2026-03-08T09:25:30Z</time><extensions><gpxtpx:TrackPointExtension><gpxtpx:hr>156</gpxtpx:hr><gpxtpx:cad>85</gpxtpx:cad></gpxtpx:TrackPointExtension></extensions></trkpt>
<trkpt lat="52.3099322" lon="4.8653590"><ele>-0.3</ele><time>2026-03-08T09:25:33Z</time><extensions><gpxtpx:TrackPointExtension><gpxtpx:hr>156</gpxtpx:hr><gpxtpx:cad>85</gpxtpx:cad></gpxtpx:TrackPointExtension></extensions></trkpt>
<trkpt lat="52.3099602" lon="4.8654742"><ele>-0.3</ele><time>2026-03-08T09:25:36Z</time><extensions><gpxtpx:TrackPointExtension><gpxtpx:hr>157</gpxtpx:hr><gpxtpx:cad>84</gpxtpx:cad></gpxtpx:TrackPointExtension></extensions></trkpt>
<trkpt lat="52.3100161" lon="4.8655748"><ele>-0.3</ele><time>2026-03-08T09:25:39Z</time><extensions><gpxtpx:TrackPointExtension><gpxtpx:hr>157</gpxtpx:hr><gpxtpx:cad>86</gpxtpx:cad></gpxtpx:TrackPointExtension></extensions></trkpt>
<trkpt lat="52.3100479" lon="4.8657090"><ele>-0.3</ele><time>2026-03-08T09:25:42Z</time><extensions><gpxtpx:TrackPointExtension><gpxtpx:hr>156</gpxtpx:hr><gpxtpx:cad>85</gpxtpx:cad></gpxtpx:TrackPointExtension></extensions></trkpt>
<trkpt lat="52.3100851" lon="4.8658111"><ele>-0.3</ele><time>2026-03-08T09:25:45Z</time><extensions><gpxtpx:TrackPointExtension><gpxtpx:hr>156</gpxtpx:hr><gpxtpx:cad>85</gpxtpx:cad></gpxtpx:TrackPointExtension></extensions></trkpt>
<trkpt lat="52.3101421" lon="4.8659183"><ele>-0.3</ele><time>2026-03-08T09:25:48Z</time><extensions><gpxtpx:TrackPointExtension><gpxtpx:hr>156</gpxtpx:hr><gpxtpx:cad>86</gpxtpx:cad></gpxtpx:TrackPointExtension></extensions></trkpt>
<trkpt lat="52.3101777" lon="4.8660293"><ele>-0.2</ele><time>2026-03-08T09:25:51Z</time><extensions><gpxtpx:TrackPointExtension><gpxtpx:hr>156</gpxtpx:hr><gpxtpx:cad>84</gpxtpx:cad></gpxtpx:TrackPointExtension></extensions></trkpt>
<trkpt lat="52.3102159" lon="4.8661448"><ele>-0.2</ele><time>2026-03-08T09:25:54Z</time><extensions><gpxtpx:TrackPointExtension><gpxtpx:hr>155</gpxtpx:hr><gpxtpx:cad>86</gpxtpx:cad></gpxtpx:TrackPointExtension></extensions></trkpt>
<trkpt lat="52.3102628" lon="4.8662562"><ele>-0.2</ele><time>2026-03-08T09:25:57Z</time><extensions><gpxtpx:TrackPointExtension><gpxtpx:hr>155</gpxtpx:hr><gpxtpx:cad>85</gpxtpx:cad></gpxtpx:TrackPointExtension></extensions></trkpt>
<trkpt lat="52.3102921" lon="4.8663529"><ele>-0.2</ele><time>2026-03-08T09:26:00Z</time><extensions><gpxtpx:TrackPointExtension><gpxtpx:hr>155</gpxtpx:hr><gpxtpx:cad>84</gpxtpx:cad></gpxtpx:TrackPointExtension></extensions></trkpt>
<trkpt lat="52.3103374" lon="4.8664651"><ele>-0.2</ele><time>2026-03-08T09:26:03Z</time><extensions><gpxtpx:TrackPointExtension><gpxtpx:hr>155</gpxtpx:hr><gpxtpx:cad>84</gpxtpx:cad></gpxtpx:TrackPointExtension></extensions></trkpt>
<trkpt lat="52.3103811" lon="4.8665741"><ele>-0.2</ele><time>2026-03-08T09:26:06Z</time><extensions><gpxtpx:TrackPointExtension><gpxtpx:hr>155</gpxtpx:hr><gpxtpx:cad>85</gpxtpx:cad></gpxtpx:TrackPointExtension></extensions></trkpt>
<trkpt lat="52.3104211" lon="4.8667039"><ele>-0.1</ele><time>2026-03-08T09:26:09Z</time><extensions><gpxtpx:TrackPointExtension><gpxtpx:hr>156</gpxtpx:hr><gpxtpx:cad>85</gpxtpx:cad></gpxtpx:TrackPointExtension></extensions></trkpt>
<trkpt lat="52.3104757" lon="4.8668148"><ele>-0.1</ele><time>2026-03-08T09:26:12Z</time><extensions><gpxtpx:TrackPointExtension><gpxtpx:hr>156</gpxtpx:hr><gpxtpx:cad>84</gpxtpx:cad></gpxtpx:TrackPointExtension></extensions></trkpt>
<trkpt lat="52.3105131" lon="4.8669090"><ele>-0.1</ele><time>2026-03-08T09:26:15Z</time><extensions><gpxtpx:TrackPointExtension><gpxtpx:hr>156</gpxtpx:hr><gpxtpx:cad>85</gpxtpx:cad></gpxtpx:TrackPointExtension></extensions></trkpt>
<trkpt lat="52.3105636" lon="4.8670280"><ele>-0.1</ele><time>2026-03-08T09:26:18Z</time><extensions><gpxtpx:TrackPointExtension><gpxtpx:hr>157</gpxtpx:hr><gpxtpx:cad>84</gpxtpx:cad></gpxtpx:TrackPointExtension></extensions></trkpt>
<trkpt lat="52.3106113" lon="4.8671352"><ele>-0.0</ele><time>2026-03-08T09:26:21Z</time><extensions><gpxtpx:TrackPointExtension><gpxtpx:hr>157</gpxtpx:hr><gpxtpx:cad>84</gpxtpx:cad></gpxtpx:TrackPointExtension></extensions></trkpt>
<trkpt lat="52.3106299" lon="4.8672391"><ele>-0.0</ele><time>2026-03-08T09:26:24Z</time><extensions><gpxtpx:TrackPointExtension><gpxtpx:hr>157</gpxtpx:hr><gpxtpx:cad>85</gpxtpx:cad></gpxtpx:TrackPointExtension></extensions></trkpt>
<trkpt lat="52.3106993" lon="4.8673374"><ele>0.0</ele><time>2026-03-08T09:26:27Z</time><extensions><gpxtpx:TrackPointExtension><gpxtpx:hr>157</gpxtpx:hr><gpxtpx:cad>85</gpxtpx:cad></gpxtpx:TrackPointExtension></extensions></trkpt>
<trkpt lat="52.3107386" lon="4.8674415"><ele>0.0</ele><time>2026-03-08T09:26:30Z</time><extensions><gpxtpx:TrackPointExtension><gpxtpx:hr>156</gpxtpx:hr><gpxtpx:cad>85</gpxtpx:cad></gpxtpx:TrackPointExtension></extensions></trkpt>
<trkpt lat="52.3107868" lon="4.8675634"><ele>0.1</ele><time>2026-03-08T09:26:33Z</time><extensions><gpxtpx:TrackPointExtension><gpxtpx:hr>155</gpxtpx:hr><gpxtpx:cad>85</gpxtpx:cad></gpxtpx:TrackPointExtension></extensions></trkpt>
<trkpt lat="52.3108328" lon="4.8676590"><ele>0.1</ele><time>2026-03-08T09:26:36Z</time><extensions><gpxtpx:TrackPointExtension><gpxtpx:hr>155</gpxtpx:hr><gpxtpx:cad>85</gpxtpx:cad></gpxtpx:TrackPointExtension></extensions></trkpt>
<trkpt lat="52.3108746" lon="4.8677788"><ele>0.1</ele><time>2026-03-08T09:26:39Z</time><extensions><gpxtpx:TrackPointExtension><gpxtpx:hr>154</gpxtpx:hr><gpxtpx:cad>84</gpxtpx:cad></gpxtpx:TrackPointExtension></extensions></trkpt>
<trkpt lat="52.3109277" lon="4.8678800"><ele>0.1</ele><time>2026-03-08T09:26:42Z</time><extensions><gpxtpx:TrackPointExtension><gpxtpx:hr>153</gpxtpx:hr><gpxtpx:cad>86</gpxtpx:cad></gpxtpx:TrackPointExtension></extensions></trkpt>
<trkpt lat="52.3109637" lon="4.8679847"><ele>0.2</ele><time>2026-03-08T09:26:45Z</time><extensions><gpxtpx:TrackPointExtension><gpxtpx:hr>153</gpxtpx:hr><gpxtpx:cad>85</gpxtpx:cad></gpxtpx:TrackPointExtension></extensions></trkpt>
<trkpt lat="52.3110098" lon="4.8680911"><ele>0.2</ele><time>2026-03-08T09:26:48Z</time><extensions><gpxtpx:TrackPointExtension><gpxtpx:hr>155</gpxtpx:hr><gpxtpx:cad>85</gpxtpx:cad></gpxtpx:TrackPointExtension></extensions></trkpt>
<trkpt lat="52.3110559" lon="4.8681835"><ele>0.2</ele><time>2026-03-08T09:26:51Z</time><extensions><gpxtpx:TrackPointExtension><gpxtpx:hr>155</gpxtpx:hr><gpxtpx:cad>85</gpxtpx:cad></gpxtpx:TrackPointExtension></extensions></trkpt>
<trkpt lat="52.3111088" lon="4.8683184"><ele>0.2</ele><time>2026-03-08T09:26:54Z</time><extensions><gpxtpx:TrackPointExtension><gpxtpx:hr>155</gpxtpx:hr><gpxtpx:cad>84</gpxtpx:cad></gpxtpx:TrackPointExtension></extensions></trkpt>
<trkpt lat="52.3111471" lon="4.8684167"><ele>0.3</ele><time>2026-03-08T09:26:57Z</time><extensions><gpxtpx:TrackPointExtension><gpxtpx:hr>155</gpxtpx:hr><gpxtpx:cad>85</gpxtpx:cad></gpxtpx:TrackPointExtension></extensions></trkpt>
<trkpt lat="52.3111984" lon="4.8684943"><ele>0.3</ele><time>2026-03-08T09:27:00Z</time><extensions><gpxtpx:TrackPointExtension><gpxtpx:hr>156</gpxtpx:hr><gpxtpx:cad>84</gpxtpx:cad></gpxtpx:TrackPointExtension></extensions></trkpt>
<trkpt lat="52.3112568" lon="4.8685974"><ele>0.3</ele><time>2026-03-08T09:27:03Z</time><extensions><gpxtpx:TrackPointExtension><gpxtpx:hr>155</gpxtpx:hr><gpxtpx:cad>84</gpxtpx:cad></gpxtpx:TrackPointExtension></extensions></trkpt>
<trkpt lat="52.3113077" lon="4.8687073"><ele>0.3</ele><time>2026-03-08T09:27:06Z</time><extensions><gpxtpx:TrackPointExtension><gpxtpx:hr>156</gpxtpx:hr><gpxtpx:cad>85</gpxtpx:cad></gpxtpx:TrackPointExtension></extensions></trkpt>
<trkpt lat="52.3113600" lon="4.8688199"><ele>0.4</ele><time>2026-03-08T09:27:09Z</time><extensions><gpxtpx:TrackPointExtension><gpxtpx:hr>156</gpxtpx:hr><gpxtpx:cad>85</gpxtpx:cad></gpxtpx:TrackPointExtension></extensions></trkpt>
<trkpt lat="52.3114061" lon="4.8688718"><ele>0.4</ele><time>2026-03-08T09:27:12Z</time><extensions><gpxtpx:TrackPointExtension><gpxtpx:hr>156</gpxtpx:hr><gpxtpx:cad>84</gpxtpx:cad></gpxtpx:TrackPointExtension></extensions></trkpt>
<trkpt lat="52.3114434" lon="4.8690178"><ele>0.4</ele><time>2026-03-08T09:27:15Z</time><extensions><gpxtpx:TrackPointExtension><gpxtpx:hr>155</gpxtpx:hr><gpxtpx:cad>85</gpxtpx:cad></gpxtpx:TrackPointExtension></extensions></trkpt>
<trkpt lat="52.3115287" lon="4.8690824"><ele>0.5</ele><time>2026-03-08T09:27:18Z</time><extensions><gpxtpx:TrackPointExtension><gpxtpx:hr>156</gpxtpx:hr><gpxtpx:cad>84</gpxtpx:cad></gpxtpx:TrackPointExtension></extensions></trkpt>
<trkpt lat="52.3115637" lon="4.8692195"><ele>0.5</ele><time>2026-03-08T09:27:21Z</time><extensions><gpxtpx:TrackPointExtension><gpxtpx:hr>157</gpxtpx:hr><gpxtpx:cad>83</gpxtpx:cad></gpxtpx:TrackPointExtension></extensions></trkpt>
<trkpt lat="52.3116183" lon="4.8693030"><ele>0.5</ele><time>2026-03-08T09:27:24Z</time><extensions><gpxtpx:TrackPointExtension><gpxtpx:hr>157</gpxtpx:hr><gpxtpx:cad>84</gpxtpx:cad></gpxtpx:TrackPointExtension></extensions></trkpt>
<trkpt lat="52.3116639" lon="4.8694076"><ele>0.6</ele><time>2026-03-08T09:27:27Z</time><extensions><gpxtpx:TrackPointExtension><gpxtpx:hr>156</gpxtpx:hr><gpxtpx:cad>85</gpxtpx:cad></gpxtpx:TrackPointExtension></extensions></trkpt>
<trkpt lat="52.3117330" lon="4.8694960"><ele>0.6</ele><time>2026-03-08T09:27:30Z</time><extensions><gpxtpx:TrackPointExtension><gpxtpx:hr>157</gpxtpx:hr><gpxtpx:cad>85</gpxtpx:cad></gpxtpx:TrackPointExtension></extensions></trkpt>
<trkpt lat="52.3117866" lon="4.8695949"><ele>0.6</ele><time>2026-03-08T09:27:33Z</time><extensions><gpxtpx:TrackPointExtension><gpxtpx:hr>157</gpxtpx:hr><gpxtpx:cad>86</gpxtpx:cad></gpxtpx:TrackPointExtension></extensions></trkpt>
<trkpt lat="52.3118385" lon="4.8696940"><ele>0.7</ele><time>2026-03-08T09:27:36Z</time><extensions><gpxtpx:TrackPointExtension><gpxtpx:hr>157</gpxtpx:hr><gpxtpx:cad>86</gpxtpx:cad></gpxtpx:TrackPointExtension></extensions></trkpt>
<trkpt lat="52.3118778" lon="4.8697814"><ele>0.7</ele><time>2026-03-08T09:27:39Z</time><extensions><gpxtpx:TrackPointExtension><gpxtpx:hr>157</gpxtpx:hr><gpxtpx:cad>85</gpxtpx:cad></gpxtpx:TrackPointExtension></extensions></trkpt>
<trkpt lat="52.3119412" lon="4.8698659"><ele>0.7</ele><time>2026-03-08T09:27:42Z</time><extensions><gpxtpx:TrackPointExtension><gpxtpx:hr>157</gpxtpx:hr><gpxtpx:cad>83</gpxtpx:cad></gpxtpx:TrackPointExtension></extensions></trkpt>
<trkpt lat="52.3119984" lon="4.8699730"><ele>0.8</ele><time>2026-03-08T09:27:45Z</time><extensions><gpxtpx:TrackPointExtension><gpxtpx:hr>158</gpxtpx:hr><gpxtpx:cad>85</gpxtpx:cad></gpxtpx:TrackPointExtension></extensions></trkpt>
<trkpt lat="52.3120672" lon="4.8700768"><ele>0.8</ele><time>2026-03-08T09:27:48Z</time><extensions><gpxtpx:TrackPointExtension><gpxtpx:hr>158</gpxtpx:hr><gpxtpx:cad>84</gpxtpx:cad></gpxtpx:TrackPointExtension></extensions></trkpt>
<trkpt lat="52.3121056" lon="4.8701362"><ele>0.8</ele><time>2026-03-08T09:27:51Z</time><extensions><gpxtpx:TrackPointExtension><gpxtpx:hr>157</gpxtpx:hr><gpxtpx:cad>84</gpxtpx:cad></gpxtpx:TrackPointExtension></extensions></trkpt>
<trkpt lat="52.3121757" lon="4.8702424"><ele>0.9</ele><time>2026-03-08T09:27:54Z</time><extensions><gpxtpx:TrackPointExtension><gpxtpx:hr>157</gpxtpx:hr><gpxtpx:cad>85</gpxtpx:cad></gpxtpx:TrackPointExtension></extensions></trkpt>
<trkpt lat="52.3122382" lon="4.8703256"><ele>0.9</ele><time>2026-03-08T09:27:57Z</time><extensions><gpxtpx:TrackPointExtension><gpxtpx:hr>157</gpxtpx:hr><gpxtpx:cad>85</gpxtpx:cad></gpxtpx:TrackPointExtension></extensions></trkpt>
<trkpt lat="52.3122826" lon="4.8704202"><ele>0.9</ele><time>2026-03-08T09:28:00Z</time><extensions><gpxtpx:TrackPointExtension><gpxtpx:hr>158</gpxtpx:hr><gpxtpx:cad>84</gpxtpx:cad></gpxtpx:TrackPointExtension></extensions></trkpt>
<trkpt lat="52.3123423" lon="4.8704927"><ele>1.0</ele><time>2026-03-08T09:28:03Z</time><extensions><gpxtpx:TrackPointExtension><gpxtpx:hr>158</gpxtpx:hr><gpxtpx:cad>85</gpxtpx:cad></gpxtpx:TrackPointExtension></extensions></trkpt>
<trkpt lat="52.3124051" lon="4.8706050"><ele>1.0</ele><time>2026-03-08T09:28:06Z</time><extensions><gpxtpx:TrackPointExtension><gpxtpx:hr>158</gpxtpx:hr><gpxtpx:cad>86</gpxtpx:cad></gpxtpx:TrackPointExtension></extensions></trkpt>
<trkpt lat="52.3124537" lon="4.8706777"><ele>1.0</ele><time>2026-03-08T09:28:09Z</time><extensions><gpxtpx:TrackPointExtension><gpxtpx:hr>159</gpxtpx:hr><gpxtpx:cad>85</gpxtpx:cad></gpxtpx:TrackPointExtension></extensions></trkpt>
<trkpt lat="52.3125151" lon="4.8707539"><ele>1.1</ele><time>2026-03-08T09:28:12Z</time><extensions><gpxtpx:TrackPointExtension><gpxtpx:hr>160</gpxtpx:hr><gpxtpx:cad>86</gpxtpx:cad></gpxtpx:TrackPointExtension></extensions></trkpt>
<trkpt lat="52.3125832" lon="4.8708374"><ele>1.1</ele><time>2026-03-08T09:28:15Z</time><extensions><gpxtpx:TrackPointExtension><gpxtpx:hr>160</gpxtpx:hr><gpxtpx:cad>85</gpxtpx:cad></gpxtpx:TrackPointExtension></extensions></trkpt>
<trkpt lat="52.3126593" lon="4.8709441"><ele>1.1</ele><time>2026-03-08T09:28:18Z</time><extensions><gpxtpx:TrackPointExtension><gpxtpx:hr>161</gpxtpx:hr><gpxtpx:cad>86</gpxtpx:cad></gpxtpx:TrackPointExtension></extensions></trkpt>
<trkpt lat="52.3127050" lon="4.8710300"><ele>1.2</ele><time>2026-03-08T09:28:21Z</time><extensions><gpxtpx:TrackPointExtension><gpxtpx:hr>161</gpxtpx:hr><gpxtpx:cad>85</gpxtpx:cad></gpxtpx:TrackPointExtension></extensions></trkpt>
<trkpt lat="52.3127664" lon="4.8711067"><ele>1.2</ele><time>2026-03-08T09:28:24Z</time><extensions><gpxtpx:TrackPointExtension><gpxtpx:hr>160</gpxtpx:hr><gpxtpx:cad>84</gpxtpx:cad></gpxtpx:TrackPointExtension></extensions></trkpt>
<trkpt lat="52.3128308" lon="4.8711732"><ele>1.2</ele><time>2026-03-08T09:28:27Z</time><extensions><gpxtpx:TrackPointExtension><gpxtpx:hr>160</gpxtpx:hr><gpxtpx:cad>85</gpxtpx:cad></gpxtpx:TrackPointExtension></extensions></trkpt>
<trkpt lat="52.3128923" lon="4.8712526"><ele>1.3</ele><time>2026-03-08T09:28:30Z</time><extensions><gpxtpx:TrackPointExtension><gpxtpx:hr>160</gpxtpx:hr><gpxtpx:cad>86</gpxtpx:cad></gpxtpx:TrackPointExtension></extensions></trkpt>
<trkpt lat="52.3129590" lon="4.8713287"><ele>1.3</ele><time>2026-03-08T09:28:33Z</time><extensions><gpxtpx:TrackPointExtension><gpxtpx:hr>161</gpxtpx:hr><gpxtpx:cad>85</gpxtpx:cad></gpxtpx:TrackPointExtension></extensions></trkpt>
<trkpt lat="52.3130143" lon="4.8714110"><ele>1.4</ele><time>2026-03-08T09:28:36Z</time><extensions><gpxtpx:TrackPointExtension><gpxtpx:hr>161</gpxtpx:hr><gpxtpx:cad>84</gpxtpx:cad></gpxtpx:TrackPointExtension></extensions></trkpt>
<trkpt lat="52.3130955" lon="4.8714907"><ele>1.4</ele><time>2026-03-08T09:28:39Z</time><extensions><gpxtpx:TrackPointExtension><gpxtpx:hr>160</gpxtpx:hr><gpxtpx:cad>86</gpxtpx:cad></gpxtpx:TrackPointExtension></extensions></trkpt>
<trkpt lat="52.3131567" lon="4.8715623"><ele>1.4</ele><time>2026-03-08T09:28:42Z</time><extensions><gpxtpx:TrackPointExtension><gpxtpx:hr>159</gpxtpx:hr><gpxtpx:cad>84</gpxtpx:cad></gpxtpx:TrackPointExtension></extensions></trkpt>
<trkpt lat="52.3132118" lon="4.8716215"><ele>1.5</ele><time>2026-03-08T09:28:45Z</time><extensions><gpxtpx:TrackPointExtension><gpxtpx:hr>160</gpxtpx:hr><gpxtpx:cad>85</gpxtpx:cad></gpxtpx:TrackPointExtension></extensions></trkpt>
<trkpt lat="52.3132787" lon="4.8717026"><ele>1.5</ele><time>2026-03-08T09:28:48Z</time><extensions><gpxtpx:TrackPointExtension><gpxtpx:hr>159</gpxtpx:hr><gpxtpx:cad>86</gpxtpx:cad></gpxtpx:TrackPointExtension></extensions></trkpt>
<trkpt lat="52.3133457" lon="4.8717715"><ele>1.5</ele><time>2026-03-08T09:28:51Z</time><extensions><gpxtpx:TrackPointExtension><gpxtpx:hr>160</gpxtpx:hr><gpxtpx:cad>86</gpxtpx:cad></gpxtpx:TrackPointExtension></extensions></trkpt>
<trkpt lat="52.3134200" lon="4.8718498"><ele>1.6</ele><time>2026-03-08T09:28:54Z</time><extensions><gpxtpx:TrackPointExtension><gpxtpx:hr>160</gpxtpx:hr><gpxtpx:cad>83</gpxtpx:cad></gpxtpx:TrackPointExtension></extensions></trkpt>
<trkpt lat="52.3134828" lon="4.8719119"><ele>1.6</ele><time>2026-03-08T09:28:57Z</time><extensions><gpxtpx:TrackPointExtension><gpxtpx:hr>160</gpxtpx:hr><gpxtpx:cad>85</gpxtpx:cad></gpxtpx:TrackPointExtension></extensions></trkpt>
<trkpt lat="52.3135549" lon="4.8719977"><ele>1.6</ele><time>2026-03-08T09:29:00Z</time><extensions><gpxtpx:TrackPointExtension><gpxtpx:hr>160</gpxtpx:hr><gpxtpx:cad>85</gpxtpx:cad></gpxtpx:TrackPointExtension></extensions></trkpt>
<trkpt lat="52.3136256" lon="4.8720368"><ele>1.7</ele><time>2026-03-08T09:29:03Z</time><extensions><gpxtpx:TrackPointExtension><gpxtpx:hr>160</gpxtpx:hr><gpxtpx:cad>85</gpxtpx:cad></gpxtpx:TrackPointExtension></extensions></trkpt>
<trkpt lat="52.3136904" lon="4.8721145"><ele>1.7</ele><time>2026-03-08T09:29:06Z</time><extensions><gpxtpx:TrackPointExtension><gpxtpx:hr>161</gpxtpx:hr><gpxtpx:cad>85</gpxtpx:cad></gpxtpx:TrackPointExtension></extensions></trkpt>
<trkpt lat="52.3137464" lon="4.8721829"><ele>1.8</ele><time>2026-03-08T09:29:09Z</time><extensions><gpxtpx:TrackPointExtension><gpxtpx:hr>161</gpxtpx:hr><gpxtpx:cad>85</gpxtpx:cad></gpxtpx:TrackPointExtension></extensions></trkpt>
<trkpt lat="52.3138276" lon="4.8722384"><ele>1.8</ele><time>2026-03-08T09:29:12Z</time><extensions><gpxtpx:TrackPointExtension><gpxtpx:hr>160</gpxtpx:hr><gpxtpx:cad>85</gpxtpx:cad></gpxtpx:TrackPointExtension></extensions></trkpt>
<trkpt lat="52.3138926" lon="4.8722875"><ele>1.8</ele><time>2026-03-08T09:29:15Z</time><extensions><gpxtpx:TrackPointExtension><gpxtpx:hr>160</gpxtpx:hr><gpxtpx:cad>86</gpxtpx:cad></gpxtpx:TrackPointExtension></extensions></trkpt>
<trkpt lat="52.3139755" lon="4.8723608"><ele>1.9</ele><time>2026-03-08T09:29:18Z</time><extensions><gpxtpx:TrackPointExtension><gpxtpx:hr>161</gpxtpx:hr><gpxtpx:cad>85</gpxtpx:cad></gpxtpx:TrackPointExtension></extensions></trkpt>
<trkpt lat="52.3140293" lon="4.8724199"><ele>1.9</ele><time>2026-03-08T09:29:21Z</time><extensions><gpxtpx:TrackPointExtension><gpxtpx:hr>159</gpxtpx:hr><gpxtpx:cad>86</gpxtpx:cad></gpxtpx:TrackPointExtension></extensions></trkpt>
<trkpt lat="52.3141079" lon="4.8724923"><ele>1.9</ele><time>2026-03-08T09:29:24Z</time><extensions><gpxtpx:TrackPointExtension><gpxtpx:hr>160</gpxtpx:hr><gpxtpx:cad>86</gpxtpx:cad></gpxtpx:TrackPointExtension></extensions></trkpt>
<trkpt lat="52.3142002" lon="4.8725144"><ele>2.0</ele><time>2026-03-08T09:29:27Z</time><extensions><gpxtpx:TrackPointExtension><gpxtpx:hr>160</gpxtpx:hr><gpxtpx:cad>85</gpxtpx:cad></gpxtpx:TrackPointExtension></extensions></trkpt>
<trkpt lat="52.3142565" lon="4.8725850"><ele>2.0</ele><time>2026-03-08T09:29:30Z</time><extensions><gpxtpx:TrackPointExtension><gpxtpx:hr>159</gpxtpx:hr><gpxtpx:cad>86</gpxtpx:cad></gpxtpx:TrackPointExtension></extensions></trkpt>
<trkpt lat="52.3143279" lon="4.8726589"><ele>2.1</ele><time>2026-03-08T09:29:33Z</time><extensions><gpxtpx:TrackPointExtension><gpxtpx:hr>159</gpxtpx:hr><gpxtpx:cad>86</gpxtpx:cad></gpxtpx:TrackPointExtension></extensions></trkpt>
<trkpt lat="52.3143844" lon="4.8726978"><ele>2.1</ele><time>2026-03-08T09:29:36Z</time><extensions><gpxtpx:TrackPointExtension><gpxtpx:hr>159</gpxtpx:hr><gpxtpx:cad>85</gpxtpx:cad></gpxtpx:TrackPointExtension></extensions></trkpt>
<trkpt lat="52.3144702" lon="4.8727436"><ele>2.1</ele><time>2026-03-08T09:29:39Z</time><extensions><gpxtpx:TrackPointExtension><gpxtpx:hr>158</gpxtpx:hr><gpxtpx:cad>85</gpxtpx:cad></gpxtpx:TrackPointExtension></extensions></trkpt>
<trkpt lat="52.3145487" lon="4.8727857"><ele>2.2</ele><time>2026-03-08T09:29:42Z</time><extensions><gpxtpx:TrackPointExtension><gpxtpx:hr>157</gpxtpx:hr><gpxtpx:cad>84</gpxtpx:cad></gpxtpx:TrackPointExtension></extensions></trkpt>
<trkpt lat="52.3146349" lon="4.8728144"><ele>2.2</ele><time>2026-03-08T09:29:45Z</time><extensions><gpxtpx:TrackPointExtension><gpxtpx:hr>158</gpxtpx:hr><gpxtpx:cad>85</gpxtpx:cad></gpxtpx:TrackPointExtension></extensions></trkpt>
<trkpt lat="52.3147064" lon="4.8728785"><ele>2.2</ele><time>2026-03-08T09:29:48Z</time><extensions><gpxtpx:TrackPointExtension><gpxtpx:hr>156</gpxtpx:hr><gpxtpx:cad>85</gpxtpx:cad></gpxtpx:TrackPointExtension></extensions></trkpt>
<trkpt lat="52.3147628" lon="4.8729247"><ele>2.3</ele><time>2026-03-08T09:29:51Z</time><extensions><gpxtpx:TrackPointExtension><gpxtpx:hr>157</gpxtpx:hr><gpxtpx:cad>85</gpxtpx:cad></gpxtpx:TrackPointExtension></extensions></trkpt>
<trkpt lat="52.3148406" lon="4.8729595"><ele>2.3</ele><time>2026-03-08T09:29:54Z</time><extensions><gpxtpx:TrackPointExtension><gpxtpx:hr>157</gpxtpx:hr><gpxtpx:cad>84</gpxtpx:cad></gpxtpx:TrackPointExtension></extensions></trkpt>
<trkpt lat="52.3149215" lon="4.8730229"><ele>2.4</ele><time>2026-03-08T09:29:57Z</time><extensions><gpxtpx:TrackPointExtension><gpxtpx:hr>157</gpxtpx:hr><gpxtpx:cad>85</gpxtpx:cad></gpxtpx:TrackPointExtension></extensions></trkpt>
<trkpt lat="52.3149868" lon="4.8730522"><ele>2.4</ele><time>2026-03-08T09:30:00Z</time><extensions><gpxtpx:TrackPointExtension><gpxtpx:hr>156</gpxtpx:hr><gpxtpx:cad>84</gpxtpx:cad></gpxtpx:TrackPointExtension></extensions></trkpt>
</trkseg></trk></gpx>
